<?xml version="1.0" encoding="UTF-8"?>
<!DOCTYPE why3session SYSTEM "why3session.dtd">
<why3session
 name="challenge1/why3session.xml">
 <prover
  id="alt-ergo"
  name="Alt-Ergo"
  version="0.93"/>
 <prover
  id="coq"
  name="Coq"
  version="8.2pl1"/>
 <prover
  id="coq-realize"
  name="Coq Realize"
  version="8.2pl1"/>
 <prover
  id="cvc3"
  name="CVC3"
  version="2.2"/>
 <prover
  id="eprover"
  name="Eprover"
  version="1.4 Namring"/>
 <prover
  id="gappa"
  name="Gappa"
  version="0.15.1"/>
 <prover
  id="simplify"
  name="Simplify"
  version="1.5.4"/>
 <prover
  id="spass"
  name="Spass"
  version="3.7"/>
 <prover
  id="vampire"
  name="Vampire"
  version="0.6"/>
 <prover
  id="verit"
  name="veriT"
  version="dev"/>
 <prover
  id="yices"
  name="Yices"
  version="1.0.25"/>
 <prover
  id="z3"
  name="Z3"
  version="2.19"/>
 <file
  name="../challenge1.mlw"
  verified="true"
  expanded="true">
  <theory
   name="Jessie_model"
   verified="true"
   expanded="true">
  </theory>
  <theory
   name="WP Jessie_program"
   verified="true"
   expanded="true">
   <goal
    name="WP_parameter _Max_max_ensures_default"
    expl="Method max, default behavior"
    sum="ab44846be8ee37592bdf1bd8f94ad049"
    proved="true"
    expanded="true"
    shape="iainfix =ainteger_of_int32V7ainteger_of_int32V6Niainfix <=ainteger_of_int32aselectV1ashiftV0ainteger_of_int32V7ainteger_of_int32aselectV1ashiftV0ainteger_of_int32V6ainfix <=ainteger_of_int32aselectV1ashiftV0V10amaxainteger_of_int32aselectV1ashiftV0ainteger_of_int32V9ainteger_of_int32aselectV1ashiftV0ainteger_of_int32V6Iainfix <V10ainfix +aoffset_maxV2V0c1Aainfix <ainteger_of_int32V6V10Oainfix <V10ainteger_of_int32V9Aainfix <=c0V10FAainfix <ainteger_of_int32V6ainfix +aoffset_maxV2V0c1Aainfix <=ainteger_of_int32V9ainteger_of_int32V6Aainfix <=c0ainteger_of_int32V9Iainfix =V9V8FIainfix =ainteger_of_int32V8ainfix +ainteger_of_int32V7c1Fainfix <=ainteger_of_int32aselectV1ashiftV0V13amaxainteger_of_int32aselectV1ashiftV0ainteger_of_int32V7ainteger_of_int32aselectV1ashiftV0ainteger_of_int32V12Iainfix <V13ainfix +aoffset_maxV2V0c1Aainfix <ainteger_of_int32V12V13Oainfix <V13ainteger_of_int32V7Aainfix <=c0V13FAainfix <ainteger_of_int32V12ainfix +aoffset_maxV2V0c1Aainfix <=ainteger_of_int32V7ainteger_of_int32V12Aainfix <=c0ainteger_of_int32V7Iainfix =V12V11FIainfix =ainteger_of_int32V11ainfix -ainteger_of_int32V6c1Fainfix <=ainteger_of_int32aselectV1ashiftV0V15ainteger_of_int32aselectV1ashiftV0ainteger_of_int32V14Iainfix <V15ainfix +aoffset_maxV2V0c1Aainfix <=c0V15FAainfix <ainteger_of_int32V14ainfix +aoffset_maxV2V0c1Aainfix <=c0ainteger_of_int32V14Iainfix =V14V7FIainfix <=ainteger_of_int32aselectV1ashiftV0V16amaxainteger_of_int32aselectV1ashiftV0ainteger_of_int32V7ainteger_of_int32aselectV1ashiftV0ainteger_of_int32V6Iainfix <V16ainfix +aoffset_maxV2V0c1Aainfix <ainteger_of_int32V6V16Oainfix <V16ainteger_of_int32V7Aainfix <=c0V16FAainfix <ainteger_of_int32V6ainfix +aoffset_maxV2V0c1Aainfix <=ainteger_of_int32V7ainteger_of_int32V6Aainfix <=c0ainteger_of_int32V7FFAainfix <=ainteger_of_int32aselectV1ashiftV0V17amaxainteger_of_int32aselectV1ashiftV0ainteger_of_int32V3ainteger_of_int32aselectV1ashiftV0ainteger_of_int32V5Iainfix <V17ainfix +aoffset_maxV2V0c1Aainfix <ainteger_of_int32V5V17Oainfix <V17ainteger_of_int32V3Aainfix <=c0V17FAainfix <ainteger_of_int32V5ainfix +aoffset_maxV2V0c1Aainfix <=ainteger_of_int32V3ainteger_of_int32V5Aainfix <=c0ainteger_of_int32V3Iainfix =ainteger_of_int32V5ainfix -V4c1FIainfix =V4ainfix +aoffset_maxV2V0c1Aainfix >=V4c0Aainfix <=V4c2147483647FIainfix =ainteger_of_int32V3c0FIainfix >ainfix +aoffset_maxV2V0c1c0Aaleft_valid_struct_intMV0c0V2FFF">
    <proof
     prover="cvc3"
     timelimit="10"
     edited=""
     obsolete="false">
     <result status="valid" time="3.25"/>
    </proof>
    <proof
     prover="z3"
     timelimit="10"
     edited=""
     obsolete="false">
     <result status="valid" time="2.20"/>
    </proof>
    <proof
     prover="yices"
     timelimit="10"
     edited=""
     obsolete="false">
     <result status="valid" time="0.12"/>
    </proof>
   </goal>
   <goal
    name="WP_parameter _Max_max_safety"
    expl="index bounds"
    sum="15d22682303de1acd42a7701d5959d54"
    proved="true"
    expanded="true"
    shape="iainfix <=ainteger_of_int32aselectV1ashiftV0ainteger_of_int32V7ainteger_of_int32aselectV1ashiftV0ainteger_of_int32V6ainfix <ainfix -ainteger_of_int32V6ainteger_of_int32V9ainfix -ainteger_of_int32V6ainteger_of_int32V7Aainfix <=c0ainfix -ainteger_of_int32V6ainteger_of_int32V7Iainfix =V9V8FIainfix =ainteger_of_int32V8ainfix +ainteger_of_int32V7c1FAainfix <=ainfix +ainteger_of_int32V7c1c2147483647Aainfix <=aprefix -c2147483648ainfix +ainteger_of_int32V7c1ainfix <ainfix -ainteger_of_int32V11ainteger_of_int32V7ainfix -ainteger_of_int32V6ainteger_of_int32V7Aainfix <=c0ainfix -ainteger_of_int32V6ainteger_of_int32V7Iainfix =V11V10FIainfix =ainteger_of_int32V10ainfix -ainteger_of_int32V6c1FAainfix <=ainfix -ainteger_of_int32V6c1c2147483647Aainfix <=aprefix -c2147483648ainfix -ainteger_of_int32V6c1Aainfix <=ainteger_of_int32V6aoffset_maxV2V0Aainfix <=aoffset_minV2V0ainteger_of_int32V6Aainfix <=ainteger_of_int32V7aoffset_maxV2V0Aainfix <=aoffset_minV2V0ainteger_of_int32V7Iainfix =ainteger_of_int32V7ainteger_of_int32V6NIainfix <=ainteger_of_int32aselectV1ashiftV0V12amaxainteger_of_int32aselectV1ashiftV0ainteger_of_int32V7ainteger_of_int32aselectV1ashiftV0ainteger_of_int32V6Iainfix <V12ainfix +aoffset_maxV2V0c1Aainfix <ainteger_of_int32V6V12Oainfix <V12ainteger_of_int32V7Aainfix <=c0V12FAainfix <ainteger_of_int32V6ainfix +aoffset_maxV2V0c1Aainfix <=ainteger_of_int32V7ainteger_of_int32V6Aainfix <=c0ainteger_of_int32V7FFIainfix =ainteger_of_int32V5ainfix -V4c1FAainfix <=ainfix -V4c1c2147483647Aainfix <=aprefix -c2147483648ainfix -V4c1Iainfix =V4ainfix +aoffset_maxV2V0c1Aainfix >=V4c0Aainfix <=V4c2147483647FAainfix >=aoffset_maxV2V0aprefix -c1Iainfix =ainteger_of_int32V3c0FIainfix >ainfix +aoffset_maxV2V0c1c0Aaleft_valid_struct_intMV0c0V2FFF">
    <proof
     prover="alt-ergo"
     timelimit="10"
     edited=""
     obsolete="false">
     <result status="valid" time="0.08"/>
    </proof>
    <proof
     prover="z3"
     timelimit="10"
     edited=""
     obsolete="false">
     <result status="valid" time="0.08"/>
    </proof>
    <proof
     prover="yices"
     timelimit="10"
     edited=""
     obsolete="false">
     <result status="valid" time="0.11"/>
    </proof>
   </goal>
   <goal
    name="WP_parameter cons_Max_ensures_default"
    expl="Constructor of class Max, default behavior"
    sum="592e29a59b93b4eb138b56cb5e3cafed"
    proved="true"
    expanded="true"
    shape="t">
    <proof
     prover="alt-ergo"
     timelimit="10"
     edited=""
     obsolete="false">
     <result status="valid" time="0.04"/>
    </proof>
    <proof
     prover="z3"
     timelimit="10"
     edited=""
     obsolete="false">
     <result status="valid" time="0.02"/>
    </proof>
    <proof
     prover="vampire"
     timelimit="10"
     edited=""
     obsolete="false">
     <result status="valid" time="0.02"/>
    </proof>
    <proof
     prover="yices"
     timelimit="10"
     edited=""
     obsolete="false">
     <result status="valid" time="0.06"/>
    </proof>
   </goal>
   <goal
    name="WP_parameter cons_Max_safety"
    expl="Constructor of class Max, Safety"
    sum="b0d134e91a61b2e4de521046510a5797"
    proved="true"
    expanded="true"
    shape="t">
    <proof
     prover="alt-ergo"
     timelimit="10"
     edited=""
     obsolete="false">
     <result status="valid" time="0.06"/>
    </proof>
    <proof
     prover="z3"
     timelimit="10"
     edited=""
     obsolete="false">
     <result status="valid" time="0.02"/>
    </proof>
    <proof
     prover="vampire"
     timelimit="10"
     edited=""
     obsolete="false">
     <result status="valid" time="0.02"/>
    </proof>
    <proof
     prover="yices"
     timelimit="10"
     edited=""
     obsolete="false">
     <result status="valid" time="0.06"/>
    </proof>
   </goal>
  </theory>
 </file>
</why3session>
