<?xml version="1.0" encoding="UTF-8"?>
<?xml-stylesheet type="text/xsl" href="../../../../longlemmainfo.xsl"?>
<LONGLEMMAINFO name="max-base"><LEMMAINFO state="axiom"><LEMMANAME>max-base</LEMMANAME><LEMMAGOAL><SEQGOAL><GOALSEQ><SEQ> ⊦ max(branch(leaf, i, leaf)) = i</SEQ></GOALSEQ></SEQGOAL></LEMMAGOAL><LEMMATYPE><AXIOMLEMMA/></LEMMATYPE><USEDLEMMAS><LIST></LIST></USEDLEMMAS><SIDEGOALS><LIST></LIST></SIDEGOALS><MAINGOALS><LIST></LIST></MAINGOALS><USERACTIONS>0</USERACTIONS><PROOFSTEPS>0</PROOFSTEPS><PROVED><F/></PROVED><PROOFEXISTS><F/></PROOFEXISTS><PROOFFILENAME>max-base-proof</PROOFFILENAME><LEMMAPROOFBAG><DUMMY/></LEMMAPROOFBAG><SAVETREE><F/></SAVETREE><INFOFILENAME>max-base-proof-info</INFOFILENAME><LEMMAPROOFINFOBAG><DUMMY/></LEMMAPROOFINFOBAG><SAVEINFOS><F/></SAVEINFOS><PRECHARTS><LIST></LIST></PRECHARTS><EXTRALISLOT2><LIST></LIST></EXTRALISLOT2></LEMMAINFO><VALIDITY>The proof is valid.</VALIDITY><FEATURES><LIST><LE>localsimp</LE></LIST></FEATURES><HISTORY><LIST></LIST></HISTORY><USEDBY><LIST><LE>challenge2</LE><LE>max-in</LE><LE>max-max</LE></LIST></USEDBY><USEDBYUNITS><LIST></LIST></USEDBYUNITS><COMMENT></COMMENT></LONGLEMMAINFO>