<?xml version="1.0" encoding="UTF-8"?>
<?xml-stylesheet type="text/xsl" href="../../../../proofnode.xsl"?>
<PROOFNODE proofname="challenge3" previous="11"><NUM>10</NUM><TYPE>step</TYPE><INFO>User applied rule insert lemma</INFO><SEQ>〈FINDDUP#(ar; m0, n0)〉 (m0 = m3 ∧ n0 = n3), ar[m] = ar[n], ar[m2] = ar[n2], ar[m3] = ar[n3], m2 ≠ n2, m ≠ n, ar[n2] ≠ ar[n], m3 ≠ n3, n &lt; # ar, 
m &lt; # ar, n2 &lt; # ar, m2 &lt; # ar, m3 &lt; # ar, n3 &lt; # ar
⊦ 
⦉FINDDUPSND#(ar, ar[n3]; m1, n1)⦊ (ar[m1] = ar[n1] ∧ m1 ≠ n1 ∧ m1 &lt; # ar ∧ n1 &lt; # ar ∧ ar[m3] ≠ ar[m1])</SEQ><NEWGOALS><LIST><LE><PAIR><FST>4</FST><SND><SEQ>∃ m, n. ar[m] = ar[n] ∧ m ≠ n ∧ m &lt; # ar ∧ n &lt; # ar ∧ ar[m] ≠ a
⊦ 
⦉FINDDUPSND#(ar, a; m0, n0)⦊ (ar[m0] = ar[n0] ∧ ar[m0] ≠ a ∧ m0 ≠ n0 ∧ m0 &lt; # ar ∧ n0 &lt; # ar)</SEQ></SND></PAIR></LE><LE><PAIR><FST>8</FST><SND><SEQ>〈FINDDUP#(ar; m0, n0)〉 (m0 = m3 ∧ n0 = n3), ar[m] = ar[n], ar[m2] = ar[n2], ar[m3] = ar[n3], m2 ≠ n2, m ≠ n, ar[n2] ≠ ar[n], m3 ≠ n3, n &lt; # ar, 
m &lt; # ar, n2 &lt; # ar, m2 &lt; # ar, m3 &lt; # ar, n3 &lt; # ar, ∀ m, n. ¬ (ar[m] = ar[n] ∧ m ≠ n ∧ m &lt; # ar ∧ n &lt; # ar ∧ ar[m] ≠ ar[n3])
⊦ 
⦉FINDDUPSND#(ar, ar[n3]; m1, n1)⦊ (ar[m1] = ar[n1] ∧ m1 ≠ n1 ∧ m1 &lt; # ar ∧ n1 &lt; # ar ∧ ar[m3] ≠ ar[m1])</SEQ></SND></PAIR></LE><LE><PAIR><FST>9</FST><SND><SEQ>⦉FINDDUPSND#(ar, ar[n3]; m1, n1)⦊ (ar[m1] = ar[n1] ∧ ar[m1] ≠ ar[n3] ∧ m1 ≠ n1 ∧ m1 &lt; # ar ∧ n1 &lt; # ar), 〈FINDDUP#(ar; m0, n0)〉 (m0 = m3 ∧ n0 = n3), 
ar[m] = ar[n], ar[m2] = ar[n2], ar[m3] = ar[n3], m2 ≠ n2, m ≠ n, ar[n2] ≠ ar[n], m3 ≠ n3, n &lt; # ar, m &lt; # ar, n2 &lt; # ar, m2 &lt; # ar, m3 &lt; # ar, 
n3 &lt; # ar
⊦ 
⦉FINDDUPSND#(ar, ar[n3]; m1, n1)⦊ (ar[m1] = ar[n1] ∧ m1 ≠ n1 ∧ m1 &lt; # ar ∧ n1 &lt; # ar ∧ ar[m3] ≠ ar[m1])</SEQ></SND></PAIR></LE></LIST></NEWGOALS><RULEARGS>[x0lemmaarg: spec-name: 
instance-name: 
lemma-name: challenge3b
antecedent: ∃ m, n. 
             ar[m] = ar[n] ∧ m ≠ n ∧ m &lt; # ar ∧ n &lt; # ar ∧ ar[m] ≠ a
succedent: ⦉FINDDUPSND#(ar, a; m0, n0)⦊ 
               (  ar[m0] = ar[n0] ∧ ar[m0] ≠ a ∧ m0 ≠ n0 ∧ m0 &lt; # ar
                ∧ n0 &lt; # ar)
substlist: [ar, a, m0, n0] → [ar, ar[n3], m1, n1]
add preconditions?: F
is rewrite lemma?: F
current spec?: T
rotate lemma?: F
replace all?: F
paths: ()
dummy: ()
]</RULEARGS><EXTRAS>[[CONCRETESIMPRULES : ()], [EXTRATERMS : (ar, ar[n3], m1, n1)]]</EXTRAS></PROOFNODE>