<?xml version="1.0" encoding="UTF-8"?>
<?xml-stylesheet type="text/xsl" href="../../../../proofnode.xsl"?>
<PROOFNODE proofname="challenge3" previous="14"><NUM>13</NUM><TYPE>step</TYPE><INFO>User applied rule insert lemma</INFO><SEQ>ar[m] = ar[n], ar[m2] = ar[n2], m2 ≠ n2, m ≠ n, ar[n2] ≠ ar[n], n &lt; # ar, m &lt; # ar, n2 &lt; # ar, m2 &lt; # ar
⊦ 
⦉FINDDUP#(ar; m0, n0)⦊ 
    ⦉FINDDUPSND#(ar, ar[m0]; m1, n1)⦊ 
        (ar[m0] = ar[n0] ∧ m0 ≠ n0 ∧ m0 &lt; # ar ∧ n0 &lt; # ar ∧ ar[m1] = ar[n1] ∧ m1 ≠ n1 ∧ m1 &lt; # ar ∧ n1 &lt; # ar ∧ ar[m0] ≠ ar[m1])</SEQ><NEWGOALS><LIST><LE><PAIR><FST>1</FST><SND><SEQ>∃ m, n. ar[m] = ar[n] ∧ m ≠ n ∧ m &lt; # ar ∧ n &lt; # ar ⊦ ⦉FINDDUP#(ar; m0, n0)⦊ (ar[m0] = ar[n0] ∧ m0 ≠ n0 ∧ m0 &lt; # ar ∧ n0 &lt; # ar)</SEQ></SND></PAIR></LE><LE><PAIR><FST>3</FST><SND><SEQ>ar[m] = ar[n], ar[m2] = ar[n2], m2 ≠ n2, m ≠ n, ar[n2] ≠ ar[n], n &lt; # ar, m &lt; # ar, n2 &lt; # ar, m2 &lt; # ar, 
∀ m, n. ¬ (ar[m] = ar[n] ∧ m ≠ n ∧ m &lt; # ar ∧ n &lt; # ar)
⊦ 
⦉FINDDUP#(ar; m0, n0)⦊ 
    ⦉FINDDUPSND#(ar, ar[m0]; m1, n1)⦊ 
        (ar[m0] = ar[n0] ∧ m0 ≠ n0 ∧ m0 &lt; # ar ∧ n0 &lt; # ar ∧ ar[m1] = ar[n1] ∧ m1 ≠ n1 ∧ m1 &lt; # ar ∧ n1 &lt; # ar ∧ ar[m0] ≠ ar[m1])</SEQ></SND></PAIR></LE><LE><PAIR><FST>12</FST><SND><SEQ>⦉FINDDUP#(ar; m0, n0)⦊ (ar[m0] = ar[n0] ∧ m0 ≠ n0 ∧ m0 &lt; # ar ∧ n0 &lt; # ar), ar[m] = ar[n], ar[m2] = ar[n2], m2 ≠ n2, m ≠ n, ar[n2] ≠ ar[n], n &lt; # ar, 
m &lt; # ar, n2 &lt; # ar, m2 &lt; # ar
⊦ 
⦉FINDDUP#(ar; m0, n0)⦊ 
    ⦉FINDDUPSND#(ar, ar[m0]; m1, n1)⦊ 
        (ar[m0] = ar[n0] ∧ m0 ≠ n0 ∧ m0 &lt; # ar ∧ n0 &lt; # ar ∧ ar[m1] = ar[n1] ∧ m1 ≠ n1 ∧ m1 &lt; # ar ∧ n1 &lt; # ar ∧ ar[m0] ≠ ar[m1])</SEQ></SND></PAIR></LE></LIST></NEWGOALS><RULEARGS>[x0lemmaarg: spec-name: 
instance-name: 
lemma-name: challenge3a
antecedent: ∃ m, n. ar[m] = ar[n] ∧ m ≠ n ∧ m &lt; # ar ∧ n &lt; # ar
succedent: ⦉FINDDUP#(ar; m0, n0)⦊ 
               (ar[m0] = ar[n0] ∧ m0 ≠ n0 ∧ m0 &lt; # ar ∧ n0 &lt; # ar)
substlist: [ar, m0, n0] → [ar, m0, n0]
add preconditions?: F
is rewrite lemma?: F
current spec?: T
rotate lemma?: F
replace all?: F
paths: ()
dummy: ()
]</RULEARGS><EXTRAS>[[CONCRETESIMPRULES : ()], [EXTRATERMS : (ar, m0, n0)]]</EXTRAS></PROOFNODE>