<?xml version="1.0" encoding="UTF-8"?>
<?xml-stylesheet type="text/xsl" href="../../../../proofnode.xsl"?>
<PROOFNODE proofname="challenge3" previous="3"><NUM>2</NUM><TYPE>step</TYPE><INFO>Heuristic quantifier closing applied rule all left</INFO><SEQ>ar[m] = ar[n], ar[m2] = ar[n2], m2 ≠ n2, m ≠ n, ar[n2] ≠ ar[n], n &lt; # ar, m &lt; # ar, n2 &lt; # ar, m2 &lt; # ar, 
∀ m3, n3. ar[m3] ≠ ar[n3] ∨ m3 = n3 ∨ ¬ m3 &lt; # ar ∨ ¬ n3 &lt; # ar
⊦ 
⦉FINDDUP#(ar; m0, n0)⦊ 
    ⦉FINDDUPSND#(ar, ar[m0]; m1, n1)⦊ 
        (ar[m0] = ar[n0] ∧ m0 ≠ n0 ∧ m0 &lt; # ar ∧ n0 &lt; # ar ∧ ar[m1] = ar[n1] ∧ m1 ≠ n1 ∧ m1 &lt; # ar ∧ n1 &lt; # ar ∧ ar[m0] ≠ ar[m1])</SEQ><NEWGOALS><LIST></LIST></NEWGOALS><RULEARGS>[EXRARG : pos: left 10, [QUANTTERMLIST : (m2, n2)]]</RULEARGS><EXTRAS>[[CONCRETESIMPRULES : ()], [EXTRATERMS : (m2, n2)]]</EXTRAS></PROOFNODE>