<?xml version="1.0" encoding="UTF-8"?>
<?xml-stylesheet type="text/xsl" href="../../../../proofnode.xsl"?>
<PROOFNODE proofname="challenge3" previous="8"><NUM>7</NUM><TYPE>step</TYPE><INFO>User applied rule all left</INFO><SEQ>〈FINDDUP#(ar; m0, n0)〉 (m0 = m3 ∧ n0 = n3), ar[m] = ar[n], ar[m2] = ar[n2], ar[m3] = ar[n3], m2 ≠ n2, m ≠ n, ar[n2] ≠ ar[n], m3 ≠ n3, n &lt; # ar, 
m &lt; # ar, n2 &lt; # ar, m2 &lt; # ar, m3 &lt; # ar, n3 &lt; # ar, ∀ m4, n4. ar[m4] ≠ ar[n4] ∨ m4 = n4 ∨ ¬ m4 &lt; # ar ∨ ¬ n4 &lt; # ar ∨ ar[m4] = ar[n3]
⊦ 
⦉FINDDUPSND#(ar, ar[n3]; m1, n1)⦊ (ar[m1] = ar[n1] ∧ m1 ≠ n1 ∧ m1 &lt; # ar ∧ n1 &lt; # ar ∧ ar[m3] ≠ ar[m1])</SEQ><NEWGOALS><LIST><LE><PAIR><FST>6</FST><SND><SEQ>〈FINDDUP#(ar; m0, n0)〉 (m0 = m3 ∧ n0 = n3), ar[m] = ar[n], ar[m2] = ar[n2], ar[m3] = ar[n3], m2 ≠ n2, m ≠ n, ar[n2] ≠ ar[n], m3 ≠ n3, n &lt; # ar, 
m &lt; # ar, n2 &lt; # ar, m2 &lt; # ar, m3 &lt; # ar, n3 &lt; # ar, ar[m2] ≠ ar[n2] ∨ m2 = n2 ∨ ¬ m2 &lt; # ar ∨ ¬ n2 &lt; # ar ∨ ar[m2] = ar[n3], 
∀ m4, n4. ar[m4] ≠ ar[n4] ∨ m4 = n4 ∨ ¬ m4 &lt; # ar ∨ ¬ n4 &lt; # ar ∨ ar[m4] = ar[n3]
⊦ 
⦉FINDDUPSND#(ar, ar[n3]; m1, n1)⦊ (ar[m1] = ar[n1] ∧ m1 ≠ n1 ∧ m1 &lt; # ar ∧ n1 &lt; # ar ∧ ar[m3] ≠ ar[m1])</SEQ></SND></PAIR></LE></LIST></NEWGOALS><RULEARGS>[EXRARG : pos: left 15, 
          [extquanttermlist: (m2, n2)abort:F, discard:F, computed:T]]</RULEARGS><EXTRAS>[[CONCRETESIMPRULES : ()], [EXTRATERMS : (m2, n2)]]</EXTRAS></PROOFNODE>