<?xml version="1.0" encoding="UTF-8"?>
<?xml-stylesheet type="text/xsl" href="../../../../proofnode.xsl"?>
<PROOFNODE proofname="challenge3" previous="10"><NUM>9</NUM><TYPE>step</TYPE><INFO>Heuristic contract and execute applied rule execute call</INFO><SEQ>⦉FINDDUPSND#(ar, ar[n3]; m1, n1)⦊ (ar[m1] = ar[n1] ∧ ar[m1] ≠ ar[n3] ∧ m1 ≠ n1 ∧ m1 &lt; # ar ∧ n1 &lt; # ar), 〈FINDDUP#(ar; m0, n0)〉 (m0 = m3 ∧ n0 = n3), 
ar[m] = ar[n], ar[m2] = ar[n2], ar[m3] = ar[n3], m2 ≠ n2, m ≠ n, ar[n2] ≠ ar[n], m3 ≠ n3, n &lt; # ar, m &lt; # ar, n2 &lt; # ar, m2 &lt; # ar, m3 &lt; # ar, 
n3 &lt; # ar
⊦ 
⦉FINDDUPSND#(ar, ar[n3]; m1, n1)⦊ (ar[m1] = ar[n1] ∧ m1 ≠ n1 ∧ m1 &lt; # ar ∧ n1 &lt; # ar ∧ ar[m3] ≠ ar[m1])</SEQ><NEWGOALS><LIST></LIST></NEWGOALS><RULEARGS>[fmaposlist-arg: (pos: left 1, pos: right 1)]</RULEARGS><EXTRAS>[[CONCRETESIMPRULES : ()]]</EXTRAS></PROOFNODE>