<?xml version="1.0" encoding="UTF-8"?>
<?xml-stylesheet type="text/xsl" href="../../../../longlemmainfo.xsl"?>
<LONGLEMMAINFO name="challenge3"><LEMMAINFO state="proved"><LEMMANAME>challenge3</LEMMANAME><LEMMAGOAL><SEQGOAL><GOALSEQ><SEQ>∃ m, n, m0, n0. ar[m] = ar[n] ∧ m ≠ n ∧ m &lt; # ar ∧ n &lt; # ar ∧ ar[m0] = ar[n0] ∧ m0 ≠ n0 ∧ m0 &lt; # ar ∧ n0 &lt; # ar ∧ ar[m] ≠ ar[m0]
⊦ 
⦉FINDDUP#(ar; m0, n0)⦊ 
    ⦉FINDDUPSND#(ar, ar[m0]; m1, n1)⦊ 
        (ar[m0] = ar[n0] ∧ m0 ≠ n0 ∧ m0 &lt; # ar ∧ n0 &lt; # ar ∧ ar[m1] = ar[n1] ∧ m1 ≠ n1 ∧ m1 &lt; # ar ∧ n1 &lt; # ar ∧ ar[m0] ≠ ar[m1])</SEQ></GOALSEQ></SEQGOAL></LEMMAGOAL><LEMMATYPE><USERLEMMA/></LEMMATYPE><USEDLEMMAS><LIST><LE>challenge3b</LE><LE>challenge3a</LE></LIST></USEDLEMMAS><SIDEGOALS><LIST></LIST></SIDEGOALS><MAINGOALS><LIST></LIST></MAINGOALS><USERACTIONS>4</USERACTIONS><PROOFSTEPS>12</PROOFSTEPS><PROVED><T/></PROVED><PROOFEXISTS><T/></PROOFEXISTS><PROOFFILENAME>challenge3-proof</PROOFFILENAME><LEMMAPROOFBAG><DUMMY/></LEMMAPROOFBAG><SAVETREE><F/></SAVETREE><INFOFILENAME>challenge3-proof-info</INFOFILENAME><LEMMAPROOFINFOBAG><DUMMY/></LEMMAPROOFINFOBAG><SAVEINFOS><F/></SAVEINFOS><PRECHARTS><LIST></LIST></PRECHARTS><EXTRALISLOT2><LIST></LIST></EXTRALISLOT2></LEMMAINFO><VALIDITY>The proof is valid.</VALIDITY><FEATURES><LIST></LIST></FEATURES><HISTORY><LIST></LIST></HISTORY><USEDBY><LIST></LIST></USEDBY><USEDBYUNITS><LIST></LIST></USEDBYUNITS><COMMENT></COMMENT><USED_SPECLEMS></USED_SPECLEMS><USED_SIMPRULES><USED_SEQ><SPECNAME><HTMLLINK><HTMLTARGET>../../../../../lib/basic/specs/nat-basic1/export/unit.xml</HTMLTARGET><HTMLSTRING>nat-basic1</HTMLSTRING></HTMLLINK></SPECNAME><INSTNAME></INSTNAME><LEMNAME><HTMLLINK><HTMLTARGET>../../../../../lib/basic/specs/nat-basic1/export/f/longlemmainfo.xml</HTMLTARGET><HTMLSTRING>f</HTMLSTRING></HTMLLINK></LEMNAME></USED_SEQ></USED_SIMPRULES></LONGLEMMAINFO>