<?xml version="1.0" encoding="UTF-8"?>
<?xml-stylesheet type="text/xsl" href="../../../../proofnode.xsl"?>
<PROOFNODE proofname="challenge1" previous="11"><NUM>10</NUM><TYPE>step</TYPE><INFO>Heuristic quantifier applied rule all left</INFO><SEQ>ar[n] = ar[n0], ar[n0] = max(ar, 0, # ar), n + 1 &lt; # ar, n2 + n + 1 &lt; # ar, n &lt; # ar, n0 &lt; # ar, ar[n0] ≤ ar[n2 + n + 1], 
∀ n0. n0 &lt; # ar → ar[n0] ≤ ar[n], ∀ n1. n1 ≤ n ∨ ¬ n1 ≤ n2 + n + 1 ∨ ar[n1] ≠ ar[n0]
⊦ 
</SEQ><NEWGOALS><LIST><LE><PAIR><FST>9</FST><SND><SEQ>ar[n] = ar[n0], ar[n0] = max(ar, 0, # ar), n + 1 &lt; # ar, n2 + n + 1 &lt; # ar, n &lt; # ar, n0 &lt; # ar, ar[n0] ≤ ar[n2 + n + 1], 
∀ n0. n0 &lt; # ar → ar[n0] ≤ ar[n], n2 + n + 1 ≤ n ∨ ¬ n2 + n + 1 ≤ n2 + n + 1 ∨ ar[n2 + n + 1] ≠ ar[n0], 
∀ n1. n1 ≤ n ∨ ¬ n1 ≤ n2 + n + 1 ∨ ar[n1] ≠ ar[n0]
⊦ 
</SEQ></SND></PAIR></LE></LIST></NEWGOALS><RULEARGS>[EXRARG : pos: left 9, [QUANTTERMLIST : (n2 + n + 1)]]</RULEARGS><EXTRAS>[[CONCRETESIMPRULES : ()], [EXTRATERMS : (n2 + n + 1)]]</EXTRAS></PROOFNODE>