<?xml version="1.0" encoding="UTF-8"?>
<?xml-stylesheet type="text/xsl" href="../../../../proofnode.xsl"?>
<PROOFNODE proofname="challenge1" previous="14"><NUM>13</NUM><TYPE>step</TYPE><INFO>Heuristic simplifier applied rule simplifier</INFO><SEQ>ar[n0] = max(ar, 0, # ar), ar[n] = ar[n0], ar[m2] ≤ ar[n2 + m2 + 1], n0 &lt; # ar, m2 &lt; # ar, n &lt; # ar, n2 + m2 + 1 &lt; # ar, m2 ≤ n, n ≤ n2 + m2 + 1, 
m2 + 1 &lt; # ar, n ≤ m2 ∨ ¬ n ≤ n2 + m2 + 1 ∨ ar[n] ≠ ar[n0], ∀ n1. n1 ≤ m2 ∨ ¬ n1 ≤ n2 + m2 + 1 ∨ ar[n1] ≠ ar[n0], ∀ n0. n0 &lt; # ar → ar[n0] ≤ ar[n]
⊦ 
</SEQ><NEWGOALS><LIST><LE><PAIR><FST>12</FST><SND><SEQ>ar[n] = ar[n0], ar[n0] = max(ar, 0, # ar), n + 1 &lt; # ar, n2 + n + 1 &lt; # ar, n &lt; # ar, n0 &lt; # ar, ar[n0] ≤ ar[n2 + n + 1], 
∀ n0. n0 &lt; # ar → ar[n0] ≤ ar[n], ∀ n1. n1 ≤ n ∨ ¬ n1 ≤ n2 + n + 1 ∨ ar[n1] ≠ ar[n0]
⊦ 
</SEQ></SND></PAIR></LE></LIST></NEWGOALS><RULEARGS>[emptyarg]</RULEARGS><EXTRAS>[[CONCRETESIMPRULES : ([CSIMPSEQ :  ⊦ m ≤ m], 
                       [CSIMPSEQ :  ⊦ m ≤ m + n], 
                       [CSIMPSEQ :  ⊦ m + n = n + m], 
                       [CSIMPSEQ :  ⊦ (m + n0) + n1 = m + n0 + n1], 
                       [CSIMPSEQ :  ⊦ m ≤ n → (n ≤ m ↔ m = n)])]]</EXTRAS></PROOFNODE>