<?xml version="1.0" encoding="UTF-8"?>
<?xml-stylesheet type="text/xsl" href="../../../../proofnode.xsl"?>
<PROOFNODE proofname="challenge1" previous="15"><NUM>14</NUM><TYPE>step</TYPE><INFO>Heuristic quantifier applied rule all left</INFO><SEQ>ar[n0] = max(ar, 0, # ar), ar[n] = ar[n0], ar[m2] ≤ ar[n2 + m2 + 1], n0 &lt; # ar, m2 &lt; # ar, n &lt; # ar, n2 + m2 + 1 &lt; # ar, m2 ≤ n, n ≤ n2 + m2 + 1, 
m2 + 1 &lt; # ar, ∀ n1. n1 ≤ m2 ∨ ¬ n1 ≤ n2 + m2 + 1 ∨ ar[n1] ≠ ar[n0], ∀ n0. n0 &lt; # ar → ar[n0] ≤ ar[n]
⊦ 
</SEQ><NEWGOALS><LIST><LE><PAIR><FST>13</FST><SND><SEQ>ar[n0] = max(ar, 0, # ar), ar[n] = ar[n0], ar[m2] ≤ ar[n2 + m2 + 1], n0 &lt; # ar, m2 &lt; # ar, n &lt; # ar, n2 + m2 + 1 &lt; # ar, m2 ≤ n, n ≤ n2 + m2 + 1, 
m2 + 1 &lt; # ar, n ≤ m2 ∨ ¬ n ≤ n2 + m2 + 1 ∨ ar[n] ≠ ar[n0], ∀ n1. n1 ≤ m2 ∨ ¬ n1 ≤ n2 + m2 + 1 ∨ ar[n1] ≠ ar[n0], ∀ n0. n0 &lt; # ar → ar[n0] ≤ ar[n]
⊦ 
</SEQ></SND></PAIR></LE></LIST></NEWGOALS><RULEARGS>[EXRARG : pos: left 11, [QUANTTERMLIST : (n)]]</RULEARGS><EXTRAS>[[CONCRETESIMPRULES : ()], [EXTRATERMS : (n)]]</EXTRAS></PROOFNODE>