<?xml version="1.0" encoding="UTF-8"?>
<?xml-stylesheet type="text/xsl" href="../../../../proofnode.xsl"?>
<PROOFNODE proofname="challenge1" previous="16"><NUM>15</NUM><TYPE>step</TYPE><INFO>Heuristic simplifier applied rule simplifier</INFO><SEQ>m1 = n2 + m2 + 1 ∧ m2 + 1 ≤ m1, ar[n] = ar[n0], ar[n0] = max(ar, 0, # ar), m2 + 1 &lt; # ar, n ≤ m1, m2 ≤ n, m1 &lt; # ar, n &lt; # ar, m2 &lt; m1, m2 &lt; # ar, 
n0 &lt; # ar, ar[m2] ≤ ar[m1], ∀ n0. n0 &lt; # ar → ar[n0] ≤ ar[n], (∀ n1. n1 ≤ m2 ∨ ¬ n1 ≤ m1 ∨ ar[n1] ≠ ar[n0]) ∨ m1 ≤ n2 + m2
⊦ 
m2 = m1</SEQ><NEWGOALS><LIST><LE><PAIR><FST>14</FST><SND><SEQ>ar[n0] = max(ar, 0, # ar), ar[n] = ar[n0], ar[m2] ≤ ar[n2 + m2 + 1], n0 &lt; # ar, m2 &lt; # ar, n &lt; # ar, n2 + m2 + 1 &lt; # ar, m2 ≤ n, n ≤ n2 + m2 + 1, 
m2 + 1 &lt; # ar, ∀ n1. n1 ≤ m2 ∨ ¬ n1 ≤ n2 + m2 + 1 ∨ ar[n1] ≠ ar[n0], ∀ n0. n0 &lt; # ar → ar[n0] ≤ ar[n]
⊦ 
</SEQ></SND></PAIR></LE></LIST></NEWGOALS><RULEARGS>[emptyarg]</RULEARGS><EXTRAS>[[CONCRETESIMPRULES : ([CSIMPFORWARD :  ⊦ n ≤ n0 ∧ n0 ≤ n1 → n ≤ n1], 
                       [CSIMPSEQ :  ⊦ m + m0 ≤ m ↔ m0 = 0], 
                       [CSIMPSEQ :  ⊦ ¬ m + n &lt; m], 
                       [CSIMPSEQ :  ⊦ m &lt; n + 1 ↔ ¬ n &lt; m], 
                       [CSIMPSEQ :  ⊦ m ≤ m + n], 
                       [CSIMPSEQ :  ⊦ m + n ≤ m + n0 ↔ n ≤ n0], 
                       [CSIMPSEQ :  ⊦ m + n = n + m], 
                       [CSIMPSEQ :  ⊦ (m + n0) + n1 = m + n0 + n1], 
                       [CSIMPSEQ :  ⊦ m + 1 ≠ 0], 
                       [CSIMPSEQ :  ⊦ m = m + n ↔ n = 0])]]</EXTRAS></PROOFNODE>