<?xml version="1.0" encoding="UTF-8"?>
<?xml-stylesheet type="text/xsl" href="../../../../proofnode.xsl"?>
<PROOFNODE proofname="challenge1" previous="17"><NUM>16</NUM><TYPE>step</TYPE><INFO>Heuristic elimination applied rule insert elim lemma</INFO><SEQ>ar[n] = ar[n0], ar[n0] = max(ar, 0, # ar), m2 + 1 &lt; # ar, n ≤ m1, m2 ≤ n, m1 &lt; # ar, n &lt; # ar, m2 &lt; m1, m2 &lt; # ar, n0 &lt; # ar, ar[m2] ≤ ar[m1], 
∀ n0. n0 &lt; # ar → ar[n0] ≤ ar[n], (∀ n1. n1 ≤ m2 ∨ ¬ n1 ≤ m1 ∨ ar[n1] ≠ ar[n0]) ∨ m1 ≤ (m1 - m2 + 1) + m2
⊦ 
m2 = m1</SEQ><NEWGOALS><LIST><LE><PAIR><FST>15</FST><SND><SEQ>m1 = n2 + m2 + 1 ∧ m2 + 1 ≤ m1, ar[n] = ar[n0], ar[n0] = max(ar, 0, # ar), m2 + 1 &lt; # ar, n ≤ m1, m2 ≤ n, m1 &lt; # ar, n &lt; # ar, m2 &lt; m1, m2 &lt; # ar, 
n0 &lt; # ar, ar[m2] ≤ ar[m1], ∀ n0. n0 &lt; # ar → ar[n0] ≤ ar[n], (∀ n1. n1 ≤ m2 ∨ ¬ n1 ≤ m1 ∨ ar[n1] ≠ ar[n0]) ∨ m1 ≤ n2 + m2
⊦ 
m2 = m1</SEQ></SND></PAIR></LE></LIST></NEWGOALS><RULEARGS>[x0lemmaarg: spec-name: nat
instance-name: 
lemma-name: elim-sub
antecedent: n ≤ m
succedent: n0 = m - n ↔ m = n0 + n
substlist: [m, n, n0] → [m1, m2 + 1, n2]
add preconditions?: F
is rewrite lemma?: F
current spec?: F
rotate lemma?: T
replace all?: T
paths: ()
dummy: ()
]</RULEARGS><EXTRAS>[[CONCRETESIMPRULES : ([CSIMPSEQ :  ⊦ m + 1 ≤ n ↔ m &lt; n], 
                       [CSIMPSEQ :  ⊦ m ≠ n → (¬ m &lt; n ↔ n &lt; m)], 
                       [CSIMPSEQ :  ⊦ m &lt; n → ¬ n &lt; m], 
                       [CSIMPSEQ :  ⊦ (m + n0) + n1 = m + n0 + n1], 
                       [CSIMPSEQ :  ⊦ m + n = n + m], 
                       [CSIMPELIM : n ≤ m ⊦ n0 = m - n ↔ m = n0 + n])], 
 [EXTRATERMS : (m1, m2 + 1, n2)]]</EXTRAS></PROOFNODE>