<?xml version="1.0" encoding="UTF-8"?>
<?xml-stylesheet type="text/xsl" href="../../../../proofnode.xsl"?>
<PROOFNODE proofname="challenge1" previous="20"><NUM>19</NUM><TYPE>step</TYPE><INFO>Heuristic quantifier closing applied rule all left</INFO><SEQ>ar[m + 1] = ar[n0], ar[n0] = max(ar, 0, # ar), m2 ≤ m + 1, m2 ≤ m, m2 &lt; # ar, n0 &lt; # ar, ar[n0] &lt; ar[m2], m2 + 1 &lt; # ar, m + 1 &lt; # ar, m &lt; # ar, 
∀ n1. ¬ m2 ≤ n1 ∨ m &lt; n1 ∨ ar[n1] ≠ ar[n0], ∀ n0. n0 &lt; # ar → ar[n0] ≤ ar[m + 1]
⊦ 
ar[m] = ar[n0], ar[m2] = ar[n0]</SEQ><NEWGOALS><LIST></LIST></NEWGOALS><RULEARGS>[EXRARG : pos: left 12, [QUANTTERMLIST : (m2)]]</RULEARGS><EXTRAS>[[CONCRETESIMPRULES : ([CSIMPFORWARD :  ⊦ m ≤ n ∧ n &lt; n0 → m &lt; n0], 
                       [CSIMPFORWARD :  ⊦ m &lt; n ∧ n ≤ n0 → m &lt; n0], 
                       [CSIMPSEQ :  ⊦ ¬ n &lt; n])], 
 [EXTRATERMS : (m2)]]</EXTRAS></PROOFNODE>