<?xml version="1.0" encoding="UTF-8"?>
<?xml-stylesheet type="text/xsl" href="../../../../proofnode.xsl"?>
<PROOFNODE proofname="challenge1" previous="3"><NUM>2</NUM><TYPE>step</TYPE><INFO>Heuristic quantifier closing applied rule all left</INFO><SEQ># ar = m + 1, ar[n] = max(ar, 0, m + 1), n ≤ m, ∀ n. ¬ n ≤ m ∨ ar[n] ≠ max(ar, 0, m + 1) ⊦ </SEQ><NEWGOALS><LIST></LIST></NEWGOALS><RULEARGS>[EXRARG : pos: left 4, [QUANTTERMLIST : (n)]]</RULEARGS><EXTRAS>[[CONCRETESIMPRULES : ()], [EXTRATERMS : (n)]]</EXTRAS></PROOFNODE>