<?xml version="1.0" encoding="UTF-8"?>
<?xml-stylesheet type="text/xsl" href="../../../../proofnode.xsl"?>
<PROOFNODE proofname="challenge1" previous="21"><NUM>20</NUM><TYPE>step</TYPE><INFO>Heuristic simplifier applied rule simplifier</INFO><SEQ>ar[n] = ar[n0], ar[n0] = max(ar, 0, # ar), m2 ≤ m, m2 &lt; # ar, n0 &lt; # ar, ar[m + 1] &lt; ar[m2], m2 + 1 &lt; # ar, n ≤ m + 1, m2 ≤ n, m + 1 &lt; # ar, n &lt; # ar, 
¬ m2 ≤ n ∨ m &lt; n ∨ ar[n] ≠ ar[n0], ∀ n1. ¬ m2 ≤ n1 ∨ m &lt; n1 ∨ ar[n1] ≠ ar[n0], ∀ n0. n0 &lt; # ar → ar[n0] ≤ ar[n]
⊦ 
m2 = m + 1, ar[m] = ar[n0], ar[m2] = ar[n0]</SEQ><NEWGOALS><LIST><LE><PAIR><FST>19</FST><SND><SEQ>ar[m + 1] = ar[n0], ar[n0] = max(ar, 0, # ar), m2 ≤ m + 1, m2 ≤ m, m2 &lt; # ar, n0 &lt; # ar, ar[n0] &lt; ar[m2], m2 + 1 &lt; # ar, m + 1 &lt; # ar, m &lt; # ar, 
∀ n1. ¬ m2 ≤ n1 ∨ m &lt; n1 ∨ ar[n1] ≠ ar[n0], ∀ n0. n0 &lt; # ar → ar[n0] ≤ ar[m + 1]
⊦ 
ar[m] = ar[n0], ar[m2] = ar[n0]</SEQ></SND></PAIR></LE></LIST></NEWGOALS><RULEARGS>[emptyarg]</RULEARGS><EXTRAS>[[CONCRETESIMPRULES : ([CSIMPSEQ :  ⊦ m &lt; n → m ≤ n], 
                       [CSIMPFORWARD :  ⊦ m ≤ n + 1 ∧ n &lt; n0 → m ≤ n0], 
                       [CSIMPSEQ :  ⊦ m +1 = m + 1], 
                       [CSIMPSEQ :  ⊦ ¬ n &lt; n], 
                       [CSIMPSEQ :  ⊦ m ≤ n → (n &lt; m ↔ false)], 
                       [CSIMPSEQ :  ⊦ m &lt; n + 1 ↔ ¬ n &lt; m], 
                       [CSIMPSEQ :  ⊦ m + n ≤ m + n0 ↔ n ≤ n0], 
                       [CSIMPSEQ :  ⊦ m + 1 ≠ 0], 
                       [CSIMPFORWARD :  ⊦ m &lt; n ∧ m = n0 → n0 &lt; n], 
                       [CSIMPFORWARD :  ⊦ n &lt; n0 ∧ n0 &lt; n1 → n &lt; n1], 
                       [CSIMPFORWARD :  ⊦ m &lt; n → n ≠ 0], 
                       [CSIMPFORWARD :  ⊦ m &lt; n ∧ n &lt; n0 → m +1 &lt; n0], 
                       [CSIMPFORWARD :  ⊦ m &lt; n ∧ n = n0 → m &lt; n0], 
                       [CSIMPFORWARD :  ⊦ m ≤ n ∧ n &lt; n0 → m &lt; n0], 
                       [CSIMPFORWARD :  ⊦ m = n + 1 ∧ n &lt; n0 → m ≤ n0], 
                       [CSIMPSEQ :  ⊦ (m + n0) + n1 = m + n0 + n1], 
                       [CSIMPSEQ :  ⊦ m &lt; n → (n ≤ m + 1 ↔ n = m + 1)], 
                       [CSIMPSEQ :  ⊦ m + n = n + m])]]</EXTRAS></PROOFNODE>