<?xml version="1.0" encoding="UTF-8"?>
<?xml-stylesheet type="text/xsl" href="../../../../proofnode.xsl"?>
<PROOFNODE proofname="challenge1" previous="23"><NUM>22</NUM><TYPE>step</TYPE><INFO>Heuristic simplifier applied rule simplifier</INFO><SEQ>ar[n] = ar[n0], ar[n0] = max(ar, 0, # ar), m2 ≤ m, m2 &lt; # ar, n0 &lt; # ar, ar[m + 1] &lt; ar[m2], m2 + 1 &lt; # ar, n ≤ m + 1, m2 ≤ n, m + 1 &lt; # ar, n &lt; # ar, 
¬ m2 ≤ m2 ∨ m &lt; m2 ∨ ar[m2] ≠ ar[n0], ∀ n1. ¬ m2 ≤ n1 ∨ m &lt; n1 ∨ ar[n1] ≠ ar[n0], ∀ n0. n0 &lt; # ar → ar[n0] ≤ ar[n]
⊦ 
m2 = m + 1, ar[m] = ar[n0]</SEQ><NEWGOALS><LIST><LE><PAIR><FST>21</FST><SND><SEQ>ar[n] = ar[n0], ar[n0] = max(ar, 0, # ar), m2 ≤ m, m2 &lt; # ar, n0 &lt; # ar, ar[m + 1] &lt; ar[m2], m2 + 1 &lt; # ar, n ≤ m + 1, m2 ≤ n, m + 1 &lt; # ar, n &lt; # ar, 
∀ n1. ¬ m2 ≤ n1 ∨ m &lt; n1 ∨ ar[n1] ≠ ar[n0], ∀ n0. n0 &lt; # ar → ar[n0] ≤ ar[n]
⊦ 
m2 = m + 1, ar[m] = ar[n0], ar[m2] = ar[n0]</SEQ></SND></PAIR></LE></LIST></NEWGOALS><RULEARGS>[emptyarg]</RULEARGS><EXTRAS>[[CONCRETESIMPRULES : ([CSIMPSEQ :  ⊦ m ≤ n → (n &lt; m ↔ false)], 
                       [CSIMPSEQ :  ⊦ m ≤ m])]]</EXTRAS></PROOFNODE>