<?xml version="1.0" encoding="UTF-8"?>
<?xml-stylesheet type="text/xsl" href="../../../../proofnode.xsl"?>
<PROOFNODE proofname="challenge1" previous="26"><NUM>25</NUM><TYPE>step</TYPE><INFO>Heuristic quantifier applied rule all left</INFO><SEQ>ar[n] = ar[n0], ar[n0] = max(ar, 0, # ar), m2 ≤ m, m2 &lt; # ar, n0 &lt; # ar, ar[m + 1] &lt; ar[m2], m2 + 1 &lt; # ar, n ≤ m + 1, m2 ≤ n, m + 1 &lt; # ar, n &lt; # ar, 
∀ n1. ¬ m2 ≤ n1 ∨ m &lt; n1 ∨ ar[n1] ≠ ar[n0], ∀ n0. n0 &lt; # ar → ar[n0] ≤ ar[n]
⊦ 
m2 = m + 1</SEQ><NEWGOALS><LIST><LE><PAIR><FST>24</FST><SND><SEQ>ar[n] = ar[n0], ar[n0] = max(ar, 0, # ar), m2 ≤ m, m2 &lt; # ar, n0 &lt; # ar, ar[m + 1] &lt; ar[m2], m2 + 1 &lt; # ar, n ≤ m + 1, m2 ≤ n, m + 1 &lt; # ar, n &lt; # ar, 
¬ m2 ≤ m ∨ m &lt; m ∨ ar[m] ≠ ar[n0], ∀ n1. ¬ m2 ≤ n1 ∨ m &lt; n1 ∨ ar[n1] ≠ ar[n0], ∀ n0. n0 &lt; # ar → ar[n0] ≤ ar[n]
⊦ 
m2 = m + 1</SEQ></SND></PAIR></LE></LIST></NEWGOALS><RULEARGS>[EXRARG : pos: left 12, [QUANTTERMLIST : (m)]]</RULEARGS><EXTRAS>[[CONCRETESIMPRULES : ()], [EXTRATERMS : (m)]]</EXTRAS></PROOFNODE>