<?xml version="1.0" encoding="UTF-8"?>
<?xml-stylesheet type="text/xsl" href="../../../../proofnode.xsl"?>
<PROOFNODE proofname="challenge1" previous="27"><NUM>26</NUM><TYPE>step</TYPE><INFO>Heuristic simplifier applied rule simplifier</INFO><SEQ>m1 = m + 1 ∧ m1 ≠ 0, ar[n0] = max(ar, 0, # ar), ar[n] = ar[n0], ar[m1] &lt; ar[m2], n0 &lt; # ar, m2 &lt; # ar, m2 &lt; m1, n &lt; # ar, m1 &lt; # ar, m2 ≤ n, n ≤ m1, 
m2 + 1 &lt; # ar, (∀ n1. ¬ m2 ≤ n1 ∨ m1 ≤ n1 ∨ ar[n1] ≠ ar[n0]) ∨ m1 ≤ (m - m2) + m2, ∀ n0. n0 &lt; # ar → ar[n0] ≤ ar[n]
⊦ 
m2 = m1</SEQ><NEWGOALS><LIST><LE><PAIR><FST>25</FST><SND><SEQ>ar[n] = ar[n0], ar[n0] = max(ar, 0, # ar), m2 ≤ m, m2 &lt; # ar, n0 &lt; # ar, ar[m + 1] &lt; ar[m2], m2 + 1 &lt; # ar, n ≤ m + 1, m2 ≤ n, m + 1 &lt; # ar, n &lt; # ar, 
∀ n1. ¬ m2 ≤ n1 ∨ m &lt; n1 ∨ ar[n1] ≠ ar[n0], ∀ n0. n0 &lt; # ar → ar[n0] ≤ ar[n]
⊦ 
m2 = m + 1</SEQ></SND></PAIR></LE></LIST></NEWGOALS><RULEARGS>[emptyarg]</RULEARGS><EXTRAS>[[CONCRETESIMPRULES : ([CSIMPSEQ :  ⊦ m ≤ m], 
                       [CSIMPSEQ :  ⊦ m + n ≤ m + n0 ↔ n ≤ n0], 
                       [CSIMPSEQ : n ≤ m
                                   ⊦ 
                                   (m - n) + m0 ≤ n0 ↔ m + m0 ≤ n0 + n], 
                       [CSIMPSEQ :  ⊦ ¬ m ≤ n ↔ n &lt; m], 
                       [CSIMPSEQ :  ⊦ ¬ n &lt; n], 
                       [CSIMPSEQ :  ⊦ n &lt; m → (m - n) + n = m], 
                       [CSIMPSEQ :  ⊦ m &lt; n → n ≠ 0], 
                       [CSIMPSEQ :  ⊦ m ≤ n → (n - m = 0 ↔ n = m)], 
                       [CSIMPSEQ :  ⊦ m &lt; m + n ↔ n ≠ 0], 
                       [CSIMPSEQ :  ⊦ m ≤ n → (n &lt; m ↔ false)], 
                       [CSIMPSEQ :  ⊦ m ≠ n → (m ≤ n ↔ m &lt; n)], 
                       [CSIMPSEQ :  ⊦ m = m + n ↔ n = 0], 
                       [CSIMPSEQ :  ⊦ 0 + m = m], 
                       [CSIMPSEQ : n ≤ m
                                   ⊦ 
                                   (m - n) + n0 = n1 ↔ m + n0 = n + n1], 
                       [CSIMPFORWARD :  ⊦ m &lt; n → n ≠ 0], 
                       [CSIMPFORWARD :  ⊦ m ≤ n ∧ n &lt; n0 → m &lt; n0], 
                       [CSIMPFORWARD :  ⊦ m ≤ n + 1 ∧ n &lt; n0 → m ≤ n0], 
                       [CSIMPFORWARD :  ⊦ n ≤ n0 ∧ n0 ≤ n1 → n ≤ n1], 
                       [CSIMPSEQ :  ⊦ m + 1 ≤ n ↔ m &lt; n], 
                       [CSIMPSEQ :  ⊦ ¬ m &lt; n ↔ n ≤ m], 
                       [CSIMPSEQ :  ⊦ m &lt; n + 1 ↔ ¬ n &lt; m], 
                       [CSIMPSEQ :  ⊦ m + n = n + m], 
                       [CSIMPSEQ :  ⊦ (m + n0) + n1 = m + n0 + n1], 
                       [CSIMPSEQ :  ⊦ m + 1 ≠ 0])]]</EXTRAS></PROOFNODE>