<?xml version="1.0" encoding="UTF-8"?>
<?xml-stylesheet type="text/xsl" href="../../../../proofnode.xsl"?>
<PROOFNODE proofname="challenge1" previous="28"><NUM>27</NUM><TYPE>step</TYPE><INFO>Heuristic elimination applied rule insert elim lemma</INFO><SEQ>ar[n0] = max(ar, 0, # ar), ar[n] = ar[n0], ar[m1] &lt; ar[m2], n0 &lt; # ar, m2 &lt; # ar, m2 &lt; m1, n &lt; # ar, m1 &lt; # ar, m2 ≤ n, n ≤ m1, m2 + 1 &lt; # ar, 
(∀ n1. ¬ m2 ≤ n1 ∨ m1 ≤ n1 ∨ ar[n1] ≠ ar[n0]) ∨ m1 ≤ (m1 - 1 - m2) + m2, ∀ n0. n0 &lt; # ar → ar[n0] ≤ ar[n]
⊦ 
m2 = m1</SEQ><NEWGOALS><LIST><LE><PAIR><FST>26</FST><SND><SEQ>m1 = m + 1 ∧ m1 ≠ 0, ar[n0] = max(ar, 0, # ar), ar[n] = ar[n0], ar[m1] &lt; ar[m2], n0 &lt; # ar, m2 &lt; # ar, m2 &lt; m1, n &lt; # ar, m1 &lt; # ar, m2 ≤ n, n ≤ m1, 
m2 + 1 &lt; # ar, (∀ n1. ¬ m2 ≤ n1 ∨ m1 ≤ n1 ∨ ar[n1] ≠ ar[n0]) ∨ m1 ≤ (m - m2) + m2, ∀ n0. n0 &lt; # ar → ar[n0] ≤ ar[n]
⊦ 
m2 = m1</SEQ></SND></PAIR></LE></LIST></NEWGOALS><RULEARGS>[x0lemmaarg: spec-name: nat
instance-name: 
lemma-name: elim-pred-c
antecedent: n ≠ 0
succedent: m = n - 1 ↔ n = m + 1
substlist: [n, m] → [m1, m]
add preconditions?: F
is rewrite lemma?: F
current spec?: F
rotate lemma?: T
replace all?: T
paths: ()
dummy: ()
]</RULEARGS><EXTRAS>[[CONCRETESIMPRULES : ([CSIMPSEQ :  ⊦ ¬ m &lt; 0], 
                       [CSIMPELIM : n ≠ 0 ⊦ m = n - 1 ↔ n = m + 1])], 
 [EXTRATERMS : (m1, m)]]</EXTRAS></PROOFNODE>