<?xml version="1.0" encoding="UTF-8"?>
<?xml-stylesheet type="text/xsl" href="../../../../proofnode.xsl"?>
<PROOFNODE proofname="challenge1" previous="29"><NUM>28</NUM><TYPE>step</TYPE><INFO>Heuristic simplifier applied rule simplifier</INFO><SEQ>m0 = m2, ar[n] = ar[n0], m = m1, ar[n0] = max(ar, 0, # ar), m2 ≠ m1, m2 + 1 &lt; # ar, n ≤ m1, m2 ≤ n, m1 &lt; # ar, n &lt; # ar, m2 &lt; m1, m2 &lt; # ar, n0 &lt; # ar, 
∀ n0. n0 &lt; # ar → ar[n0] ≤ ar[n], ¬ ar[m2] ≤ ar[m1], 
(∀ n0. ¬ (m0 ≤ n0 ∧ n0 ≤ m - 1 ∧ m - 1 &lt; # ar ∧ ar[n0] = max(ar, 0, # ar))) ∨ m1 ≤ (m - 1 - m0) + m2
⊦ 
</SEQ><NEWGOALS><LIST><LE><PAIR><FST>27</FST><SND><SEQ>ar[n0] = max(ar, 0, # ar), ar[n] = ar[n0], ar[m1] &lt; ar[m2], n0 &lt; # ar, m2 &lt; # ar, m2 &lt; m1, n &lt; # ar, m1 &lt; # ar, m2 ≤ n, n ≤ m1, m2 + 1 &lt; # ar, 
(∀ n1. ¬ m2 ≤ n1 ∨ m1 ≤ n1 ∨ ar[n1] ≠ ar[n0]) ∨ m1 ≤ (m1 - 1 - m2) + m2, ∀ n0. n0 &lt; # ar → ar[n0] ≤ ar[n]
⊦ 
m2 = m1</SEQ></SND></PAIR></LE></LIST></NEWGOALS><RULEARGS>[emptyarg]</RULEARGS><EXTRAS>[[CONCRETESIMPRULES : ([CSIMPFORWARD :  ⊦ m &lt; n → n ≠ 0], 
                       [CSIMPSEQ :  ⊦ m &lt; n → ¬ n &lt; m], 
                       [CSIMPSEQ :  ⊦ m &lt; n + 1 ↔ ¬ n &lt; m], 
                       [CSIMPSEQ : n0 ≤ n ⊦ n - n0 &lt; m ↔ n &lt; m + n0], 
                       [CSIMPSEQ :  ⊦ m + n = n + m], 
                       [CSIMPSEQ :  ⊦ (m + n0) + n1 = m + n0 + n1], 
                       [CSIMPSEQ :  ⊦ ¬ m &lt; n ↔ n ≤ m], 
                       [CSIMPSEQ :  ⊦ m + 1 ≤ n ↔ m &lt; n], 
                       [CSIMPSEQ : n0 ≤ n ⊦ m ≤ n - n0 ↔ m + n0 ≤ n], 
                       [CSIMPSEQ :  ⊦ m &lt; 1 ↔ m = 0], 
                       [CSIMPSEQ :  ⊦ m &lt; n → n ≠ 0], 
                       [CSIMPSEQ :  ⊦ ¬ m ≤ n ↔ n &lt; m])]]</EXTRAS></PROOFNODE>