<?xml version="1.0" encoding="UTF-8"?>
<?xml-stylesheet type="text/xsl" href="../../../../proofnode.xsl"?>
<PROOFNODE proofname="challenge1" previous="4"><NUM>3</NUM><TYPE>step</TYPE><INFO>Heuristic simplifier applied rule simplifier</INFO><SEQ>0 &lt; m + 1 ∧ m + 1 ≤ # ar → (∃ n0. 0 ≤ n0 ∧ n0 &lt; m + 1 ∧ ar[n0] = max(ar, 0, m + 1)), # ar = m + 1, ∀ n. ¬ n ≤ m ∨ ar[n] ≠ max(ar, 0, m + 1) ⊦ </SEQ><NEWGOALS><LIST><LE><PAIR><FST>2</FST><SND><SEQ># ar = m + 1, ar[n] = max(ar, 0, m + 1), n ≤ m, ∀ n. ¬ n ≤ m ∨ ar[n] ≠ max(ar, 0, m + 1) ⊦ </SEQ></SND></PAIR></LE></LIST></NEWGOALS><RULEARGS>[emptyarg]</RULEARGS><EXTRAS>[[CONCRETESIMPRULES : ([CSIMPSEQ :  ⊦ m &lt; n + 1 ↔ ¬ n &lt; m], 
                       [CSIMPSEQ :  ⊦ 0 ≤ m], 
                       [CSIMPSEQ :  ⊦ m = n + 1 → ¬ m ≤ n], 
                       [CSIMPSEQ :  ⊦ ¬ m &lt; n ↔ n ≤ m], 
                       [CSIMPSEQ :  ⊦ m + 1 ≤ n ↔ m &lt; n], 
                       [CSIMPSEQ :  ⊦ m + n = n + m], 
                       [CSIMPSEQ :  ⊦ (m + n0) + n1 = m + n0 + n1], 
                       [CSIMPSEQ :  ⊦ m + 1 ≠ 0], 
                       [CSIMPSEQ :  ⊦ 0 &lt; m ↔ m ≠ 0])]]</EXTRAS></PROOFNODE>