<?xml version="1.0" encoding="UTF-8"?>
<?xml-stylesheet type="text/xsl" href="../../../../proofnode.xsl"?>
<PROOFNODE proofname="challenge1" previous="31"><NUM>30</NUM><TYPE>step</TYPE><INFO>User applied rule if right</INFO><SEQ>m0 = m2, ar[n] = ar[n0], m = m1, ar[n0] = max(ar, 0, # ar), m2 ≠ m1, m2 + 1 &lt; # ar, n ≤ m1, m2 ≤ n, m1 &lt; # ar, n &lt; # ar, m2 &lt; m1, m2 &lt; # ar, n0 &lt; # ar, 
∀ n0. n0 &lt; # ar → ar[n0] ≤ ar[n]
⊦ 
⦉if ar[m2] ≤ ar[m1]
 then m0 := m0 + 1
 else m := m - 1⦊ ((∃ n0. m0 ≤ n0 ∧ n0 ≤ m ∧ m &lt; # ar ∧ ar[n0] = max(ar, 0, # ar)) ∧ ¬ m1 ≤ (m - m0) + m2)</SEQ><NEWGOALS><LIST><LE><PAIR><FST>18</FST><SND><SEQ>m0 = m2, ar[n] = ar[n0], m = m1, ar[n0] = max(ar, 0, # ar), m2 ≠ m1, m2 + 1 &lt; # ar, n ≤ m1, m2 ≤ n, m1 &lt; # ar, n &lt; # ar, m2 &lt; m1, m2 &lt; # ar, n0 &lt; # ar, 
∀ n0. n0 &lt; # ar → ar[n0] ≤ ar[n], ar[m2] ≤ ar[m1]
⊦ 
⦉m0 := m0 + 1⦊ ((∃ n0. m0 ≤ n0 ∧ n0 ≤ m ∧ m &lt; # ar ∧ ar[n0] = max(ar, 0, # ar)) ∧ ¬ m1 ≤ (m - m0) + m2)</SEQ></SND></PAIR></LE><LE><PAIR><FST>29</FST><SND><SEQ>m0 = m2, ar[n] = ar[n0], m = m1, ar[n0] = max(ar, 0, # ar), m2 ≠ m1, m2 + 1 &lt; # ar, n ≤ m1, m2 ≤ n, m1 &lt; # ar, n &lt; # ar, m2 &lt; m1, m2 &lt; # ar, n0 &lt; # ar, 
∀ n0. n0 &lt; # ar → ar[n0] ≤ ar[n], ¬ ar[m2] ≤ ar[m1]
⊦ 
⦉m := m - 1⦊ ((∃ n0. m0 ≤ n0 ∧ n0 ≤ m ∧ m &lt; # ar ∧ ar[n0] = max(ar, 0, # ar)) ∧ ¬ m1 ≤ (m - m0) + m2)</SEQ></SND></PAIR></LE></LIST></NEWGOALS><RULEARGS>[fmapos-arg: pos: right 1]</RULEARGS><EXTRAS>[[CONCRETESIMPRULES : ()]]</EXTRAS></PROOFNODE>