<?xml version="1.0" encoding="UTF-8"?>
<?xml-stylesheet type="text/xsl" href="../../../../proofnode.xsl"?>
<PROOFNODE proofname="challenge1" previous="33"><NUM>32</NUM><TYPE>step</TYPE><INFO>User applied rule insert lemma</INFO><SEQ>m0 = m2, ar[n] = max(ar, 0, # ar), m = m1, m2 ≠ m1, m2 + 1 &lt; # ar, n ≤ m1, m2 ≤ n, m1 &lt; # ar, n &lt; # ar, m2 &lt; m1, m2 &lt; # ar, 
∀ n0. n0 &lt; # ar → ar[n0] ≤ ar[n]
⊦ 
⦉if ar[m2] ≤ ar[m1]
 then m0 := m0 + 1
 else m := m - 1⦊ ((∃ n0. m0 ≤ n0 ∧ n0 ≤ m ∧ m &lt; # ar ∧ ar[n0] = max(ar, 0, # ar)) ∧ ¬ m1 ≤ (m - m0) + m2)</SEQ><NEWGOALS><LIST><LE><PAIR><FST>7</FST><SND><SEQ> ⊦ n &lt; m ∧ m ≤ # ar → (∃ n0. n ≤ n0 ∧ n0 &lt; m ∧ ar[n0] = max(ar, n, m))</SEQ></SND></PAIR></LE><LE><PAIR><FST>31</FST><SND><SEQ>m0 = m2, ar[n] = max(ar, 0, # ar), m = m1, m2 ≠ m1, m2 + 1 &lt; # ar, n ≤ m1, m2 ≤ n, m1 &lt; # ar, n &lt; # ar, m2 &lt; m1, m2 &lt; # ar, 
∀ n0. n0 &lt; # ar → ar[n0] ≤ ar[n], 0 &lt; # ar ∧ # ar ≤ # ar → (∃ n0. 0 ≤ n0 ∧ n0 &lt; # ar ∧ ar[n0] = max(ar, 0, # ar))
⊦ 
⦉if ar[m2] ≤ ar[m1]
 then m0 := m0 + 1
 else m := m - 1⦊ ((∃ n0. m0 ≤ n0 ∧ n0 ≤ m ∧ m &lt; # ar ∧ ar[n0] = max(ar, 0, # ar)) ∧ ¬ m1 ≤ (m - m0) + m2)</SEQ></SND></PAIR></LE></LIST></NEWGOALS><RULEARGS>[x0lemmaarg: spec-name: 
instance-name: 
lemma-name: max-in
antecedent: 
succedent:   n &lt; m ∧ m ≤ # ar
           → (∃ n0. n ≤ n0 ∧ n0 &lt; m ∧ ar[n0] = max(ar, n, m))
substlist: [n, m, ar] → [0, # ar, ar]
add preconditions?: F
is rewrite lemma?: F
current spec?: T
rotate lemma?: F
replace all?: F
paths: ()
dummy: ()
]</RULEARGS><EXTRAS>[[CONCRETESIMPRULES : ()], [EXTRATERMS : (0, # ar, ar)]]</EXTRAS></PROOFNODE>