<?xml version="1.0" encoding="UTF-8"?>
<?xml-stylesheet type="text/xsl" href="../../../../proofnode.xsl"?>
<PROOFNODE proofname="challenge1" previous="34"><NUM>33</NUM><TYPE>step</TYPE><INFO>Heuristic simplifier applied rule simplifier</INFO><SEQ>m0 = m2, ar[n] = max(ar, 0, # ar), m = m1, m2 ≠ m1, m2 + 1 &lt; # ar, n ≤ m1, m2 ≤ n, m1 &lt; # ar, n &lt; # ar, m2 &lt; m1, m2 &lt; # ar, 
0 &lt; # ar ∧ # ar ≤ # ar → (∀ n0. 0 ≤ n0 ∧ n0 &lt; # ar → ar[n0] ≤ max(ar, 0, # ar))
⊦ 
⦉if ar[m2] ≤ ar[m1]
 then m0 := m0 + 1
 else m := m - 1⦊ ((∃ n0. m0 ≤ n0 ∧ n0 ≤ m ∧ m &lt; # ar ∧ ar[n0] = max(ar, 0, # ar)) ∧ ¬ m1 ≤ (m - m0) + m2)</SEQ><NEWGOALS><LIST><LE><PAIR><FST>32</FST><SND><SEQ>m0 = m2, ar[n] = max(ar, 0, # ar), m = m1, m2 ≠ m1, m2 + 1 &lt; # ar, n ≤ m1, m2 ≤ n, m1 &lt; # ar, n &lt; # ar, m2 &lt; m1, m2 &lt; # ar, 
∀ n0. n0 &lt; # ar → ar[n0] ≤ ar[n]
⊦ 
⦉if ar[m2] ≤ ar[m1]
 then m0 := m0 + 1
 else m := m - 1⦊ ((∃ n0. m0 ≤ n0 ∧ n0 ≤ m ∧ m &lt; # ar ∧ ar[n0] = max(ar, 0, # ar)) ∧ ¬ m1 ≤ (m - m0) + m2)</SEQ></SND></PAIR></LE></LIST></NEWGOALS><RULEARGS>[emptyarg]</RULEARGS><EXTRAS>[[CONCRETESIMPRULES : ([CSIMPSEQ :  ⊦ 0 ≤ m], [CSIMPSEQ :  ⊦ m ≤ m], 
                       [CSIMPSEQ :  ⊦ m &lt; n → n ≠ 0], 
                       [CSIMPSEQ :  ⊦ 0 &lt; m ↔ m ≠ 0])]]</EXTRAS></PROOFNODE>