<?xml version="1.0" encoding="UTF-8"?>
<?xml-stylesheet type="text/xsl" href="../../../../proofnode.xsl"?>
<PROOFNODE proofname="challenge1" previous="36"><NUM>35</NUM><TYPE>step</TYPE><INFO>Heuristic simplifier applied rule simplifier</INFO><SEQ>m0 ≠ m, ∃ n0. m0 ≤ n0 ∧ n0 ≤ m ∧ m &lt; # ar ∧ ar[n0] = max(ar, 0, # ar), m = m1, m0 = m2
⊦ 
⦉if ar[m0] ≤ ar[m]
 then m0 := m0 + 1
 else m := m - 1⦊ ((∃ n0. m0 ≤ n0 ∧ n0 ≤ m ∧ m &lt; # ar ∧ ar[n0] = max(ar, 0, # ar)) ∧ m - m0 &lt; m1 - m2)</SEQ><NEWGOALS><LIST><LE><PAIR><FST>34</FST><SND><SEQ>m0 = m2, ar[n] = max(ar, 0, # ar), m = m1, m2 ≠ m1, m2 + 1 &lt; # ar, n ≤ m1, m2 ≤ n, m1 &lt; # ar, n &lt; # ar, m2 &lt; m1, m2 &lt; # ar
⊦ 
⦉if ar[m2] ≤ ar[m1]
 then m0 := m0 + 1
 else m := m - 1⦊ ((∃ n0. m0 ≤ n0 ∧ n0 ≤ m ∧ m &lt; # ar ∧ ar[n0] = max(ar, 0, # ar)) ∧ ¬ m1 ≤ (m - m0) + m2)</SEQ></SND></PAIR></LE></LIST></NEWGOALS><RULEARGS>[emptyarg]</RULEARGS><EXTRAS>[[CONCRETESIMPRULES : ([CSIMPSEQ :  ⊦ m +1 = m + 1], 
                       [CSIMPFORWARD :  ⊦ n &lt; n0 ∧ n0 &lt; n1 → n &lt; n1], 
                       [CSIMPFORWARD :  ⊦ m &lt; n ∧ n &lt; n0 → m +1 &lt; n0], 
                       [CSIMPFORWARD :  ⊦ m &lt; n ∧ n = n0 → m &lt; n0], 
                       [CSIMPFORWARD :  ⊦ m &lt; n ∧ m = n0 → n0 &lt; n], 
                       [CSIMPSEQ :  ⊦ ¬ m &lt; n ↔ n ≤ m], 
                       [CSIMPSEQ : n0 ≤ n ⊦ m &lt; n - n0 ↔ m + n0 &lt; n], 
                       [CSIMPSEQ :  ⊦ ¬ m ≤ n ↔ n &lt; m], 
                       [CSIMPFORWARD :  ⊦ n ≤ n0 ∧ n0 ≤ n1 → n ≤ n1], 
                       [CSIMPFORWARD :  ⊦ m ≤ n ∧ n &lt; n0 → m &lt; n0], 
                       [CSIMPFORWARD :  ⊦ m &lt; n ∧ n ≤ n0 → m &lt; n0], 
                       [CSIMPFORWARD :  ⊦ m &lt; n → n ≠ 0], 
                       [CSIMPSEQ :  ⊦ m &lt; n → n ≠ 0], 
                       [CSIMPSEQ :  ⊦ m ≠ n → (m ≤ n ↔ m &lt; n)], 
                       [CSIMPSEQ :  ⊦ m &lt; n → ¬ n &lt; m])]]</EXTRAS></PROOFNODE>