<?xml version="1.0" encoding="UTF-8"?>
<?xml-stylesheet type="text/xsl" href="../../../../proofnode.xsl"?>
<PROOFNODE proofname="challenge1" previous="37"><NUM>36</NUM><TYPE>step</TYPE><INFO>User applied rule invariant right</INFO><SEQ># ar = m + 1, m0 = 0 ⊦ ⦉while m0 ≠ m do if ar[m0] ≤ ar[m]
                                        then m0 := m0 + 1
                                        else m := m - 1⦊ (ar[m0] = max(ar, 0, # ar) ∧ m0 &lt; # ar)</SEQ><NEWGOALS><LIST><LE><PAIR><FST>5</FST><SND><SEQ># ar = m + 1, m0 = 0, ∀ n0. ¬ (m0 ≤ n0 ∧ n0 ≤ m ∧ m &lt; # ar ∧ ar[n0] = max(ar, 0, # ar)) ⊦ </SEQ></SND></PAIR></LE><LE><PAIR><FST>35</FST><SND><SEQ>m0 ≠ m, ∃ n0. m0 ≤ n0 ∧ n0 ≤ m ∧ m &lt; # ar ∧ ar[n0] = max(ar, 0, # ar), m = m1, m0 = m2
⊦ 
⦉if ar[m0] ≤ ar[m]
 then m0 := m0 + 1
 else m := m - 1⦊ ((∃ n0. m0 ≤ n0 ∧ n0 ≤ m ∧ m &lt; # ar ∧ ar[n0] = max(ar, 0, # ar)) ∧ m - m0 &lt; m1 - m2)</SEQ></SND></PAIR></LE></LIST></NEWGOALS><RULEARGS>[invariant-arg: m - m0
, ∃ n0. m0 ≤ n0 ∧ n0 ≤ m ∧ m &lt; # ar ∧ ar[n0] = max(ar, 0, # ar)
, pos: right 1
]</RULEARGS><EXTRAS>[[CONCRETESIMPRULES : ([CSIMPSEQ :  ⊦ m ≤ n → (n ≤ m ↔ m = n)])], 
 [EXTRAFMAS : (∃ n0. 
                  m0 ≤ n0 ∧ n0 ≤ m ∧ m &lt; # ar
                ∧ ar[n0] = max(ar, 0, # ar), 
               m - m0 = m - m0)]]</EXTRAS></PROOFNODE>