<?xml version="1.0" encoding="UTF-8"?>
<?xml-stylesheet type="text/xsl" href="../../../../proofnode.xsl"?>
<PROOFNODE proofname="challenge1" previous="38"><NUM>37</NUM><TYPE>step</TYPE><INFO>Heuristic simplifier applied rule simplifier</INFO><SEQ>m0 = 0, n0 = m, # ar ≠ 0, # ar = m + 1
⊦ 
⦉while m0 ≠ n0 do if ar[m0] ≤ ar[n0]
                  then m0 := m0 + 1
                  else n0 := n0 - 1⦊ (ar[m0] = max(ar, 0, # ar) ∧ m0 &lt; # ar)</SEQ><NEWGOALS><LIST><LE><PAIR><FST>36</FST><SND><SEQ># ar = m + 1, m0 = 0 ⊦ ⦉while m0 ≠ m do if ar[m0] ≤ ar[m]
                                        then m0 := m0 + 1
                                        else m := m - 1⦊ (ar[m0] = max(ar, 0, # ar) ∧ m0 &lt; # ar)</SEQ></SND></PAIR></LE></LIST></NEWGOALS><RULEARGS>[emptyarg]</RULEARGS><EXTRAS>[[CONCRETESIMPRULES : ([CSIMPSEQ :  ⊦ m + n = n + m], 
                       [CSIMPSEQ :  ⊦ (m + n0) + n1 = m + n0 + n1], 
                       [CSIMPSEQ :  ⊦ m + 1 ≠ 0])]]</EXTRAS></PROOFNODE>