<?xml version="1.0" encoding="UTF-8"?>
<?xml-stylesheet type="text/xsl" href="../../../../proofnode.xsl"?>
<PROOFNODE proofname="challenge1" previous="39"><NUM>38</NUM><TYPE>step</TYPE><INFO>Heuristic elimination applied rule insert elim lemma</INFO><SEQ>m0 = 0, n0 = # ar - 1, # ar ≠ 0 ⊦ ⦉while m0 ≠ n0 do if ar[m0] ≤ ar[n0]
                                                    then m0 := m0 + 1
                                                    else n0 := n0 - 1⦊ (ar[m0] = max(ar, 0, # ar) ∧ m0 &lt; # ar)</SEQ><NEWGOALS><LIST><LE><PAIR><FST>37</FST><SND><SEQ>m0 = 0, n0 = m, # ar ≠ 0, # ar = m + 1
⊦ 
⦉while m0 ≠ n0 do if ar[m0] ≤ ar[n0]
                  then m0 := m0 + 1
                  else n0 := n0 - 1⦊ (ar[m0] = max(ar, 0, # ar) ∧ m0 &lt; # ar)</SEQ></SND></PAIR></LE></LIST></NEWGOALS><RULEARGS>[x0lemmaarg: spec-name: nat
instance-name: 
lemma-name: elim-pred-c
antecedent: n ≠ 0
succedent: m = n - 1 ↔ n = m + 1
substlist: [n, m] → [# ar, m]
add preconditions?: F
is rewrite lemma?: F
current spec?: F
rotate lemma?: T
replace all?: T
paths: ()
dummy: ()
]</RULEARGS><EXTRAS>[[CONCRETESIMPRULES : ([CSIMPELIM : n ≠ 0 ⊦ m = n - 1 ↔ n = m + 1])], 
 [EXTRATERMS : (# ar, m)]]</EXTRAS></PROOFNODE>