<?xml version="1.0" encoding="UTF-8"?>
<?xml-stylesheet type="text/xsl" href="../../../../proofnode.xsl"?>
<PROOFNODE proofname="challenge1" previous="40"><NUM>39</NUM><TYPE>step</TYPE><INFO>Heuristic simplifier applied rule simplifier</INFO><SEQ># ar ≠ 0, m0 = 0, n0 = # ar - 1
⊦ 
⦉while m0 ≠ n0 do if ar[m0] ≤ ar[n0]
                  then m0 := m0 + 1
                  else n0 := n0 - 1⦊ (ar[m0] = max(ar, 0, # ar) ∧ 0 ≤ m0 ∧ m0 &lt; # ar)</SEQ><NEWGOALS><LIST><LE><PAIR><FST>38</FST><SND><SEQ>m0 = 0, n0 = # ar - 1, # ar ≠ 0 ⊦ ⦉while m0 ≠ n0 do if ar[m0] ≤ ar[n0]
                                                    then m0 := m0 + 1
                                                    else n0 := n0 - 1⦊ (ar[m0] = max(ar, 0, # ar) ∧ m0 &lt; # ar)</SEQ></SND></PAIR></LE></LIST></NEWGOALS><RULEARGS>[emptyarg]</RULEARGS><EXTRAS>[[CONCRETESIMPRULES : ([CSIMPSEQ :  ⊦ 0 ≤ m])]]</EXTRAS></PROOFNODE>