<?xml version="1.0" encoding="UTF-8"?>
<?xml-stylesheet type="text/xsl" href="../../../../proofnode.xsl"?>
<PROOFNODE proofname="challenge1" previous="5"><NUM>4</NUM><TYPE>step</TYPE><INFO>User applied rule insert lemma</INFO><SEQ># ar = m + 1, ∀ n. ¬ n ≤ m ∨ ar[n] ≠ max(ar, 0, m + 1) ⊦ </SEQ><NEWGOALS><LIST><LE><PAIR><FST>1</FST><SND><SEQ> ⊦ n &lt; m ∧ m ≤ # ar → (∃ n0. n ≤ n0 ∧ n0 &lt; m ∧ ar[n0] = max(ar, n, m))</SEQ></SND></PAIR></LE><LE><PAIR><FST>3</FST><SND><SEQ>0 &lt; m + 1 ∧ m + 1 ≤ # ar → (∃ n0. 0 ≤ n0 ∧ n0 &lt; m + 1 ∧ ar[n0] = max(ar, 0, m + 1)), # ar = m + 1, ∀ n. ¬ n ≤ m ∨ ar[n] ≠ max(ar, 0, m + 1) ⊦ </SEQ></SND></PAIR></LE></LIST></NEWGOALS><RULEARGS>[x0lemmaarg: spec-name: 
instance-name: 
lemma-name: max-in
antecedent: 
succedent:   n &lt; m ∧ m ≤ # ar
           → (∃ n0. n ≤ n0 ∧ n0 &lt; m ∧ ar[n0] = max(ar, n, m))
substlist: [n, m, ar] → [0, m + 1, ar]
add preconditions?: F
is rewrite lemma?: F
current spec?: T
rotate lemma?: F
replace all?: F
paths: ()
dummy: ()
]</RULEARGS><EXTRAS>[[CONCRETESIMPRULES : ()], [EXTRATERMS : (0, m + 1, ar)]]</EXTRAS></PROOFNODE>