<?xml version="1.0" encoding="UTF-8"?>
<?xml-stylesheet type="text/xsl" href="../../../../proofnode.xsl"?>
<PROOFNODE proofname="challenge1" previous="41"><NUM>40</NUM><TYPE>step</TYPE><INFO>Heuristic symbolic execution applied rule assign right</INFO><SEQ># ar ≠ 0, m0 = 0
⊦ 
⦉n := # ar - 1⦊ ⦉while m0 ≠ n do if ar[m0] ≤ ar[n]
                                 then m0 := m0 + 1
                                 else n := n - 1⦊ (ar[m0] = max(ar, 0, # ar) ∧ 0 ≤ m0 ∧ m0 &lt; # ar)</SEQ><NEWGOALS><LIST><LE><PAIR><FST>39</FST><SND><SEQ># ar ≠ 0, m0 = 0, n0 = # ar - 1
⊦ 
⦉while m0 ≠ n0 do if ar[m0] ≤ ar[n0]
                  then m0 := m0 + 1
                  else n0 := n0 - 1⦊ (ar[m0] = max(ar, 0, # ar) ∧ 0 ≤ m0 ∧ m0 &lt; # ar)</SEQ></SND></PAIR></LE></LIST></NEWGOALS><RULEARGS>[emptyarg]</RULEARGS><EXTRAS>[[CONCRETESIMPRULES : ()]]</EXTRAS></PROOFNODE>