<?xml version="1.0" encoding="UTF-8"?>
<?xml-stylesheet type="text/xsl" href="../../../../proofnode.xsl"?>
<PROOFNODE proofname="challenge1" previous="42"><NUM>41</NUM><TYPE>step</TYPE><INFO>Heuristic symbolic execution applied rule assign right</INFO><SEQ># ar ≠ 0 ⊦ ⦉m := 0⦊ ⦉n := # ar - 1 ; while m ≠ n do if ar[m] ≤ ar[n]
                                                    then m := m + 1
                                                    else n := n - 1⦊ (ar[m] = max(ar, 0, # ar) ∧ 0 ≤ m ∧ m &lt; # ar)</SEQ><NEWGOALS><LIST><LE><PAIR><FST>40</FST><SND><SEQ># ar ≠ 0, m0 = 0
⊦ 
⦉n := # ar - 1⦊ ⦉while m0 ≠ n do if ar[m0] ≤ ar[n]
                                 then m0 := m0 + 1
                                 else n := n - 1⦊ (ar[m0] = max(ar, 0, # ar) ∧ 0 ≤ m0 ∧ m0 &lt; # ar)</SEQ></SND></PAIR></LE></LIST></NEWGOALS><RULEARGS>[emptyarg]</RULEARGS><EXTRAS>[[CONCRETESIMPRULES : ()]]</EXTRAS></PROOFNODE>