<?xml version="1.0" encoding="UTF-8"?>
<?xml-stylesheet type="text/xsl" href="../../../../proofnode.xsl"?>
<PROOFNODE proofname="challenge1"><NUM>42</NUM><TYPE>step</TYPE><INFO>System applied rule normalize</INFO><SEQ># ar ≠ 0 ⊦ ⦉m := 0 ; n := # ar - 1 ; while m ≠ n do if ar[m] ≤ ar[n]
                                                    then m := m + 1
                                                    else n := n - 1⦊ (ar[m] = max(ar, 0, # ar) ∧ 0 ≤ m ∧ m &lt; # ar)</SEQ><NEWGOALS><LIST><LE><PAIR><FST>41</FST><SND><SEQ># ar ≠ 0 ⊦ ⦉m := 0⦊ ⦉n := # ar - 1 ; while m ≠ n do if ar[m] ≤ ar[n]
                                                    then m := m + 1
                                                    else n := n - 1⦊ (ar[m] = max(ar, 0, # ar) ∧ 0 ≤ m ∧ m &lt; # ar)</SEQ></SND></PAIR></LE></LIST></NEWGOALS><RULEARGS>[emptyarg]</RULEARGS><EXTRAS>[]</EXTRAS></PROOFNODE>