<?xml version="1.0" encoding="UTF-8"?>
<?xml-stylesheet type="text/xsl" href="../../../../proofnode.xsl"?>
<PROOFNODE proofname="challenge1" previous="36"><NUM>5</NUM><TYPE>step</TYPE><INFO>Heuristic simplifier applied rule simplifier</INFO><SEQ># ar = m + 1, m0 = 0, ∀ n0. ¬ (m0 ≤ n0 ∧ n0 ≤ m ∧ m &lt; # ar ∧ ar[n0] = max(ar, 0, # ar)) ⊦ </SEQ><NEWGOALS><LIST><LE><PAIR><FST>4</FST><SND><SEQ># ar = m + 1, ∀ n. ¬ n ≤ m ∨ ar[n] ≠ max(ar, 0, m + 1) ⊦ </SEQ></SND></PAIR></LE></LIST></NEWGOALS><RULEARGS>[emptyarg]</RULEARGS><EXTRAS>[[CONCRETESIMPRULES : ([CSIMPSEQ :  ⊦ m + n = n + m], 
                       [CSIMPSEQ :  ⊦ (m + n0) + n1 = m + n0 + n1], 
                       [CSIMPSEQ :  ⊦ ¬ n &lt; n], 
                       [CSIMPSEQ :  ⊦ m &lt; n + 1 ↔ ¬ n &lt; m], 
                       [CSIMPSEQ :  ⊦ 0 ≤ m])]]</EXTRAS></PROOFNODE>