<?xml version="1.0" encoding="UTF-8"?>
<?xml-stylesheet type="text/xsl" href="../../../../proofnode.xsl"?>
<PROOFNODE proofname="challenge1" previous="9"><NUM>8</NUM><TYPE>step</TYPE><INFO>Heuristic quantifier closing applied rule all left</INFO><SEQ>ar[n0] = max(ar, 0, # ar), ar[n] = ar[n0], ar[n0] &lt; ar[n2 + n + 1], n0 &lt; # ar, n &lt; # ar, n2 + n + 1 &lt; # ar, n + 1 &lt; # ar, 
∀ n0. n0 &lt; # ar → ar[n0] ≤ ar[n], ∀ n1. n1 ≤ n ∨ ¬ n1 ≤ n2 + n + 1 ∨ ar[n1] ≠ ar[n0]
⊦ 
ar[n2 + n + 1] = ar[n0]</SEQ><NEWGOALS><LIST></LIST></NEWGOALS><RULEARGS>[EXRARG : pos: left 8, [QUANTTERMLIST : (n2 + n + 1)]]</RULEARGS><EXTRAS>[[CONCRETESIMPRULES : ([CSIMPSEQ :  ⊦ (m + n0) + n1 = m + n0 + n1], 
                       [CSIMPSEQ :  ⊦ m + n = n + m], 
                       [CSIMPFORWARD :  ⊦ m ≤ n ∧ n &lt; n0 → m &lt; n0], 
                       [CSIMPFORWARD :  ⊦ m &lt; n ∧ n ≤ n0 → m &lt; n0], 
                       [CSIMPSEQ :  ⊦ ¬ n &lt; n])], 
 [EXTRATERMS : (n2 + n + 1)]]</EXTRAS></PROOFNODE>