<?xml version="1.0" encoding="UTF-8"?>
<?xml-stylesheet type="text/xsl" href="../../../../proofnode.xsl"?>
<PROOFNODE proofname="challenge1" previous="10"><NUM>9</NUM><TYPE>step</TYPE><INFO>Heuristic simplifier applied rule simplifier</INFO><SEQ>ar[n] = ar[n0], ar[n0] = max(ar, 0, # ar), n + 1 &lt; # ar, n2 + n + 1 &lt; # ar, n &lt; # ar, n0 &lt; # ar, ar[n0] ≤ ar[n2 + n + 1], 
∀ n0. n0 &lt; # ar → ar[n0] ≤ ar[n], n2 + n + 1 ≤ n ∨ ¬ n2 + n + 1 ≤ n2 + n + 1 ∨ ar[n2 + n + 1] ≠ ar[n0], 
∀ n1. n1 ≤ n ∨ ¬ n1 ≤ n2 + n + 1 ∨ ar[n1] ≠ ar[n0]
⊦ 
</SEQ><NEWGOALS><LIST><LE><PAIR><FST>8</FST><SND><SEQ>ar[n0] = max(ar, 0, # ar), ar[n] = ar[n0], ar[n0] &lt; ar[n2 + n + 1], n0 &lt; # ar, n &lt; # ar, n2 + n + 1 &lt; # ar, n + 1 &lt; # ar, 
∀ n0. n0 &lt; # ar → ar[n0] ≤ ar[n], ∀ n1. n1 ≤ n ∨ ¬ n1 ≤ n2 + n + 1 ∨ ar[n1] ≠ ar[n0]
⊦ 
ar[n2 + n + 1] = ar[n0]</SEQ></SND></PAIR></LE></LIST></NEWGOALS><RULEARGS>[emptyarg]</RULEARGS><EXTRAS>[[CONCRETESIMPRULES : ([CSIMPSEQ :  ⊦ m &lt; n → n ≠ 0], 
                       [CSIMPFORWARD :  ⊦ m &lt; n → n ≠ 0], 
                       [CSIMPFORWARD :  ⊦ m &lt; n ∧ m = n0 → n0 &lt; n], 
                       [CSIMPSEQ :  ⊦ m ≠ n → (m ≤ n ↔ m &lt; n)], 
                       [CSIMPSEQ :  ⊦ m + n ≤ m + n0 ↔ n ≤ n0], 
                       [CSIMPSEQ :  ⊦ m + n = n + m], 
                       [CSIMPSEQ :  ⊦ (m + n0) + n1 = m + n0 + n1], 
                       [CSIMPSEQ :  ⊦ m + 1 ≠ 0], 
                       [CSIMPSEQ :  ⊦ m + m0 ≤ m ↔ m0 = 0])]]</EXTRAS></PROOFNODE>