<?xml version="1.0" encoding="UTF-8"?>
<?xml-stylesheet type="text/xsl" href="../../../../longlemmainfo.xsl"?>
<LONGLEMMAINFO name="challenge1"><LEMMAINFO state="proved"><LEMMANAME>challenge1</LEMMANAME><LEMMAGOAL><SEQGOAL><GOALSEQ><SEQ># ar ≠ 0 ⊦ ⦉m := 0 ; n := # ar - 1 ; while m ≠ n do if ar[m] ≤ ar[n]
                                                    then m := m + 1
                                                    else n := n - 1⦊ (ar[m] = max(ar, 0, # ar) ∧ 0 ≤ m ∧ m &lt; # ar)</SEQ></GOALSEQ></SEQGOAL></LEMMAGOAL><LEMMATYPE><USERLEMMA/></LEMMATYPE><USEDLEMMAS><LIST><LE>max-gt</LE><LE>max-in</LE></LIST></USEDLEMMAS><SIDEGOALS><LIST></LIST></SIDEGOALS><MAINGOALS><LIST></LIST></MAINGOALS><USERACTIONS>5</USERACTIONS><PROOFSTEPS>39</PROOFSTEPS><PROVED><T/></PROVED><PROOFEXISTS><T/></PROOFEXISTS><PROOFFILENAME>challenge1-proof</PROOFFILENAME><LEMMAPROOFBAG><DUMMY/></LEMMAPROOFBAG><SAVETREE><F/></SAVETREE><INFOFILENAME>challenge1-proof-info</INFOFILENAME><LEMMAPROOFINFOBAG><DUMMY/></LEMMAPROOFINFOBAG><SAVEINFOS><F/></SAVEINFOS><PRECHARTS><LIST></LIST></PRECHARTS><EXTRALISLOT2><LIST></LIST></EXTRALISLOT2></LEMMAINFO><VALIDITY>The proof is valid.</VALIDITY><FEATURES><LIST></LIST></FEATURES><HISTORY><LIST></LIST></HISTORY><USEDBY><LIST></LIST></USEDBY><USEDBYUNITS><LIST></LIST></USEDBYUNITS><COMMENT></COMMENT><USED_SPECLEMS></USED_SPECLEMS><USED_SIMPRULES><USED_SEQ><SPECNAME><HTMLLINK><HTMLTARGET>../../../../../lib/basic/specs/nat/export/unit.xml</HTMLTARGET><HTMLSTRING>nat</HTMLSTRING></HTMLLINK></SPECNAME><INSTNAME></INSTNAME><LEMNAME><HTMLLINK><HTMLTARGET>../../../../../lib/basic/specs/nat/export/lels-03/longlemmainfo.xml</HTMLTARGET><HTMLSTRING>lels-03</HTMLSTRING></HTMLLINK></LEMNAME></USED_SEQ><USED_SEQ><SPECNAME><HTMLLINK><HTMLTARGET>../../../../../lib/basic/specs/nat/export/unit.xml</HTMLTARGET><HTMLSTRING>nat</HTMLSTRING></HTMLLINK></SPECNAME><INSTNAME></INSTNAME><LEMNAME><HTMLLINK><HTMLTARGET>../../../../../lib/basic/specs/nat/export/eqle-one/longlemmainfo.xml</HTMLTARGET><HTMLSTRING>eqle-one</HTMLSTRING></HTMLLINK></LEMNAME></USED_SEQ><USED_SEQ><SPECNAME><HTMLLINK><HTMLTARGET>../../../../../lib/basic/specs/nat/export/unit.xml</HTMLTARGET><HTMLSTRING>nat</HTMLSTRING></HTMLLINK></SPECNAME><INSTNAME></INSTNAME><LEMNAME><HTMLLINK><HTMLTARGET>../../../../../lib/basic/specs/nat/export/les/longlemmainfo.xml</HTMLTARGET><HTMLSTRING>les</HTMLSTRING></HTMLLINK></LEMNAME></USED_SEQ><USED_SEQ><SPECNAME><HTMLLINK><HTMLTARGET>../../../../../lib/basic/specs/nat/export/unit.xml</HTMLTARGET><HTMLSTRING>nat</HTMLSTRING></HTMLLINK></SPECNAME><INSTNAME></INSTNAME><LEMNAME><HTMLLINK><HTMLTARGET>../../../../../lib/basic/specs/nat/export/le/longlemmainfo.xml</HTMLTARGET><HTMLSTRING>le</HTMLSTRING></HTMLLINK></LEMNAME></USED_SEQ><USED_SEQ><SPECNAME><HTMLLINK><HTMLTARGET>../../../../../lib/basic/specs/nat/export/unit.xml</HTMLTARGET><HTMLSTRING>nat</HTMLSTRING></HTMLLINK></SPECNAME><INSTNAME></INSTNAME><LEMNAME><HTMLLINK><HTMLTARGET>../../../../../lib/basic/specs/nat/export/prop-07/longlemmainfo.xml</HTMLTARGET><HTMLSTRING>prop-07</HTMLSTRING></HTMLLINK></LEMNAME></USED_SEQ><USED_SEQ><SPECNAME><HTMLLINK><HTMLTARGET>../../../../../lib/basic/specs/nat/export/unit.xml</HTMLTARGET><HTMLSTRING>nat</HTMLSTRING></HTMLLINK></SPECNAME><INSTNAME></INSTNAME><LEMNAME><HTMLLINK><HTMLTARGET>../../../../../lib/basic/specs/nat/export/zero-02/longlemmainfo.xml</HTMLTARGET><HTMLSTRING>zero-02</HTMLSTRING></HTMLLINK></LEMNAME></USED_SEQ><USED_SEQ><SPECNAME><HTMLLINK><HTMLTARGET>../../../../../lib/basic/specs/nat-basic2/export/unit.xml</HTMLTARGET><HTMLSTRING>nat-basic2</HTMLSTRING></HTMLLINK></SPECNAME><INSTNAME></INSTNAME><LEMNAME><HTMLLINK><HTMLTARGET>../../../../../lib/basic/specs/nat-basic2/export/l-01/longlemmainfo.xml</HTMLTARGET><HTMLSTRING>l-01</HTMLSTRING></HTMLLINK></LEMNAME></USED_SEQ><USED_SEQ><SPECNAME><HTMLLINK><HTMLTARGET>../../../../../lib/basic/specs/nat/export/unit.xml</HTMLTARGET><HTMLSTRING>nat</HTMLSTRING></HTMLLINK></SPECNAME><INSTNAME></INSTNAME><LEMNAME><HTMLLINK><HTMLTARGET>../../../../../lib/basic/specs/nat/export/le-ls-simp/longlemmainfo.xml</HTMLTARGET><HTMLSTRING>le-ls-simp</HTMLSTRING></HTMLLINK></LEMNAME></USED_SEQ><USED_SEQ><SPECNAME><HTMLLINK><HTMLTARGET>../../../../../lib/basic/specs/nat-basic2/export/unit.xml</HTMLTARGET><HTMLSTRING>nat-basic2</HTMLSTRING></HTMLLINK></SPECNAME><INSTNAME></INSTNAME><LEMNAME><HTMLLINK><HTMLTARGET>../../../../../lib/basic/specs/nat-basic2/export/z/longlemmainfo.xml</HTMLTARGET><HTMLSTRING>z</HTMLSTRING></HTMLLINK></LEMNAME></USED_SEQ><USED_SEQ><SPECNAME><HTMLLINK><HTMLTARGET>../../../../../lib/basic/specs/nat/export/unit.xml</HTMLTARGET><HTMLSTRING>nat</HTMLSTRING></HTMLLINK></SPECNAME><INSTNAME></INSTNAME><LEMNAME><HTMLLINK><HTMLTARGET>../../../../../lib/basic/specs/nat/export/eq-02/longlemmainfo.xml</HTMLTARGET><HTMLSTRING>eq-02</HTMLSTRING></HTMLLINK></LEMNAME></USED_SEQ><USED_SEQ><SPECNAME><HTMLLINK><HTMLTARGET>../../../../../lib/basic/specs/nat/export/unit.xml</HTMLTARGET><HTMLSTRING>nat</HTMLSTRING></HTMLLINK></SPECNAME><INSTNAME></INSTNAME><LEMNAME><HTMLLINK><HTMLTARGET>../../../../../lib/basic/specs/nat/export/le-one/longlemmainfo.xml</HTMLTARGET><HTMLSTRING>le-one</HTMLSTRING></HTMLLINK></LEMNAME></USED_SEQ><USED_SEQ><SPECNAME><HTMLLINK><HTMLTARGET>../../../../../lib/basic/specs/nat-basic1/export/unit.xml</HTMLTARGET><HTMLSTRING>nat-basic1</HTMLSTRING></HTMLLINK></SPECNAME><INSTNAME></INSTNAME><LEMNAME><HTMLLINK><HTMLTARGET>../../../../../lib/basic/specs/nat-basic1/export/zero-01/longlemmainfo.xml</HTMLTARGET><HTMLSTRING>zero-01</HTMLSTRING></HTMLLINK></LEMNAME></USED_SEQ><USED_SEQ><SPECNAME><HTMLLINK><HTMLTARGET>../../../../../lib/basic/specs/nat/export/unit.xml</HTMLTARGET><HTMLSTRING>nat</HTMLSTRING></HTMLLINK></SPECNAME><INSTNAME></INSTNAME><LEMNAME><HTMLLINK><HTMLTARGET>../../../../../lib/basic/specs/nat/export/ls-01/longlemmainfo.xml</HTMLTARGET><HTMLSTRING>ls-01</HTMLSTRING></HTMLLINK></LEMNAME></USED_SEQ><USED_SEQ><SPECNAME><HTMLLINK><HTMLTARGET>../../../../../lib/basic/specs/nat/export/unit.xml</HTMLTARGET><HTMLSTRING>nat</HTMLSTRING></HTMLLINK></SPECNAME><INSTNAME></INSTNAME><LEMNAME><HTMLLINK><HTMLTARGET>../../../../../lib/basic/specs/nat/export/ls-02/longlemmainfo.xml</HTMLTARGET><HTMLSTRING>ls-02</HTMLSTRING></HTMLLINK></LEMNAME></USED_SEQ><USED_SEQ><SPECNAME><HTMLLINK><HTMLTARGET>../../../../../lib/basic/specs/nat-basic1/export/unit.xml</HTMLTARGET><HTMLSTRING>nat-basic1</HTMLSTRING></HTMLLINK></SPECNAME><INSTNAME></INSTNAME><LEMNAME><HTMLLINK><HTMLTARGET>../../../../../lib/basic/specs/nat-basic1/export/one-01/longlemmainfo.xml</HTMLTARGET><HTMLSTRING>one-01</HTMLSTRING></HTMLLINK></LEMNAME></USED_SEQ><USED_SEQ><SPECNAME><HTMLLINK><HTMLTARGET>../../../../../lib/basic/specs/nat/export/unit.xml</HTMLTARGET><HTMLSTRING>nat</HTMLSTRING></HTMLLINK></SPECNAME><INSTNAME></INSTNAME><LEMNAME><HTMLLINK><HTMLTARGET>../../../../../lib/basic/specs/nat/export/le-add/longlemmainfo.xml</HTMLTARGET><HTMLSTRING>le-add</HTMLSTRING></HTMLLINK></LEMNAME></USED_SEQ><USED_SEQ><SPECNAME><HTMLLINK><HTMLTARGET>../../../../../lib/basic/specs/nat-basic2/export/unit.xml</HTMLTARGET><HTMLSTRING>nat-basic2</HTMLSTRING></HTMLLINK></SPECNAME><INSTNAME></INSTNAME><LEMNAME><HTMLLINK><HTMLTARGET>../../../../../lib/basic/specs/nat-basic2/export/l-02/longlemmainfo.xml</HTMLTARGET><HTMLSTRING>l-02</HTMLSTRING></HTMLLINK></LEMNAME></USED_SEQ><USED_SEQ><SPECNAME><HTMLLINK><HTMLTARGET>../../../../../lib/basic/specs/nat/export/unit.xml</HTMLTARGET><HTMLSTRING>nat</HTMLSTRING></HTMLLINK></SPECNAME><INSTNAME></INSTNAME><LEMNAME><HTMLLINK><HTMLTARGET>../../../../../lib/basic/specs/nat/export/lep/longlemmainfo.xml</HTMLTARGET><HTMLSTRING>lep</HTMLSTRING></HTMLLINK></LEMNAME></USED_SEQ><USED_SEQ><SPECNAME><HTMLLINK><HTMLTARGET>../../../../../lib/basic/specs/nat/export/unit.xml</HTMLTARGET><HTMLSTRING>nat</HTMLSTRING></HTMLLINK></SPECNAME><INSTNAME></INSTNAME><LEMNAME><HTMLLINK><HTMLTARGET>../../../../../lib/basic/specs/nat/export/lep-02/longlemmainfo.xml</HTMLTARGET><HTMLSTRING>lep-02</HTMLSTRING></HTMLLINK></LEMNAME></USED_SEQ><USED_SEQ><SPECNAME><HTMLLINK><HTMLTARGET>../../../../../lib/basic/specs/nat-basic2/export/unit.xml</HTMLTARGET><HTMLSTRING>nat-basic2</HTMLSTRING></HTMLLINK></SPECNAME><INSTNAME></INSTNAME><LEMNAME><HTMLLINK><HTMLTARGET>../../../../../lib/basic/specs/nat-basic2/export/eq/longlemmainfo.xml</HTMLTARGET><HTMLSTRING>eq</HTMLSTRING></HTMLLINK></LEMNAME></USED_SEQ><USED_SEQ><SPECNAME><HTMLLINK><HTMLTARGET>../../../../../lib/basic/specs/nat-basic1/export/unit.xml</HTMLTARGET><HTMLSTRING>nat-basic1</HTMLSTRING></HTMLLINK></SPECNAME><INSTNAME></INSTNAME><LEMNAME><HTMLLINK><HTMLTARGET>../../../../../lib/basic/specs/nat-basic1/export/neq-01/longlemmainfo.xml</HTMLTARGET><HTMLSTRING>neq-01</HTMLSTRING></HTMLLINK></LEMNAME></USED_SEQ><USED_SEQ><SPECNAME><HTMLLINK><HTMLTARGET>../../../../../lib/basic/specs/nat/export/unit.xml</HTMLTARGET><HTMLSTRING>nat</HTMLSTRING></HTMLLINK></SPECNAME><INSTNAME></INSTNAME><LEMNAME><HTMLLINK><HTMLTARGET>../../../../../lib/basic/specs/nat/export/elim-sub/longlemmainfo.xml</HTMLTARGET><HTMLSTRING>elim-sub</HTMLSTRING></HTMLLINK></LEMNAME></USED_SEQ><USED_SEQ><SPECNAME><HTMLLINK><HTMLTARGET>../../../../../lib/basic/specs/nat/export/unit.xml</HTMLTARGET><HTMLSTRING>nat</HTMLSTRING></HTMLLINK></SPECNAME><INSTNAME></INSTNAME><LEMNAME><HTMLLINK><HTMLTARGET>../../../../../lib/basic/specs/nat/export/ler/longlemmainfo.xml</HTMLTARGET><HTMLSTRING>ler</HTMLSTRING></HTMLLINK></LEMNAME></USED_SEQ><USED_SEQ><SPECNAME><HTMLLINK><HTMLTARGET>../../../../../lib/basic/specs/nat-basic2/export/unit.xml</HTMLTARGET><HTMLSTRING>nat-basic2</HTMLSTRING></HTMLLINK></SPECNAME><INSTNAME></INSTNAME><LEMNAME><HTMLLINK><HTMLTARGET>../../../../../lib/basic/specs/nat-basic2/export/succ/longlemmainfo.xml</HTMLTARGET><HTMLSTRING>succ</HTMLSTRING></HTMLLINK></LEMNAME></USED_SEQ><USED_SEQ><SPECNAME><HTMLLINK><HTMLTARGET>../../../../../lib/basic/specs/nat-basic1/export/unit.xml</HTMLTARGET><HTMLSTRING>nat-basic1</HTMLSTRING></HTMLLINK></SPECNAME><INSTNAME></INSTNAME><LEMNAME><HTMLLINK><HTMLTARGET>../../../../../lib/basic/specs/nat-basic1/export/trans-1/longlemmainfo.xml</HTMLTARGET><HTMLSTRING>trans-1</HTMLSTRING></HTMLLINK></LEMNAME></USED_SEQ><USED_SEQ><SPECNAME><HTMLLINK><HTMLTARGET>../../../../../lib/basic/specs/nat-basic1/export/unit.xml</HTMLTARGET><HTMLSTRING>nat-basic1</HTMLSTRING></HTMLLINK></SPECNAME><INSTNAME></INSTNAME><LEMNAME><HTMLLINK><HTMLTARGET>../../../../../lib/basic/specs/nat-basic1/export/lf/longlemmainfo.xml</HTMLTARGET><HTMLSTRING>lf</HTMLSTRING></HTMLLINK></LEMNAME></USED_SEQ><USED_SEQ><SPECNAME><HTMLLINK><HTMLTARGET>../../../../../lib/basic/specs/nat-basic1/export/unit.xml</HTMLTARGET><HTMLSTRING>nat-basic1</HTMLSTRING></HTMLLINK></SPECNAME><INSTNAME></INSTNAME><LEMNAME><HTMLLINK><HTMLTARGET>../../../../../lib/basic/specs/nat-basic1/export/lf-01/longlemmainfo.xml</HTMLTARGET><HTMLSTRING>lf-01</HTMLSTRING></HTMLLINK></LEMNAME></USED_SEQ><USED_SEQ><SPECNAME><HTMLLINK><HTMLTARGET>../../../../../lib/basic/specs/nat-basic1/export/unit.xml</HTMLTARGET><HTMLSTRING>nat-basic1</HTMLSTRING></HTMLLINK></SPECNAME><INSTNAME></INSTNAME><LEMNAME><HTMLLINK><HTMLTARGET>../../../../../lib/basic/specs/nat-basic1/export/lf-02/longlemmainfo.xml</HTMLTARGET><HTMLSTRING>lf-02</HTMLSTRING></HTMLLINK></LEMNAME></USED_SEQ><USED_SEQ><SPECNAME><HTMLLINK><HTMLTARGET>../../../../../lib/basic/specs/nat/export/unit.xml</HTMLTARGET><HTMLSTRING>nat</HTMLSTRING></HTMLLINK></SPECNAME><INSTNAME></INSTNAME><LEMNAME><HTMLLINK><HTMLTARGET>../../../../../lib/basic/specs/nat/export/ls/longlemmainfo.xml</HTMLTARGET><HTMLSTRING>ls</HTMLSTRING></HTMLLINK></LEMNAME></USED_SEQ><USED_SEQ><SPECNAME><HTMLLINK><HTMLTARGET>../../../../../lib/basic/specs/nat/export/unit.xml</HTMLTARGET><HTMLSTRING>nat</HTMLSTRING></HTMLLINK></SPECNAME><INSTNAME></INSTNAME><LEMNAME><HTMLLINK><HTMLTARGET>../../../../../lib/basic/specs/nat/export/lels-01/longlemmainfo.xml</HTMLTARGET><HTMLSTRING>lels-01</HTMLSTRING></HTMLLINK></LEMNAME></USED_SEQ><USED_SEQ><SPECNAME><HTMLLINK><HTMLTARGET>../../../../../lib/basic/specs/nat/export/unit.xml</HTMLTARGET><HTMLSTRING>nat</HTMLSTRING></HTMLLINK></SPECNAME><INSTNAME></INSTNAME><LEMNAME><HTMLLINK><HTMLTARGET>../../../../../lib/basic/specs/nat/export/let/longlemmainfo.xml</HTMLTARGET><HTMLSTRING>let</HTMLSTRING></HTMLLINK></LEMNAME></USED_SEQ><USED_SEQ><SPECNAME><HTMLLINK><HTMLTARGET>../../../../../lib/basic/specs/nat/export/unit.xml</HTMLTARGET><HTMLSTRING>nat</HTMLSTRING></HTMLLINK></SPECNAME><INSTNAME></INSTNAME><LEMNAME><HTMLLINK><HTMLTARGET>../../../../../lib/basic/specs/nat/export/fle-01/longlemmainfo.xml</HTMLTARGET><HTMLSTRING>fle-01</HTMLSTRING></HTMLLINK></LEMNAME></USED_SEQ><USED_SEQ><SPECNAME><HTMLLINK><HTMLTARGET>../../../../../lib/basic/specs/nat/export/unit.xml</HTMLTARGET><HTMLSTRING>nat</HTMLSTRING></HTMLLINK></SPECNAME><INSTNAME></INSTNAME><LEMNAME><HTMLLINK><HTMLTARGET>../../../../../lib/basic/specs/nat/export/fle/longlemmainfo.xml</HTMLTARGET><HTMLSTRING>fle</HTMLSTRING></HTMLLINK></LEMNAME></USED_SEQ><USED_SEQ><SPECNAME><HTMLLINK><HTMLTARGET>../../../../../lib/basic/specs/nat-basic1/export/unit.xml</HTMLTARGET><HTMLSTRING>nat-basic1</HTMLSTRING></HTMLLINK></SPECNAME><INSTNAME></INSTNAME><LEMNAME><HTMLLINK><HTMLTARGET>../../../../../lib/basic/specs/nat-basic1/export/f/longlemmainfo.xml</HTMLTARGET><HTMLSTRING>f</HTMLSTRING></HTMLLINK></LEMNAME></USED_SEQ><USED_SEQ><SPECNAME><HTMLLINK><HTMLTARGET>../../../../../lib/basic/specs/nat/export/unit.xml</HTMLTARGET><HTMLSTRING>nat</HTMLSTRING></HTMLLINK></SPECNAME><INSTNAME></INSTNAME><LEMNAME><HTMLLINK><HTMLTARGET>../../../../../lib/basic/specs/nat/export/lels-02/longlemmainfo.xml</HTMLTARGET><HTMLSTRING>lels-02</HTMLSTRING></HTMLLINK></LEMNAME></USED_SEQ><USED_SEQ><SPECNAME><HTMLLINK><HTMLTARGET>../../../../../lib/basic/specs/nat-basic1/export/unit.xml</HTMLTARGET><HTMLSTRING>nat-basic1</HTMLSTRING></HTMLLINK></SPECNAME><INSTNAME></INSTNAME><LEMNAME><HTMLLINK><HTMLTARGET>../../../../../lib/basic/specs/nat-basic1/export/ls-02/longlemmainfo.xml</HTMLTARGET><HTMLSTRING>ls-02</HTMLSTRING></HTMLLINK></LEMNAME></USED_SEQ><USED_SEQ><SPECNAME><HTMLLINK><HTMLTARGET>../../../../../lib/basic/specs/nat/export/unit.xml</HTMLTARGET><HTMLSTRING>nat</HTMLSTRING></HTMLLINK></SPECNAME><INSTNAME></INSTNAME><LEMNAME><HTMLLINK><HTMLTARGET>../../../../../lib/basic/specs/nat/export/eq/longlemmainfo.xml</HTMLTARGET><HTMLSTRING>eq</HTMLSTRING></HTMLLINK></LEMNAME></USED_SEQ><USED_SEQ><SPECNAME><HTMLLINK><HTMLTARGET>../../../../../lib/basic/specs/nat/export/unit.xml</HTMLTARGET><HTMLSTRING>nat</HTMLSTRING></HTMLLINK></SPECNAME><INSTNAME></INSTNAME><LEMNAME><HTMLLINK><HTMLTARGET>../../../../../lib/basic/specs/nat/export/lels/longlemmainfo.xml</HTMLTARGET><HTMLSTRING>lels</HTMLSTRING></HTMLLINK></LEMNAME></USED_SEQ><USED_SEQ><SPECNAME><HTMLLINK><HTMLTARGET>../../../../../lib/basic/specs/nat/export/unit.xml</HTMLTARGET><HTMLSTRING>nat</HTMLSTRING></HTMLLINK></SPECNAME><INSTNAME></INSTNAME><LEMNAME><HTMLLINK><HTMLTARGET>../../../../../lib/basic/specs/nat/export/succ-01/longlemmainfo.xml</HTMLTARGET><HTMLSTRING>succ-01</HTMLSTRING></HTMLLINK></LEMNAME></USED_SEQ><USED_SEQ><SPECNAME><HTMLLINK><HTMLTARGET>../../../../../lib/basic/specs/nat-basic1/export/unit.xml</HTMLTARGET><HTMLSTRING>nat-basic1</HTMLSTRING></HTMLLINK></SPECNAME><INSTNAME></INSTNAME><LEMNAME><HTMLLINK><HTMLTARGET>../../../../../lib/basic/specs/nat-basic1/export/zero/longlemmainfo.xml</HTMLTARGET><HTMLSTRING>zero</HTMLSTRING></HTMLLINK></LEMNAME></USED_SEQ><USED_SEQ><SPECNAME><HTMLLINK><HTMLTARGET>../../../../../lib/basic/specs/nat-basic1/export/unit.xml</HTMLTARGET><HTMLSTRING>nat-basic1</HTMLSTRING></HTMLLINK></SPECNAME><INSTNAME></INSTNAME><LEMNAME><HTMLLINK><HTMLTARGET>../../../../../lib/basic/specs/nat-basic1/export/ref-1/longlemmainfo.xml</HTMLTARGET><HTMLSTRING>ref-1</HTMLSTRING></HTMLLINK></LEMNAME></USED_SEQ><USED_SEQ><SPECNAME><HTMLLINK><HTMLTARGET>../../../../../lib/basic/specs/nat-basic2/export/unit.xml</HTMLTARGET><HTMLSTRING>nat-basic2</HTMLSTRING></HTMLLINK></SPECNAME><INSTNAME></INSTNAME><LEMNAME><HTMLLINK><HTMLTARGET>../../../../../lib/basic/specs/nat-basic2/export/s/longlemmainfo.xml</HTMLTARGET><HTMLSTRING>s</HTMLSTRING></HTMLLINK></LEMNAME></USED_SEQ><USED_SEQ><SPECNAME><HTMLLINK><HTMLTARGET>../../../../../lib/basic/specs/nat/export/unit.xml</HTMLTARGET><HTMLSTRING>nat</HTMLSTRING></HTMLLINK></SPECNAME><INSTNAME></INSTNAME><LEMNAME><HTMLLINK><HTMLTARGET>../../../../../lib/basic/specs/nat/export/anti/longlemmainfo.xml</HTMLTARGET><HTMLSTRING>anti</HTMLSTRING></HTMLLINK></LEMNAME></USED_SEQ><USED_SEQ><SPECNAME><HTMLLINK><HTMLTARGET>../../../../../lib/basic/specs/nat-basic2/export/unit.xml</HTMLTARGET><HTMLSTRING>nat-basic2</HTMLSTRING></HTMLLINK></SPECNAME><INSTNAME></INSTNAME><LEMNAME><HTMLLINK><HTMLTARGET>../../../../../lib/basic/specs/nat-basic2/export/c/longlemmainfo.xml</HTMLTARGET><HTMLSTRING>c</HTMLSTRING></HTMLLINK></LEMNAME></USED_SEQ><USED_SEQ><SPECNAME><HTMLLINK><HTMLTARGET>../../../../../lib/basic/specs/nat-basic2/export/unit.xml</HTMLTARGET><HTMLSTRING>nat-basic2</HTMLSTRING></HTMLLINK></SPECNAME><INSTNAME></INSTNAME><LEMNAME><HTMLLINK><HTMLTARGET>../../../../../lib/basic/specs/nat-basic2/export/a/longlemmainfo.xml</HTMLTARGET><HTMLSTRING>a</HTMLSTRING></HTMLLINK></LEMNAME></USED_SEQ><USED_SEQ><SPECNAME><HTMLLINK><HTMLTARGET>../../../../../lib/basic/specs/nat-basic2/export/unit.xml</HTMLTARGET><HTMLSTRING>nat-basic2</HTMLSTRING></HTMLLINK></SPECNAME><INSTNAME></INSTNAME><LEMNAME><HTMLLINK><HTMLTARGET>../../../../../lib/basic/specs/nat-basic2/export/oz/longlemmainfo.xml</HTMLTARGET><HTMLSTRING>oz</HTMLSTRING></HTMLLINK></LEMNAME></USED_SEQ><USED_SEQ><SPECNAME><HTMLLINK><HTMLTARGET>../../../../../lib/basic/specs/nat/export/unit.xml</HTMLTARGET><HTMLSTRING>nat</HTMLSTRING></HTMLLINK></SPECNAME><INSTNAME></INSTNAME><LEMNAME><HTMLLINK><HTMLTARGET>../../../../../lib/basic/specs/nat/export/elim-pred-c/longlemmainfo.xml</HTMLTARGET><HTMLSTRING>elim-pred-c</HTMLSTRING></HTMLLINK></LEMNAME></USED_SEQ><USED_SEQ><SPECNAME><HTMLLINK><HTMLTARGET>../../../../../lib/basic/specs/nat/export/unit.xml</HTMLTARGET><HTMLSTRING>nat</HTMLSTRING></HTMLLINK></SPECNAME><INSTNAME></INSTNAME><LEMNAME><HTMLLINK><HTMLTARGET>../../../../../lib/basic/specs/nat/export/lez/longlemmainfo.xml</HTMLTARGET><HTMLSTRING>lez</HTMLSTRING></HTMLLINK></LEMNAME></USED_SEQ></USED_SIMPRULES></LONGLEMMAINFO>