<?xml version="1.0" encoding="UTF-8"?>
<?xml-stylesheet type="text/xsl" href="../../../lemmabase.xsl"?>
<LEMMABASE name="Specification nat-array"><LEMMAVERSION><VERSION><THEVERSION>0</THEVERSION></VERSION></LEMMAVERSION><TOFILE><T/></TOFILE><LEMMADIR><DIRECTORY><TRUENAME>specs/nat-array/proofs/</TRUENAME></DIRECTORY></LEMMADIR><VALIDBASE><T/></VALIDBASE><SAVELEMMAS><F/></SAVELEMMAS><BASEDATE>3526719035</BASEDATE><MODIFIEDLEMMAS><LIST></LIST></MODIFIEDLEMMAS><ADDEDLEMMAS><LIST></LIST></ADDEDLEMMAS><OWNLOCKEDLEMMAS><LIST></LIST></OWNLOCKEDLEMMAS><OTHERLOCKEDLEMMAS><LIST></LIST></OTHERLOCKEDLEMMAS><LEMMADECLS><LIST></LIST></LEMMADECLS><THELEMMAS><LIST></LIST></THELEMMAS><EXTRALEMMABASE><NOEXTRALEMMABASE/></EXTRALEMMABASE><THEFTS><LIST></LIST></THEFTS><EXTRALBSLOT2><LIST></LIST></EXTRALBSLOT2></LEMMABASE>