<?xml version="1.0" encoding="UTF-8"?>
<?xml-stylesheet type="text/xsl" href="project.xsl"?>
<PROJECT><PROJECTNAME>challenge2</PROJECTNAME><EXTUNITNAME><EXTUNITNAME>challenge2</EXTUNITNAME><EXTUNITTYPE>specification</EXTUNITTYPE><EXTUNITSTATUS><UNITPROVED/></EXTUNITSTATUS><EXTUNITLIB><F/></EXTUNITLIB><EXTUNITPROJECT></EXTUNITPROJECT><EXTUNITPATH>specs/challenge2/export/</EXTUNITPATH></EXTUNITNAME><EXTUNITNAME><EXTUNITNAME>elem</EXTUNITNAME><EXTUNITTYPE>specification</EXTUNITTYPE><EXTUNITSTATUS><UNITINSTALLED/></EXTUNITSTATUS><EXTUNITLIB><T/></EXTUNITLIB><EXTUNITPROJECT>lib-basic</EXTUNITPROJECT><EXTUNITPATH>../lib/basic/specs/elem/export/</EXTUNITPATH></EXTUNITNAME><EXTUNITNAME><EXTUNITNAME>heap</EXTUNITNAME><EXTUNITTYPE>specification</EXTUNITTYPE><EXTUNITSTATUS><UNITINSTALLED/></EXTUNITSTATUS><EXTUNITLIB><T/></EXTUNITLIB><EXTUNITPROJECT>separation</EXTUNITPROJECT><EXTUNITPATH>../lib/separation/specs/heap/export/</EXTUNITPATH></EXTUNITNAME><EXTUNITNAME><EXTUNITNAME>heap-param</EXTUNITNAME><EXTUNITTYPE>specification</EXTUNITTYPE><EXTUNITSTATUS><UNITINSTALLED/></EXTUNITSTATUS><EXTUNITLIB><T/></EXTUNITLIB><EXTUNITPROJECT>separation</EXTUNITPROJECT><EXTUNITPATH>../lib/separation/specs/heap-param/export/</EXTUNITPATH></EXTUNITNAME><EXTUNITNAME><EXTUNITNAME>heap-sep</EXTUNITNAME><EXTUNITTYPE>specification</EXTUNITTYPE><EXTUNITSTATUS><UNITINSTALLED/></EXTUNITSTATUS><EXTUNITLIB><T/></EXTUNITLIB><EXTUNITPROJECT>separation</EXTUNITPROJECT><EXTUNITPATH>../lib/separation/specs/heap-sep/export/</EXTUNITPATH></EXTUNITNAME><EXTUNITNAME><EXTUNITNAME>heap-sep-inst</EXTUNITNAME><EXTUNITTYPE>specification</EXTUNITTYPE><EXTUNITSTATUS><UNITINSTALLED/></EXTUNITSTATUS><EXTUNITLIB><T/></EXTUNITLIB><EXTUNITPROJECT>separation</EXTUNITPROJECT><EXTUNITPATH>../lib/separation/specs/heap-sep-inst/export/</EXTUNITPATH></EXTUNITNAME><EXTUNITNAME><EXTUNITNAME>int-abs</EXTUNITNAME><EXTUNITTYPE>specification</EXTUNITTYPE><EXTUNITSTATUS><UNITINSTALLED/></EXTUNITSTATUS><EXTUNITLIB><T/></EXTUNITLIB><EXTUNITPROJECT>lib-basic</EXTUNITPROJECT><EXTUNITPATH>../lib/basic/specs/int-abs/export/</EXTUNITPATH></EXTUNITNAME><EXTUNITNAME><EXTUNITNAME>int-basic1</EXTUNITNAME><EXTUNITTYPE>specification</EXTUNITTYPE><EXTUNITSTATUS><UNITINSTALLED/></EXTUNITSTATUS><EXTUNITLIB><T/></EXTUNITLIB><EXTUNITPROJECT>lib-basic</EXTUNITPROJECT><EXTUNITPATH>../lib/basic/specs/int-basic1/export/</EXTUNITPATH></EXTUNITNAME><EXTUNITNAME><EXTUNITNAME>int-basic2</EXTUNITNAME><EXTUNITTYPE>specification</EXTUNITTYPE><EXTUNITSTATUS><UNITINSTALLED/></EXTUNITSTATUS><EXTUNITLIB><T/></EXTUNITLIB><EXTUNITPROJECT>lib-basic</EXTUNITPROJECT><EXTUNITPATH>../lib/basic/specs/int-basic2/export/</EXTUNITPATH></EXTUNITNAME><EXTUNITNAME><EXTUNITNAME>int-div</EXTUNITNAME><EXTUNITTYPE>specification</EXTUNITTYPE><EXTUNITSTATUS><UNITINSTALLED/></EXTUNITSTATUS><EXTUNITLIB><T/></EXTUNITLIB><EXTUNITPROJECT>lib-basic</EXTUNITPROJECT><EXTUNITPATH>../lib/basic/specs/int-div/export/</EXTUNITPATH></EXTUNITNAME><EXTUNITNAME><EXTUNITNAME>int-min</EXTUNITNAME><EXTUNITTYPE>specification</EXTUNITTYPE><EXTUNITSTATUS><UNITINSTALLED/></EXTUNITSTATUS><EXTUNITLIB><T/></EXTUNITLIB><EXTUNITPROJECT>lib-basic</EXTUNITPROJECT><EXTUNITPATH>../lib/basic/specs/int-min/export/</EXTUNITPATH></EXTUNITNAME><EXTUNITNAME><EXTUNITNAME>int-mult</EXTUNITNAME><EXTUNITTYPE>specification</EXTUNITTYPE><EXTUNITSTATUS><UNITINSTALLED/></EXTUNITSTATUS><EXTUNITLIB><T/></EXTUNITLIB><EXTUNITPROJECT>lib-basic</EXTUNITPROJECT><EXTUNITPATH>../lib/basic/specs/int-mult/export/</EXTUNITPATH></EXTUNITNAME><EXTUNITNAME><EXTUNITNAME>int-tree</EXTUNITNAME><EXTUNITTYPE>specification</EXTUNITTYPE><EXTUNITSTATUS><UNITPROVED/></EXTUNITSTATUS><EXTUNITLIB><F/></EXTUNITLIB><EXTUNITPROJECT></EXTUNITPROJECT><EXTUNITPATH>specs/int-tree/export/</EXTUNITPATH></EXTUNITNAME><EXTUNITNAME><EXTUNITNAME>linked-tree</EXTUNITNAME><EXTUNITTYPE>specification</EXTUNITTYPE><EXTUNITSTATUS><UNITINSTALLED/></EXTUNITSTATUS><EXTUNITLIB><T/></EXTUNITLIB><EXTUNITPROJECT>datastructures</EXTUNITPROJECT><EXTUNITPATH>../datastructures/specs/linked-tree/export/</EXTUNITPATH></EXTUNITNAME><EXTUNITNAME><EXTUNITNAME>maplet</EXTUNITNAME><EXTUNITTYPE>specification</EXTUNITTYPE><EXTUNITSTATUS><UNITINSTALLED/></EXTUNITSTATUS><EXTUNITLIB><T/></EXTUNITLIB><EXTUNITPROJECT>separation</EXTUNITPROJECT><EXTUNITPATH>../lib/separation/specs/maplet/export/</EXTUNITPATH></EXTUNITNAME><EXTUNITNAME><EXTUNITNAME>maplet-exec</EXTUNITNAME><EXTUNITTYPE>specification</EXTUNITTYPE><EXTUNITSTATUS><UNITINSTALLED/></EXTUNITSTATUS><EXTUNITLIB><T/></EXTUNITLIB><EXTUNITPROJECT>separation</EXTUNITPROJECT><EXTUNITPATH>../lib/separation/specs/maplet-exec/export/</EXTUNITPATH></EXTUNITNAME><EXTUNITNAME><EXTUNITNAME>maplet-exec-inst</EXTUNITNAME><EXTUNITTYPE>specification</EXTUNITTYPE><EXTUNITSTATUS><UNITINSTALLED/></EXTUNITSTATUS><EXTUNITLIB><T/></EXTUNITLIB><EXTUNITPROJECT>separation</EXTUNITPROJECT><EXTUNITPATH>../lib/separation/specs/maplet-exec-inst/export/</EXTUNITPATH></EXTUNITNAME><EXTUNITNAME><EXTUNITNAME>maplet-param</EXTUNITNAME><EXTUNITTYPE>specification</EXTUNITTYPE><EXTUNITSTATUS><UNITINSTALLED/></EXTUNITSTATUS><EXTUNITLIB><T/></EXTUNITLIB><EXTUNITPROJECT>separation</EXTUNITPROJECT><EXTUNITPATH>../lib/separation/specs/maplet-param/export/</EXTUNITPATH></EXTUNITNAME><EXTUNITNAME><EXTUNITNAME>nat</EXTUNITNAME><EXTUNITTYPE>specification</EXTUNITTYPE><EXTUNITSTATUS><UNITINSTALLED/></EXTUNITSTATUS><EXTUNITLIB><T/></EXTUNITLIB><EXTUNITPROJECT>lib-basic</EXTUNITPROJECT><EXTUNITPATH>../lib/basic/specs/nat/export/</EXTUNITPATH></EXTUNITNAME><EXTUNITNAME><EXTUNITNAME>nat-basic1</EXTUNITNAME><EXTUNITTYPE>specification</EXTUNITTYPE><EXTUNITSTATUS><UNITINSTALLED/></EXTUNITSTATUS><EXTUNITLIB><T/></EXTUNITLIB><EXTUNITPROJECT>lib-basic</EXTUNITPROJECT><EXTUNITPATH>../lib/basic/specs/nat-basic1/export/</EXTUNITPATH></EXTUNITNAME><EXTUNITNAME><EXTUNITNAME>nat-basic2</EXTUNITNAME><EXTUNITTYPE>specification</EXTUNITTYPE><EXTUNITSTATUS><UNITINSTALLED/></EXTUNITSTATUS><EXTUNITLIB><T/></EXTUNITLIB><EXTUNITPROJECT>lib-basic</EXTUNITPROJECT><EXTUNITPATH>../lib/basic/specs/nat-basic2/export/</EXTUNITPATH></EXTUNITNAME><EXTUNITNAME><EXTUNITNAME>node</EXTUNITNAME><EXTUNITTYPE>specification</EXTUNITTYPE><EXTUNITSTATUS><UNITINSTALLED/></EXTUNITSTATUS><EXTUNITLIB><T/></EXTUNITLIB><EXTUNITPROJECT>datastructures</EXTUNITPROJECT><EXTUNITPATH>../datastructures/specs/node/export/</EXTUNITPATH></EXTUNITNAME><EXTUNITNAME><EXTUNITNAME>node-heap</EXTUNITNAME><EXTUNITTYPE>specification</EXTUNITTYPE><EXTUNITSTATUS><UNITINSTALLED/></EXTUNITSTATUS><EXTUNITLIB><T/></EXTUNITLIB><EXTUNITPROJECT>datastructures</EXTUNITPROJECT><EXTUNITPATH>../datastructures/specs/node-heap/export/</EXTUNITPATH></EXTUNITNAME><EXTUNITNAME><EXTUNITNAME>obj</EXTUNITNAME><EXTUNITTYPE>specification</EXTUNITTYPE><EXTUNITSTATUS><UNITINSTALLED/></EXTUNITSTATUS><EXTUNITLIB><T/></EXTUNITLIB><EXTUNITPROJECT>separation</EXTUNITPROJECT><EXTUNITPATH>../lib/separation/specs/obj/export/</EXTUNITPATH></EXTUNITNAME><EXTUNITNAME><EXTUNITNAME>ref</EXTUNITNAME><EXTUNITTYPE>specification</EXTUNITTYPE><EXTUNITSTATUS><UNITINSTALLED/></EXTUNITSTATUS><EXTUNITLIB><T/></EXTUNITLIB><EXTUNITPROJECT>separation</EXTUNITPROJECT><EXTUNITPATH>../lib/separation/specs/ref/export/</EXTUNITPATH></EXTUNITNAME><EXTUNITNAME><EXTUNITNAME>refobj</EXTUNITNAME><EXTUNITTYPE>specification</EXTUNITTYPE><EXTUNITSTATUS><UNITINSTALLED/></EXTUNITSTATUS><EXTUNITLIB><T/></EXTUNITLIB><EXTUNITPROJECT>separation</EXTUNITPROJECT><EXTUNITPATH>../lib/separation/specs/refobj/export/</EXTUNITPATH></EXTUNITNAME><EXTUNITNAME><EXTUNITNAME>tree</EXTUNITNAME><EXTUNITTYPE>specification</EXTUNITTYPE><EXTUNITSTATUS><UNITINSTALLED/></EXTUNITSTATUS><EXTUNITLIB><T/></EXTUNITLIB><EXTUNITPROJECT>datastructures</EXTUNITPROJECT><EXTUNITPATH>../datastructures/specs/tree/export/</EXTUNITPATH></EXTUNITNAME></PROJECT>