<?xml version="1.0" encoding="UTF-8"?>
<?xml-stylesheet type="text/xsl" href="projectsymbols.xsl"?>
<PROJECTSYMBOLS><SYMENTRY><SYMBOL>#</SYMBOL><SPECNAME><HTMLLINK><HTMLTARGET>../datastructures/specs/tree/export/unit.xml</HTMLTARGET><HTMLSTRING>tree</HTMLSTRING></HTMLLINK></SPECNAME><TYPE>function</TYPE><SIGENTRY>tree → nat</SIGENTRY></SYMENTRY><SYMENTRY><SYMBOL>#</SYMBOL><SPECNAME><HTMLLINK><HTMLTARGET>../lib/separation/specs/heap/export/unit.xml</HTMLTARGET><HTMLSTRING>heap</HTMLSTRING></HTMLLINK></SPECNAME><TYPE>function</TYPE><SIGENTRY>heap → nat</SIGENTRY></SYMENTRY><SYMENTRY><SYMBOL>%</SYMBOL><SPECNAME><HTMLLINK><HTMLTARGET>../lib/basic/specs/int-div/export/unit.xml</HTMLTARGET><HTMLSTRING>int-div</HTMLSTRING></HTMLLINK></SPECNAME><TYPE>function</TYPE><SIGENTRY>int × int → int</SIGENTRY></SYMENTRY><SYMENTRY><SYMBOL>*</SYMBOL><SPECNAME><HTMLLINK><HTMLTARGET>../lib/basic/specs/int-mult/export/unit.xml</HTMLTARGET><HTMLSTRING>int-mult</HTMLSTRING></HTMLLINK></SPECNAME><TYPE>function</TYPE><SIGENTRY>int × int → int</SIGENTRY></SYMENTRY><SYMENTRY><SYMBOL>*</SYMBOL><SPECNAME><HTMLLINK><HTMLTARGET>../lib/separation/specs/heap-sep/export/unit.xml</HTMLTARGET><HTMLSTRING>heap-sep</HTMLSTRING></HTMLLINK></SPECNAME><TYPE>function</TYPE><SIGENTRY>heap → bool × heap → bool → heap → bool</SIGENTRY></SYMENTRY><SYMENTRY><SYMBOL>+</SYMBOL><SPECNAME><HTMLLINK><HTMLTARGET>../lib/basic/specs/int-basic2/export/unit.xml</HTMLTARGET><HTMLSTRING>int-basic2</HTMLSTRING></HTMLLINK></SPECNAME><TYPE>function</TYPE><SIGENTRY>int × int → int</SIGENTRY></SYMENTRY><SYMENTRY><SYMBOL>+</SYMBOL><SPECNAME><HTMLLINK><HTMLTARGET>../lib/basic/specs/nat-basic2/export/unit.xml</HTMLTARGET><HTMLSTRING>nat-basic2</HTMLSTRING></HTMLLINK></SPECNAME><TYPE>function</TYPE><SIGENTRY>nat × nat → nat</SIGENTRY></SYMENTRY><SYMENTRY><SYMBOL>++</SYMBOL><SPECNAME><HTMLLINK><HTMLTARGET>../lib/separation/specs/heap/export/unit.xml</HTMLTARGET><HTMLSTRING>heap</HTMLSTRING></HTMLLINK></SPECNAME><TYPE>function</TYPE><SIGENTRY>heap × ref → heap</SIGENTRY></SYMENTRY><SYMENTRY><SYMBOL>+1</SYMBOL><SPECNAME><HTMLLINK><HTMLTARGET>../lib/basic/specs/int-basic1/export/unit.xml</HTMLTARGET><HTMLSTRING>int-basic1</HTMLSTRING></HTMLLINK></SPECNAME><TYPE>function</TYPE><SIGENTRY>int → int</SIGENTRY></SYMENTRY><SYMENTRY><SYMBOL>+1</SYMBOL><SPECNAME><HTMLLINK><HTMLTARGET>../lib/basic/specs/nat-basic1/export/unit.xml</HTMLTARGET><HTMLSTRING>nat-basic1</HTMLSTRING></HTMLLINK></SPECNAME><TYPE>function</TYPE><SIGENTRY>nat → nat</SIGENTRY></SYMENTRY><SYMENTRY><SYMBOL>-</SYMBOL><SPECNAME><HTMLLINK><HTMLTARGET>../lib/basic/specs/int-abs/export/unit.xml</HTMLTARGET><HTMLSTRING>int-abs</HTMLSTRING></HTMLLINK></SPECNAME><TYPE>function</TYPE><SIGENTRY>int × int → int</SIGENTRY></SYMENTRY><SYMENTRY><SYMBOL>-</SYMBOL><SPECNAME><HTMLLINK><HTMLTARGET>../lib/basic/specs/nat/export/unit.xml</HTMLTARGET><HTMLSTRING>nat</HTMLSTRING></HTMLLINK></SPECNAME><TYPE>function</TYPE><SIGENTRY>nat × nat → nat</SIGENTRY></SYMENTRY><SYMENTRY><SYMBOL>-*</SYMBOL><SPECNAME><HTMLLINK><HTMLTARGET>../lib/separation/specs/heap-sep/export/unit.xml</HTMLTARGET><HTMLSTRING>heap-sep</HTMLSTRING></HTMLLINK></SPECNAME><TYPE>function</TYPE><SIGENTRY>heap → bool × heap → bool → heap → bool</SIGENTRY></SYMENTRY><SYMENTRY><SYMBOL>--</SYMBOL><SPECNAME><HTMLLINK><HTMLTARGET>../lib/separation/specs/heap/export/unit.xml</HTMLTARGET><HTMLSTRING>heap</HTMLSTRING></HTMLLINK></SPECNAME><TYPE>function</TYPE><SIGENTRY>heap × ref → heap</SIGENTRY></SYMENTRY><SYMENTRY><SYMBOL>-1</SYMBOL><SPECNAME><HTMLLINK><HTMLTARGET>../lib/basic/specs/int-basic1/export/unit.xml</HTMLTARGET><HTMLSTRING>int-basic1</HTMLSTRING></HTMLLINK></SPECNAME><TYPE>function</TYPE><SIGENTRY>int → int</SIGENTRY></SYMENTRY><SYMENTRY><SYMBOL>-1</SYMBOL><SPECNAME><HTMLLINK><HTMLTARGET>../lib/basic/specs/nat-basic1/export/unit.xml</HTMLTARGET><HTMLSTRING>nat-basic1</HTMLSTRING></HTMLLINK></SPECNAME><TYPE>function</TYPE><SIGENTRY>nat → nat</SIGENTRY></SYMENTRY><SYMENTRY><SYMBOL>-⊗</SYMBOL><SPECNAME><HTMLLINK><HTMLTARGET>../lib/separation/specs/heap-sep/export/unit.xml</HTMLTARGET><HTMLSTRING>heap-sep</HTMLSTRING></HTMLLINK></SPECNAME><TYPE>function</TYPE><SIGENTRY>heap → bool × heap → bool → heap → bool</SIGENTRY></SYMENTRY><SYMENTRY><SYMBOL>.left</SYMBOL><SPECNAME><HTMLLINK><HTMLTARGET>../datastructures/specs/tree/export/unit.xml</HTMLTARGET><HTMLSTRING>tree</HTMLSTRING></HTMLLINK></SPECNAME><TYPE>function</TYPE><SIGENTRY>tree → tree</SIGENTRY></SYMENTRY><SYMENTRY><SYMBOL>.left</SYMBOL><SPECNAME><HTMLLINK><HTMLTARGET>../datastructures/specs/node/export/unit.xml</HTMLTARGET><HTMLSTRING>node</HTMLSTRING></HTMLLINK></SPECNAME><TYPE>function</TYPE><SIGENTRY>node → ref</SIGENTRY></SYMENTRY><SYMENTRY><SYMBOL>.left:=</SYMBOL><SPECNAME><HTMLLINK><HTMLTARGET>../datastructures/specs/tree/export/unit.xml</HTMLTARGET><HTMLSTRING>tree</HTMLSTRING></HTMLLINK></SPECNAME><TYPE>function</TYPE><SIGENTRY>tree × tree → tree</SIGENTRY></SYMENTRY><SYMENTRY><SYMBOL>.left:=</SYMBOL><SPECNAME><HTMLLINK><HTMLTARGET>../datastructures/specs/node/export/unit.xml</HTMLTARGET><HTMLSTRING>node</HTMLSTRING></HTMLLINK></SPECNAME><TYPE>function</TYPE><SIGENTRY>node × ref → node</SIGENTRY></SYMENTRY><SYMENTRY><SYMBOL>.new</SYMBOL><SPECNAME><HTMLLINK><HTMLTARGET>../datastructures/specs/node-heap/export/unit.xml</HTMLTARGET><HTMLSTRING>node-heap</HTMLSTRING></HTMLLINK></SPECNAME><TYPE>function</TYPE><SIGENTRY>heap × ref × node → heap</SIGENTRY></SYMENTRY><SYMENTRY><SYMBOL>.new</SYMBOL><SPECNAME><HTMLLINK><HTMLTARGET>../lib/separation/specs/heap/export/unit.xml</HTMLTARGET><HTMLSTRING>heap</HTMLSTRING></HTMLLINK></SPECNAME><TYPE>function</TYPE><SIGENTRY>heap × ref × obj → heap</SIGENTRY></SYMENTRY><SYMENTRY><SYMBOL>.new</SYMBOL><SPECNAME><HTMLLINK><HTMLTARGET>../lib/separation/specs/maplet-param/export/unit.xml</HTMLTARGET><HTMLSTRING>maplet-param</HTMLSTRING></HTMLLINK></SPECNAME><TYPE>function</TYPE><SIGENTRY>heap × ref × obj → heap</SIGENTRY></SYMENTRY><SYMENTRY><SYMBOL>.right</SYMBOL><SPECNAME><HTMLLINK><HTMLTARGET>../datastructures/specs/tree/export/unit.xml</HTMLTARGET><HTMLSTRING>tree</HTMLSTRING></HTMLLINK></SPECNAME><TYPE>function</TYPE><SIGENTRY>tree → tree</SIGENTRY></SYMENTRY><SYMENTRY><SYMBOL>.right</SYMBOL><SPECNAME><HTMLLINK><HTMLTARGET>../datastructures/specs/node/export/unit.xml</HTMLTARGET><HTMLSTRING>node</HTMLSTRING></HTMLLINK></SPECNAME><TYPE>function</TYPE><SIGENTRY>node → ref</SIGENTRY></SYMENTRY><SYMENTRY><SYMBOL>.right:=</SYMBOL><SPECNAME><HTMLLINK><HTMLTARGET>../datastructures/specs/tree/export/unit.xml</HTMLTARGET><HTMLSTRING>tree</HTMLSTRING></HTMLLINK></SPECNAME><TYPE>function</TYPE><SIGENTRY>tree × tree → tree</SIGENTRY></SYMENTRY><SYMENTRY><SYMBOL>.right:=</SYMBOL><SPECNAME><HTMLLINK><HTMLTARGET>../datastructures/specs/node/export/unit.xml</HTMLTARGET><HTMLSTRING>node</HTMLSTRING></HTMLLINK></SPECNAME><TYPE>function</TYPE><SIGENTRY>node × ref → node</SIGENTRY></SYMENTRY><SYMENTRY><SYMBOL>.val</SYMBOL><SPECNAME><HTMLLINK><HTMLTARGET>specs/int-tree/export/unit.xml</HTMLTARGET><HTMLSTRING>int-tree</HTMLSTRING></HTMLLINK></SPECNAME><TYPE>function</TYPE><SIGENTRY>node → int</SIGENTRY></SYMENTRY><SYMENTRY><SYMBOL>.val</SYMBOL><SPECNAME><HTMLLINK><HTMLTARGET>specs/int-tree/export/unit.xml</HTMLTARGET><HTMLSTRING>int-tree</HTMLSTRING></HTMLLINK></SPECNAME><TYPE>function</TYPE><SIGENTRY>tree → int</SIGENTRY></SYMENTRY><SYMENTRY><SYMBOL>.val</SYMBOL><SPECNAME><HTMLLINK><HTMLTARGET>../datastructures/specs/tree/export/unit.xml</HTMLTARGET><HTMLSTRING>tree</HTMLSTRING></HTMLLINK></SPECNAME><TYPE>function</TYPE><SIGENTRY>tree → elem</SIGENTRY></SYMENTRY><SYMENTRY><SYMBOL>.val</SYMBOL><SPECNAME><HTMLLINK><HTMLTARGET>../datastructures/specs/node/export/unit.xml</HTMLTARGET><HTMLSTRING>node</HTMLSTRING></HTMLLINK></SPECNAME><TYPE>function</TYPE><SIGENTRY>node → elem</SIGENTRY></SYMENTRY><SYMENTRY><SYMBOL>.val:=</SYMBOL><SPECNAME><HTMLLINK><HTMLTARGET>specs/int-tree/export/unit.xml</HTMLTARGET><HTMLSTRING>int-tree</HTMLSTRING></HTMLLINK></SPECNAME><TYPE>function</TYPE><SIGENTRY>node × int → node</SIGENTRY></SYMENTRY><SYMENTRY><SYMBOL>.val:=</SYMBOL><SPECNAME><HTMLLINK><HTMLTARGET>specs/int-tree/export/unit.xml</HTMLTARGET><HTMLSTRING>int-tree</HTMLSTRING></HTMLLINK></SPECNAME><TYPE>function</TYPE><SIGENTRY>tree × int → tree</SIGENTRY></SYMENTRY><SYMENTRY><SYMBOL>.val:=</SYMBOL><SPECNAME><HTMLLINK><HTMLTARGET>../datastructures/specs/tree/export/unit.xml</HTMLTARGET><HTMLSTRING>tree</HTMLSTRING></HTMLLINK></SPECNAME><TYPE>function</TYPE><SIGENTRY>tree × elem → tree</SIGENTRY></SYMENTRY><SYMENTRY><SYMBOL>.val:=</SYMBOL><SPECNAME><HTMLLINK><HTMLTARGET>../datastructures/specs/node/export/unit.xml</HTMLTARGET><HTMLSTRING>node</HTMLSTRING></HTMLLINK></SPECNAME><TYPE>function</TYPE><SIGENTRY>node × elem → node</SIGENTRY></SYMENTRY><SYMENTRY><SYMBOL>/</SYMBOL><SPECNAME><HTMLLINK><HTMLTARGET>../lib/basic/specs/int-div/export/unit.xml</HTMLTARGET><HTMLSTRING>int-div</HTMLSTRING></HTMLLINK></SPECNAME><TYPE>function</TYPE><SIGENTRY>int × int → int</SIGENTRY></SYMENTRY><SYMENTRY><SYMBOL>&lt;</SYMBOL><SPECNAME><HTMLLINK><HTMLTARGET>../lib/basic/specs/int-basic1/export/unit.xml</HTMLTARGET><HTMLSTRING>int-basic1</HTMLSTRING></HTMLLINK></SPECNAME><TYPE>predicate</TYPE><SIGENTRY>int × int</SIGENTRY></SYMENTRY><SYMENTRY><SYMBOL>&lt;</SYMBOL><SPECNAME><HTMLLINK><HTMLTARGET>../lib/basic/specs/nat-basic1/export/unit.xml</HTMLTARGET><HTMLSTRING>nat-basic1</HTMLSTRING></HTMLLINK></SPECNAME><TYPE>predicate</TYPE><SIGENTRY>nat × nat</SIGENTRY></SYMENTRY><SYMENTRY><SYMBOL>=&gt;</SYMBOL><SPECNAME><HTMLLINK><HTMLTARGET>../datastructures/specs/node-heap/export/unit.xml</HTMLTARGET><HTMLSTRING>node-heap</HTMLSTRING></HTMLLINK></SPECNAME><TYPE>function</TYPE><SIGENTRY>ref × node → heap → bool</SIGENTRY></SYMENTRY><SYMENTRY><SYMBOL>=&gt;</SYMBOL><SPECNAME><HTMLLINK><HTMLTARGET>../lib/separation/specs/maplet/export/unit.xml</HTMLTARGET><HTMLSTRING>maplet</HTMLSTRING></HTMLLINK></SPECNAME><TYPE>function</TYPE><SIGENTRY>ref × obj → heap → bool</SIGENTRY></SYMENTRY><SYMENTRY><SYMBOL>=&gt;?</SYMBOL><SPECNAME><HTMLLINK><HTMLTARGET>../lib/separation/specs/maplet/export/unit.xml</HTMLTARGET><HTMLSTRING>maplet</HTMLSTRING></HTMLLINK></SPECNAME><TYPE>function</TYPE><SIGENTRY>ref → heap → bool</SIGENTRY></SYMENTRY><SYMENTRY><SYMBOL>=&gt;_</SYMBOL><SPECNAME><HTMLLINK><HTMLTARGET>../lib/separation/specs/maplet/export/unit.xml</HTMLTARGET><HTMLSTRING>maplet</HTMLSTRING></HTMLLINK></SPECNAME><TYPE>function</TYPE><SIGENTRY>ref → heap → bool</SIGENTRY></SYMENTRY><SYMENTRY><SYMBOL>&gt;</SYMBOL><SPECNAME><HTMLLINK><HTMLTARGET>../lib/basic/specs/int-abs/export/unit.xml</HTMLTARGET><HTMLSTRING>int-abs</HTMLSTRING></HTMLLINK></SPECNAME><TYPE>predicate</TYPE><SIGENTRY>int × int</SIGENTRY></SYMENTRY><SYMENTRY><SYMBOL>&gt;</SYMBOL><SPECNAME><HTMLLINK><HTMLTARGET>../lib/basic/specs/nat/export/unit.xml</HTMLTARGET><HTMLSTRING>nat</HTMLSTRING></HTMLLINK></SPECNAME><TYPE>predicate</TYPE><SIGENTRY>nat × nat</SIGENTRY></SYMENTRY><SYMENTRY><SYMBOL>Boolvar</SYMBOL><SPECNAME><HTMLLINK><HTMLTARGET>../lib/separation/specs/heap-sep-inst/export/unit.xml</HTMLTARGET><HTMLSTRING>heap-sep-inst</HTMLSTRING></HTMLLINK></SPECNAME><TYPE>variable</TYPE><SIGENTRY>bool,flexible</SIGENTRY></SYMENTRY><SYMENTRY><SYMBOL>H</SYMBOL><SPECNAME><HTMLLINK><HTMLTARGET>../lib/separation/specs/heap/export/unit.xml</HTMLTARGET><HTMLSTRING>heap</HTMLSTRING></HTMLLINK></SPECNAME><TYPE>variable</TYPE><SIGENTRY>heap</SIGENTRY></SYMENTRY><SYMENTRY><SYMBOL>H</SYMBOL><SPECNAME><HTMLLINK><HTMLTARGET>../lib/separation/specs/heap-param/export/unit.xml</HTMLTARGET><HTMLSTRING>heap-param</HTMLSTRING></HTMLLINK></SPECNAME><TYPE>variable</TYPE><SIGENTRY>heap</SIGENTRY></SYMENTRY><SYMENTRY><SYMBOL>H0</SYMBOL><SPECNAME><HTMLLINK><HTMLTARGET>../lib/separation/specs/heap/export/unit.xml</HTMLTARGET><HTMLSTRING>heap</HTMLSTRING></HTMLLINK></SPECNAME><TYPE>variable</TYPE><SIGENTRY>heap</SIGENTRY></SYMENTRY><SYMENTRY><SYMBOL>H0</SYMBOL><SPECNAME><HTMLLINK><HTMLTARGET>../lib/separation/specs/heap-param/export/unit.xml</HTMLTARGET><HTMLSTRING>heap-param</HTMLSTRING></HTMLLINK></SPECNAME><TYPE>variable</TYPE><SIGENTRY>heap</SIGENTRY></SYMENTRY><SYMENTRY><SYMBOL>H1</SYMBOL><SPECNAME><HTMLLINK><HTMLTARGET>../lib/separation/specs/heap/export/unit.xml</HTMLTARGET><HTMLSTRING>heap</HTMLSTRING></HTMLLINK></SPECNAME><TYPE>variable</TYPE><SIGENTRY>heap</SIGENTRY></SYMENTRY><SYMENTRY><SYMBOL>H1</SYMBOL><SPECNAME><HTMLLINK><HTMLTARGET>../lib/separation/specs/heap-param/export/unit.xml</HTMLTARGET><HTMLSTRING>heap-param</HTMLSTRING></HTMLLINK></SPECNAME><TYPE>variable</TYPE><SIGENTRY>heap</SIGENTRY></SYMENTRY><SYMENTRY><SYMBOL>H2</SYMBOL><SPECNAME><HTMLLINK><HTMLTARGET>../lib/separation/specs/heap/export/unit.xml</HTMLTARGET><HTMLSTRING>heap</HTMLSTRING></HTMLLINK></SPECNAME><TYPE>variable</TYPE><SIGENTRY>heap</SIGENTRY></SYMENTRY><SYMENTRY><SYMBOL>H2</SYMBOL><SPECNAME><HTMLLINK><HTMLTARGET>../lib/separation/specs/heap-param/export/unit.xml</HTMLTARGET><HTMLSTRING>heap-param</HTMLSTRING></HTMLLINK></SPECNAME><TYPE>variable</TYPE><SIGENTRY>heap</SIGENTRY></SYMENTRY><SYMENTRY><SYMBOL>MAX#</SYMBOL><SPECNAME><HTMLLINK><HTMLTARGET>specs/challenge2/export/unit.xml</HTMLTARGET><HTMLSTRING>challenge2</HTMLSTRING></HTMLLINK></SPECNAME><TYPE>procedure</TYPE><SIGENTRY> ref : int × heap</SIGENTRY></SYMENTRY><SYMENTRY><SYMBOL>P</SYMBOL><SPECNAME><HTMLLINK><HTMLTARGET>../lib/separation/specs/heap-sep/export/unit.xml</HTMLTARGET><HTMLSTRING>heap-sep</HTMLSTRING></HTMLLINK></SPECNAME><TYPE>variable</TYPE><SIGENTRY>heap → bool</SIGENTRY></SYMENTRY><SYMENTRY><SYMBOL>P0</SYMBOL><SPECNAME><HTMLLINK><HTMLTARGET>../lib/separation/specs/heap-sep/export/unit.xml</HTMLTARGET><HTMLSTRING>heap-sep</HTMLSTRING></HTMLLINK></SPECNAME><TYPE>variable</TYPE><SIGENTRY>heap → bool</SIGENTRY></SYMENTRY><SYMENTRY><SYMBOL>P1</SYMBOL><SPECNAME><HTMLLINK><HTMLTARGET>../lib/separation/specs/heap-sep/export/unit.xml</HTMLTARGET><HTMLSTRING>heap-sep</HTMLSTRING></HTMLLINK></SPECNAME><TYPE>variable</TYPE><SIGENTRY>heap → bool</SIGENTRY></SYMENTRY><SYMENTRY><SYMBOL>P2</SYMBOL><SPECNAME><HTMLLINK><HTMLTARGET>../lib/separation/specs/heap-sep/export/unit.xml</HTMLTARGET><HTMLSTRING>heap-sep</HTMLSTRING></HTMLLINK></SPECNAME><TYPE>variable</TYPE><SIGENTRY>heap → bool</SIGENTRY></SYMENTRY><SYMENTRY><SYMBOL>True</SYMBOL><SPECNAME><HTMLLINK><HTMLTARGET>../lib/separation/specs/maplet-exec/export/unit.xml</HTMLTARGET><HTMLSTRING>maplet-exec</HTMLSTRING></HTMLLINK></SPECNAME><TYPE>predicate</TYPE><SIGENTRY>bool</SIGENTRY></SYMENTRY><SYMENTRY><SYMBOL>\</SYMBOL><SPECNAME><HTMLLINK><HTMLTARGET>../lib/separation/specs/heap/export/unit.xml</HTMLTARGET><HTMLSTRING>heap</HTMLSTRING></HTMLLINK></SPECNAME><TYPE>function</TYPE><SIGENTRY>heap × heap → heap</SIGENTRY></SYMENTRY><SYMENTRY><SYMBOL>\</SYMBOL><SPECNAME><HTMLLINK><HTMLTARGET>../lib/separation/specs/heap-param/export/unit.xml</HTMLTARGET><HTMLSTRING>heap-param</HTMLSTRING></HTMLLINK></SPECNAME><TYPE>function</TYPE><SIGENTRY>heap × heap → heap</SIGENTRY></SYMENTRY><SYMENTRY><SYMBOL>]</SYMBOL><SPECNAME><HTMLLINK><HTMLTARGET>../datastructures/specs/node-heap/export/unit.xml</HTMLTARGET><HTMLSTRING>node-heap</HTMLSTRING></HTMLLINK></SPECNAME><TYPE>function</TYPE><SIGENTRY>heap × ref → node</SIGENTRY></SYMENTRY><SYMENTRY><SYMBOL>]</SYMBOL><SPECNAME><HTMLLINK><HTMLTARGET>../datastructures/specs/node-heap/export/unit.xml</HTMLTARGET><HTMLSTRING>node-heap</HTMLSTRING></HTMLLINK></SPECNAME><TYPE>function</TYPE><SIGENTRY>heap × ref × node → heap</SIGENTRY></SYMENTRY><SYMENTRY><SYMBOL>]</SYMBOL><SPECNAME><HTMLLINK><HTMLTARGET>../lib/separation/specs/heap/export/unit.xml</HTMLTARGET><HTMLSTRING>heap</HTMLSTRING></HTMLLINK></SPECNAME><TYPE>function</TYPE><SIGENTRY>heap × ref → obj</SIGENTRY></SYMENTRY><SYMENTRY><SYMBOL>]</SYMBOL><SPECNAME><HTMLLINK><HTMLTARGET>../lib/separation/specs/heap/export/unit.xml</HTMLTARGET><HTMLSTRING>heap</HTMLSTRING></HTMLLINK></SPECNAME><TYPE>function</TYPE><SIGENTRY>heap × ref × obj → heap</SIGENTRY></SYMENTRY><SYMENTRY><SYMBOL>]</SYMBOL><SPECNAME><HTMLLINK><HTMLTARGET>../lib/separation/specs/maplet-param/export/unit.xml</HTMLTARGET><HTMLSTRING>maplet-param</HTMLSTRING></HTMLLINK></SPECNAME><TYPE>function</TYPE><SIGENTRY>heap × ref → obj</SIGENTRY></SYMENTRY><SYMENTRY><SYMBOL>]</SYMBOL><SPECNAME><HTMLLINK><HTMLTARGET>../lib/separation/specs/maplet-param/export/unit.xml</HTMLTARGET><HTMLSTRING>maplet-param</HTMLSTRING></HTMLLINK></SPECNAME><TYPE>function</TYPE><SIGENTRY>heap × ref × obj → heap</SIGENTRY></SYMENTRY><SYMENTRY><SYMBOL>_∃</SYMBOL><SPECNAME><HTMLLINK><HTMLTARGET>../datastructures/specs/node-heap/export/unit.xml</HTMLTARGET><HTMLSTRING>node-heap</HTMLSTRING></HTMLLINK></SPECNAME><TYPE>function</TYPE><SIGENTRY>node → heap → bool → heap → bool</SIGENTRY></SYMENTRY><SYMENTRY><SYMBOL>_∃</SYMBOL><SPECNAME><HTMLLINK><HTMLTARGET>../lib/separation/specs/maplet/export/unit.xml</HTMLTARGET><HTMLSTRING>maplet</HTMLSTRING></HTMLLINK></SPECNAME><TYPE>function</TYPE><SIGENTRY>ref → heap → bool → heap → bool</SIGENTRY></SYMENTRY><SYMENTRY><SYMBOL>_∃</SYMBOL><SPECNAME><HTMLLINK><HTMLTARGET>../lib/separation/specs/maplet/export/unit.xml</HTMLTARGET><HTMLSTRING>maplet</HTMLSTRING></HTMLLINK></SPECNAME><TYPE>function</TYPE><SIGENTRY>ref × ref → heap → bool → heap → bool</SIGENTRY></SYMENTRY><SYMENTRY><SYMBOL>_∃</SYMBOL><SPECNAME><HTMLLINK><HTMLTARGET>../lib/separation/specs/maplet/export/unit.xml</HTMLTARGET><HTMLSTRING>maplet</HTMLSTRING></HTMLLINK></SPECNAME><TYPE>function</TYPE><SIGENTRY>obj → heap → bool → heap → bool</SIGENTRY></SYMENTRY><SYMENTRY><SYMBOL>a</SYMBOL><SPECNAME><HTMLLINK><HTMLTARGET>../lib/basic/specs/elem/export/unit.xml</HTMLTARGET><HTMLSTRING>elem</HTMLSTRING></HTMLLINK></SPECNAME><TYPE>variable</TYPE><SIGENTRY>elem</SIGENTRY></SYMENTRY><SYMENTRY><SYMBOL>a0</SYMBOL><SPECNAME><HTMLLINK><HTMLTARGET>../datastructures/specs/tree/export/unit.xml</HTMLTARGET><HTMLSTRING>tree</HTMLSTRING></HTMLLINK></SPECNAME><TYPE>variable</TYPE><SIGENTRY>elem</SIGENTRY></SYMENTRY><SYMENTRY><SYMBOL>a0</SYMBOL><SPECNAME><HTMLLINK><HTMLTARGET>../datastructures/specs/node/export/unit.xml</HTMLTARGET><HTMLSTRING>node</HTMLSTRING></HTMLLINK></SPECNAME><TYPE>variable</TYPE><SIGENTRY>elem</SIGENTRY></SYMENTRY><SYMENTRY><SYMBOL>abs</SYMBOL><SPECNAME><HTMLLINK><HTMLTARGET>../lib/basic/specs/int-abs/export/unit.xml</HTMLTARGET><HTMLSTRING>int-abs</HTMLSTRING></HTMLLINK></SPECNAME><TYPE>function</TYPE><SIGENTRY>int → int</SIGENTRY></SYMENTRY><SYMENTRY><SYMBOL>b</SYMBOL><SPECNAME><HTMLLINK><HTMLTARGET>../lib/basic/specs/elem/export/unit.xml</HTMLTARGET><HTMLSTRING>elem</HTMLSTRING></HTMLLINK></SPECNAME><TYPE>variable</TYPE><SIGENTRY>elem</SIGENTRY></SYMENTRY><SYMENTRY><SYMBOL>boolvar</SYMBOL><SPECNAME><HTMLLINK><HTMLTARGET>../lib/separation/specs/heap-sep-inst/export/unit.xml</HTMLTARGET><HTMLSTRING>heap-sep-inst</HTMLSTRING></HTMLLINK></SPECNAME><TYPE>variable</TYPE><SIGENTRY>bool</SIGENTRY></SYMENTRY><SYMENTRY><SYMBOL>boolvar0</SYMBOL><SPECNAME><HTMLLINK><HTMLTARGET>../lib/separation/specs/heap-sep-inst/export/unit.xml</HTMLTARGET><HTMLSTRING>heap-sep-inst</HTMLSTRING></HTMLLINK></SPECNAME><TYPE>variable</TYPE><SIGENTRY>bool</SIGENTRY></SYMENTRY><SYMENTRY><SYMBOL>boolvar1</SYMBOL><SPECNAME><HTMLLINK><HTMLTARGET>../lib/separation/specs/heap-sep-inst/export/unit.xml</HTMLTARGET><HTMLSTRING>heap-sep-inst</HTMLSTRING></HTMLLINK></SPECNAME><TYPE>variable</TYPE><SIGENTRY>bool</SIGENTRY></SYMENTRY><SYMENTRY><SYMBOL>branch</SYMBOL><SPECNAME><HTMLLINK><HTMLTARGET>specs/int-tree/export/unit.xml</HTMLTARGET><HTMLSTRING>int-tree</HTMLSTRING></HTMLLINK></SPECNAME><TYPE>function</TYPE><SIGENTRY>tree × int × tree → tree</SIGENTRY></SYMENTRY><SYMENTRY><SYMBOL>branch</SYMBOL><SPECNAME><HTMLLINK><HTMLTARGET>../datastructures/specs/tree/export/unit.xml</HTMLTARGET><HTMLSTRING>tree</HTMLSTRING></HTMLLINK></SPECNAME><TYPE>function</TYPE><SIGENTRY>tree × elem × tree → tree</SIGENTRY></SYMENTRY><SYMENTRY><SYMBOL>bv</SYMBOL><SPECNAME><HTMLLINK><HTMLTARGET>../lib/separation/specs/heap-sep/export/unit.xml</HTMLTARGET><HTMLSTRING>heap-sep</HTMLSTRING></HTMLLINK></SPECNAME><TYPE>variable</TYPE><SIGENTRY>bool</SIGENTRY></SYMENTRY><SYMENTRY><SYMBOL>c</SYMBOL><SPECNAME><HTMLLINK><HTMLTARGET>../lib/basic/specs/elem/export/unit.xml</HTMLTARGET><HTMLSTRING>elem</HTMLSTRING></HTMLLINK></SPECNAME><TYPE>variable</TYPE><SIGENTRY>elem</SIGENTRY></SYMENTRY><SYMENTRY><SYMBOL>dummy#</SYMBOL><SPECNAME><HTMLLINK><HTMLTARGET>specs/challenge2/export/unit.xml</HTMLTARGET><HTMLSTRING>challenge2</HTMLSTRING></HTMLLINK></SPECNAME><TYPE>procedure</TYPE><SIGENTRY>  : heap</SIGENTRY></SYMENTRY><SYMENTRY><SYMBOL>elem</SYMBOL><SPECNAME><HTMLLINK><HTMLTARGET>../lib/basic/specs/elem/export/unit.xml</HTMLTARGET><HTMLSTRING>elem</HTMLSTRING></HTMLLINK></SPECNAME><TYPE>sort</TYPE><SIGENTRY></SIGENTRY></SYMENTRY><SYMENTRY><SYMBOL>emp</SYMBOL><SPECNAME><HTMLLINK><HTMLTARGET>../lib/separation/specs/heap-sep/export/unit.xml</HTMLTARGET><HTMLSTRING>heap-sep</HTMLSTRING></HTMLLINK></SPECNAME><TYPE>predicate</TYPE><SIGENTRY>heap</SIGENTRY></SYMENTRY><SYMENTRY><SYMBOL>even</SYMBOL><SPECNAME><HTMLLINK><HTMLTARGET>../lib/basic/specs/int-min/export/unit.xml</HTMLTARGET><HTMLSTRING>int-min</HTMLSTRING></HTMLLINK></SPECNAME><TYPE>predicate</TYPE><SIGENTRY>int</SIGENTRY></SYMENTRY><SYMENTRY><SYMBOL>false</SYMBOL><SPECNAME><HTMLLINK><HTMLTARGET>../lib/separation/specs/heap-sep/export/unit.xml</HTMLTARGET><HTMLSTRING>heap-sep</HTMLSTRING></HTMLLINK></SPECNAME><TYPE>predicate</TYPE><SIGENTRY>heap</SIGENTRY></SYMENTRY><SYMENTRY><SYMBOL>heap</SYMBOL><SPECNAME><HTMLLINK><HTMLTARGET>../lib/separation/specs/heap/export/unit.xml</HTMLTARGET><HTMLSTRING>heap</HTMLSTRING></HTMLLINK></SPECNAME><TYPE>sort</TYPE><SIGENTRY></SIGENTRY></SYMENTRY><SYMENTRY><SYMBOL>heap</SYMBOL><SPECNAME><HTMLLINK><HTMLTARGET>../lib/separation/specs/heap-param/export/unit.xml</HTMLTARGET><HTMLSTRING>heap-param</HTMLSTRING></HTMLLINK></SPECNAME><TYPE>sort</TYPE><SIGENTRY></SIGENTRY></SYMENTRY><SYMENTRY><SYMBOL>i</SYMBOL><SPECNAME><HTMLLINK><HTMLTARGET>../lib/basic/specs/int-basic1/export/unit.xml</HTMLTARGET><HTMLSTRING>int-basic1</HTMLSTRING></HTMLLINK></SPECNAME><TYPE>variable</TYPE><SIGENTRY>int</SIGENTRY></SYMENTRY><SYMENTRY><SYMBOL>i0</SYMBOL><SPECNAME><HTMLLINK><HTMLTARGET>../lib/basic/specs/int-basic1/export/unit.xml</HTMLTARGET><HTMLSTRING>int-basic1</HTMLSTRING></HTMLLINK></SPECNAME><TYPE>variable</TYPE><SIGENTRY>int</SIGENTRY></SYMENTRY><SYMENTRY><SYMBOL>i1</SYMBOL><SPECNAME><HTMLLINK><HTMLTARGET>specs/int-tree/export/unit.xml</HTMLTARGET><HTMLSTRING>int-tree</HTMLSTRING></HTMLLINK></SPECNAME><TYPE>variable</TYPE><SIGENTRY>int</SIGENTRY></SYMENTRY><SYMENTRY><SYMBOL>int</SYMBOL><SPECNAME><HTMLLINK><HTMLTARGET>../lib/basic/specs/int-basic1/export/unit.xml</HTMLTARGET><HTMLSTRING>int-basic1</HTMLSTRING></HTMLLINK></SPECNAME><TYPE>sort</TYPE><SIGENTRY></SIGENTRY></SYMENTRY><SYMENTRY><SYMBOL>j</SYMBOL><SPECNAME><HTMLLINK><HTMLTARGET>../lib/basic/specs/int-basic1/export/unit.xml</HTMLTARGET><HTMLSTRING>int-basic1</HTMLSTRING></HTMLLINK></SPECNAME><TYPE>variable</TYPE><SIGENTRY>int</SIGENTRY></SYMENTRY><SYMENTRY><SYMBOL>j0</SYMBOL><SPECNAME><HTMLLINK><HTMLTARGET>../lib/basic/specs/int-basic1/export/unit.xml</HTMLTARGET><HTMLSTRING>int-basic1</HTMLSTRING></HTMLLINK></SPECNAME><TYPE>variable</TYPE><SIGENTRY>int</SIGENTRY></SYMENTRY><SYMENTRY><SYMBOL>leaf</SYMBOL><SPECNAME><HTMLLINK><HTMLTARGET>../datastructures/specs/tree/export/unit.xml</HTMLTARGET><HTMLSTRING>tree</HTMLSTRING></HTMLLINK></SPECNAME><TYPE>constant</TYPE><SIGENTRY>tree</SIGENTRY></SYMENTRY><SYMENTRY><SYMBOL>m</SYMBOL><SPECNAME><HTMLLINK><HTMLTARGET>../lib/basic/specs/nat-basic2/export/unit.xml</HTMLTARGET><HTMLSTRING>nat-basic2</HTMLSTRING></HTMLLINK></SPECNAME><TYPE>variable</TYPE><SIGENTRY>nat</SIGENTRY></SYMENTRY><SYMENTRY><SYMBOL>max</SYMBOL><SPECNAME><HTMLLINK><HTMLTARGET>specs/challenge2/export/unit.xml</HTMLTARGET><HTMLSTRING>challenge2</HTMLSTRING></HTMLLINK></SPECNAME><TYPE>function</TYPE><SIGENTRY>tree → int</SIGENTRY></SYMENTRY><SYMENTRY><SYMBOL>max</SYMBOL><SPECNAME><HTMLLINK><HTMLTARGET>../lib/basic/specs/int-min/export/unit.xml</HTMLTARGET><HTMLSTRING>int-min</HTMLSTRING></HTMLLINK></SPECNAME><TYPE>function</TYPE><SIGENTRY>int × int → int</SIGENTRY></SYMENTRY><SYMENTRY><SYMBOL>min</SYMBOL><SPECNAME><HTMLLINK><HTMLTARGET>../lib/basic/specs/int-min/export/unit.xml</HTMLTARGET><HTMLSTRING>int-min</HTMLSTRING></HTMLLINK></SPECNAME><TYPE>function</TYPE><SIGENTRY>int × int → int</SIGENTRY></SYMENTRY><SYMENTRY><SYMBOL>mknode</SYMBOL><SPECNAME><HTMLLINK><HTMLTARGET>specs/int-tree/export/unit.xml</HTMLTARGET><HTMLSTRING>int-tree</HTMLSTRING></HTMLLINK></SPECNAME><TYPE>function</TYPE><SIGENTRY>ref × int × ref → node</SIGENTRY></SYMENTRY><SYMENTRY><SYMBOL>mknode</SYMBOL><SPECNAME><HTMLLINK><HTMLTARGET>../datastructures/specs/node/export/unit.xml</HTMLTARGET><HTMLSTRING>node</HTMLSTRING></HTMLLINK></SPECNAME><TYPE>function</TYPE><SIGENTRY>ref × elem × ref → node</SIGENTRY></SYMENTRY><SYMENTRY><SYMBOL>n</SYMBOL><SPECNAME><HTMLLINK><HTMLTARGET>../lib/basic/specs/nat-basic1/export/unit.xml</HTMLTARGET><HTMLSTRING>nat-basic1</HTMLSTRING></HTMLLINK></SPECNAME><TYPE>variable</TYPE><SIGENTRY>nat</SIGENTRY></SYMENTRY><SYMENTRY><SYMBOL>n0</SYMBOL><SPECNAME><HTMLLINK><HTMLTARGET>../lib/basic/specs/nat-basic1/export/unit.xml</HTMLTARGET><HTMLSTRING>nat-basic1</HTMLSTRING></HTMLLINK></SPECNAME><TYPE>variable</TYPE><SIGENTRY>nat</SIGENTRY></SYMENTRY><SYMENTRY><SYMBOL>n1</SYMBOL><SPECNAME><HTMLLINK><HTMLTARGET>../lib/basic/specs/nat-basic1/export/unit.xml</HTMLTARGET><HTMLSTRING>nat-basic1</HTMLSTRING></HTMLLINK></SPECNAME><TYPE>variable</TYPE><SIGENTRY>nat</SIGENTRY></SYMENTRY><SYMENTRY><SYMBOL>nat</SYMBOL><SPECNAME><HTMLLINK><HTMLTARGET>../lib/basic/specs/nat-basic1/export/unit.xml</HTMLTARGET><HTMLSTRING>nat-basic1</HTMLSTRING></HTMLLINK></SPECNAME><TYPE>sort</TYPE><SIGENTRY></SIGENTRY></SYMENTRY><SYMENTRY><SYMBOL>nd</SYMBOL><SPECNAME><HTMLLINK><HTMLTARGET>../datastructures/specs/node/export/unit.xml</HTMLTARGET><HTMLSTRING>node</HTMLSTRING></HTMLLINK></SPECNAME><TYPE>variable</TYPE><SIGENTRY>node</SIGENTRY></SYMENTRY><SYMENTRY><SYMBOL>nd0</SYMBOL><SPECNAME><HTMLLINK><HTMLTARGET>../datastructures/specs/node-heap/export/unit.xml</HTMLTARGET><HTMLSTRING>node-heap</HTMLSTRING></HTMLLINK></SPECNAME><TYPE>variable</TYPE><SIGENTRY>node</SIGENTRY></SYMENTRY><SYMENTRY><SYMBOL>nd1</SYMBOL><SPECNAME><HTMLLINK><HTMLTARGET>../datastructures/specs/node-heap/export/unit.xml</HTMLTARGET><HTMLSTRING>node-heap</HTMLSTRING></HTMLLINK></SPECNAME><TYPE>variable</TYPE><SIGENTRY>node</SIGENTRY></SYMENTRY><SYMENTRY><SYMBOL>node</SYMBOL><SPECNAME><HTMLLINK><HTMLTARGET>../datastructures/specs/node/export/unit.xml</HTMLTARGET><HTMLSTRING>node</HTMLSTRING></HTMLLINK></SPECNAME><TYPE>sort</TYPE><SIGENTRY></SIGENTRY></SYMENTRY><SYMENTRY><SYMBOL>null</SYMBOL><SPECNAME><HTMLLINK><HTMLTARGET>../lib/separation/specs/ref/export/unit.xml</HTMLTARGET><HTMLSTRING>ref</HTMLSTRING></HTMLLINK></SPECNAME><TYPE>constant</TYPE><SIGENTRY>ref</SIGENTRY></SYMENTRY><SYMENTRY><SYMBOL>o</SYMBOL><SPECNAME><HTMLLINK><HTMLTARGET>../lib/separation/specs/obj/export/unit.xml</HTMLTARGET><HTMLSTRING>obj</HTMLSTRING></HTMLLINK></SPECNAME><TYPE>variable</TYPE><SIGENTRY>obj</SIGENTRY></SYMENTRY><SYMENTRY><SYMBOL>o0</SYMBOL><SPECNAME><HTMLLINK><HTMLTARGET>../lib/separation/specs/obj/export/unit.xml</HTMLTARGET><HTMLSTRING>obj</HTMLSTRING></HTMLLINK></SPECNAME><TYPE>variable</TYPE><SIGENTRY>obj</SIGENTRY></SYMENTRY><SYMENTRY><SYMBOL>o1</SYMBOL><SPECNAME><HTMLLINK><HTMLTARGET>../lib/separation/specs/obj/export/unit.xml</HTMLTARGET><HTMLSTRING>obj</HTMLSTRING></HTMLLINK></SPECNAME><TYPE>variable</TYPE><SIGENTRY>obj</SIGENTRY></SYMENTRY><SYMENTRY><SYMBOL>oP</SYMBOL><SPECNAME><HTMLLINK><HTMLTARGET>../datastructures/specs/node-heap/export/unit.xml</HTMLTARGET><HTMLSTRING>node-heap</HTMLSTRING></HTMLLINK></SPECNAME><TYPE>variable</TYPE><SIGENTRY>node → heap → bool</SIGENTRY></SYMENTRY><SYMENTRY><SYMBOL>oP</SYMBOL><SPECNAME><HTMLLINK><HTMLTARGET>../lib/separation/specs/maplet/export/unit.xml</HTMLTARGET><HTMLSTRING>maplet</HTMLSTRING></HTMLLINK></SPECNAME><TYPE>variable</TYPE><SIGENTRY>obj → heap → bool</SIGENTRY></SYMENTRY><SYMENTRY><SYMBOL>obj</SYMBOL><SPECNAME><HTMLLINK><HTMLTARGET>../lib/separation/specs/obj/export/unit.xml</HTMLTARGET><HTMLSTRING>obj</HTMLSTRING></HTMLLINK></SPECNAME><TYPE>sort</TYPE><SIGENTRY></SIGENTRY></SYMENTRY><SYMENTRY><SYMBOL>odd</SYMBOL><SPECNAME><HTMLLINK><HTMLTARGET>../lib/basic/specs/int-min/export/unit.xml</HTMLTARGET><HTMLSTRING>int-min</HTMLSTRING></HTMLLINK></SPECNAME><TYPE>predicate</TYPE><SIGENTRY>int</SIGENTRY></SYMENTRY><SYMENTRY><SYMBOL>precise</SYMBOL><SPECNAME><HTMLLINK><HTMLTARGET>../lib/separation/specs/heap-sep/export/unit.xml</HTMLTARGET><HTMLSTRING>heap-sep</HTMLSTRING></HTMLLINK></SPECNAME><TYPE>predicate</TYPE><SIGENTRY>heap → bool</SIGENTRY></SYMENTRY><SYMENTRY><SYMBOL>r</SYMBOL><SPECNAME><HTMLLINK><HTMLTARGET>../lib/separation/specs/ref/export/unit.xml</HTMLTARGET><HTMLSTRING>ref</HTMLSTRING></HTMLLINK></SPECNAME><TYPE>variable</TYPE><SIGENTRY>ref</SIGENTRY></SYMENTRY><SYMENTRY><SYMBOL>r0</SYMBOL><SPECNAME><HTMLLINK><HTMLTARGET>../lib/separation/specs/ref/export/unit.xml</HTMLTARGET><HTMLSTRING>ref</HTMLSTRING></HTMLLINK></SPECNAME><TYPE>variable</TYPE><SIGENTRY>ref</SIGENTRY></SYMENTRY><SYMENTRY><SYMBOL>r1</SYMBOL><SPECNAME><HTMLLINK><HTMLTARGET>../lib/separation/specs/ref/export/unit.xml</HTMLTARGET><HTMLSTRING>ref</HTMLSTRING></HTMLLINK></SPECNAME><TYPE>variable</TYPE><SIGENTRY>ref</SIGENTRY></SYMENTRY><SYMENTRY><SYMBOL>r2</SYMBOL><SPECNAME><HTMLLINK><HTMLTARGET>../datastructures/specs/node/export/unit.xml</HTMLTARGET><HTMLSTRING>node</HTMLSTRING></HTMLLINK></SPECNAME><TYPE>variable</TYPE><SIGENTRY>ref</SIGENTRY></SYMENTRY><SYMENTRY><SYMBOL>rP</SYMBOL><SPECNAME><HTMLLINK><HTMLTARGET>../lib/separation/specs/maplet/export/unit.xml</HTMLTARGET><HTMLSTRING>maplet</HTMLSTRING></HTMLLINK></SPECNAME><TYPE>variable</TYPE><SIGENTRY>ref → heap → bool</SIGENTRY></SYMENTRY><SYMENTRY><SYMBOL>ref</SYMBOL><SPECNAME><HTMLLINK><HTMLTARGET>../lib/separation/specs/ref/export/unit.xml</HTMLTARGET><HTMLSTRING>ref</HTMLSTRING></HTMLLINK></SPECNAME><TYPE>sort</TYPE><SIGENTRY></SIGENTRY></SYMENTRY><SYMENTRY><SYMBOL>rrP</SYMBOL><SPECNAME><HTMLLINK><HTMLTARGET>../lib/separation/specs/maplet/export/unit.xml</HTMLTARGET><HTMLSTRING>maplet</HTMLSTRING></HTMLLINK></SPECNAME><TYPE>variable</TYPE><SIGENTRY>ref × ref → heap → bool</SIGENTRY></SYMENTRY><SYMENTRY><SYMBOL>sgn</SYMBOL><SPECNAME><HTMLLINK><HTMLTARGET>../lib/basic/specs/int-min/export/unit.xml</HTMLTARGET><HTMLSTRING>int-min</HTMLSTRING></HTMLLINK></SPECNAME><TYPE>function</TYPE><SIGENTRY>int → int</SIGENTRY></SYMENTRY><SYMENTRY><SYMBOL>t</SYMBOL><SPECNAME><HTMLLINK><HTMLTARGET>../datastructures/specs/tree/export/unit.xml</HTMLTARGET><HTMLSTRING>tree</HTMLSTRING></HTMLLINK></SPECNAME><TYPE>variable</TYPE><SIGENTRY>tree</SIGENTRY></SYMENTRY><SYMENTRY><SYMBOL>t0</SYMBOL><SPECNAME><HTMLLINK><HTMLTARGET>../datastructures/specs/tree/export/unit.xml</HTMLTARGET><HTMLSTRING>tree</HTMLSTRING></HTMLLINK></SPECNAME><TYPE>variable</TYPE><SIGENTRY>tree</SIGENTRY></SYMENTRY><SYMENTRY><SYMBOL>t1</SYMBOL><SPECNAME><HTMLLINK><HTMLTARGET>../datastructures/specs/tree/export/unit.xml</HTMLTARGET><HTMLSTRING>tree</HTMLSTRING></HTMLLINK></SPECNAME><TYPE>variable</TYPE><SIGENTRY>tree</SIGENTRY></SYMENTRY><SYMENTRY><SYMBOL>t2</SYMBOL><SPECNAME><HTMLLINK><HTMLTARGET>../datastructures/specs/tree/export/unit.xml</HTMLTARGET><HTMLSTRING>tree</HTMLSTRING></HTMLLINK></SPECNAME><TYPE>variable</TYPE><SIGENTRY>tree</SIGENTRY></SYMENTRY><SYMENTRY><SYMBOL>tr</SYMBOL><SPECNAME><HTMLLINK><HTMLTARGET>../datastructures/specs/linked-tree/export/unit.xml</HTMLTARGET><HTMLSTRING>linked-tree</HTMLSTRING></HTMLLINK></SPECNAME><TYPE>function</TYPE><SIGENTRY>ref × tree → heap → bool</SIGENTRY></SYMENTRY><SYMENTRY><SYMBOL>tree</SYMBOL><SPECNAME><HTMLLINK><HTMLTARGET>../datastructures/specs/tree/export/unit.xml</HTMLTARGET><HTMLSTRING>tree</HTMLSTRING></HTMLLINK></SPECNAME><TYPE>sort</TYPE><SIGENTRY></SIGENTRY></SYMENTRY><SYMENTRY><SYMBOL>true</SYMBOL><SPECNAME><HTMLLINK><HTMLTARGET>../lib/separation/specs/heap-sep/export/unit.xml</HTMLTARGET><HTMLSTRING>heap-sep</HTMLSTRING></HTMLLINK></SPECNAME><TYPE>predicate</TYPE><SIGENTRY>heap</SIGENTRY></SYMENTRY><SYMENTRY><SYMBOL>}h</SYMBOL><SPECNAME><HTMLLINK><HTMLTARGET>../lib/separation/specs/maplet-param/export/unit.xml</HTMLTARGET><HTMLSTRING>maplet-param</HTMLSTRING></HTMLLINK></SPECNAME><TYPE>function</TYPE><SIGENTRY>ref → heap</SIGENTRY></SYMENTRY><SYMENTRY><SYMBOL>~</SYMBOL><SPECNAME><HTMLLINK><HTMLTARGET>../lib/basic/specs/int-abs/export/unit.xml</HTMLTARGET><HTMLSTRING>int-abs</HTMLSTRING></HTMLLINK></SPECNAME><TYPE>function</TYPE><SIGENTRY>int → int</SIGENTRY></SYMENTRY><SYMENTRY><SYMBOL>≤</SYMBOL><SPECNAME><HTMLLINK><HTMLTARGET>../lib/basic/specs/int-abs/export/unit.xml</HTMLTARGET><HTMLSTRING>int-abs</HTMLSTRING></HTMLLINK></SPECNAME><TYPE>predicate</TYPE><SIGENTRY>int × int</SIGENTRY></SYMENTRY><SYMENTRY><SYMBOL>≤</SYMBOL><SPECNAME><HTMLLINK><HTMLTARGET>../lib/basic/specs/nat/export/unit.xml</HTMLTARGET><HTMLSTRING>nat</HTMLSTRING></HTMLLINK></SPECNAME><TYPE>predicate</TYPE><SIGENTRY>nat × nat</SIGENTRY></SYMENTRY><SYMENTRY><SYMBOL>≥</SYMBOL><SPECNAME><HTMLLINK><HTMLTARGET>../lib/basic/specs/int-abs/export/unit.xml</HTMLTARGET><HTMLSTRING>int-abs</HTMLSTRING></HTMLLINK></SPECNAME><TYPE>predicate</TYPE><SIGENTRY>int × int</SIGENTRY></SYMENTRY><SYMENTRY><SYMBOL>≥</SYMBOL><SPECNAME><HTMLLINK><HTMLTARGET>../lib/basic/specs/nat/export/unit.xml</HTMLTARGET><HTMLSTRING>nat</HTMLSTRING></HTMLLINK></SPECNAME><TYPE>predicate</TYPE><SIGENTRY>nat × nat</SIGENTRY></SYMENTRY><SYMENTRY><SYMBOL>→</SYMBOL><SPECNAME><HTMLLINK><HTMLTARGET>../lib/separation/specs/heap-sep/export/unit.xml</HTMLTARGET><HTMLSTRING>heap-sep</HTMLSTRING></HTMLLINK></SPECNAME><TYPE>function</TYPE><SIGENTRY>heap → bool × heap → bool → heap → bool</SIGENTRY></SYMENTRY><SYMENTRY><SYMBOL>∈</SYMBOL><SPECNAME><HTMLLINK><HTMLTARGET>specs/challenge2/export/unit.xml</HTMLTARGET><HTMLSTRING>challenge2</HTMLSTRING></HTMLLINK></SPECNAME><TYPE>predicate</TYPE><SIGENTRY>int × tree</SIGENTRY></SYMENTRY><SYMENTRY><SYMBOL>∈</SYMBOL><SPECNAME><HTMLLINK><HTMLTARGET>../lib/separation/specs/heap/export/unit.xml</HTMLTARGET><HTMLSTRING>heap</HTMLSTRING></HTMLLINK></SPECNAME><TYPE>predicate</TYPE><SIGENTRY>ref × heap</SIGENTRY></SYMENTRY><SYMENTRY><SYMBOL>∈</SYMBOL><SPECNAME><HTMLLINK><HTMLTARGET>../lib/separation/specs/maplet-param/export/unit.xml</HTMLTARGET><HTMLSTRING>maplet-param</HTMLSTRING></HTMLLINK></SPECNAME><TYPE>predicate</TYPE><SIGENTRY>ref × heap</SIGENTRY></SYMENTRY><SYMENTRY><SYMBOL>¬</SYMBOL><SPECNAME><HTMLLINK><HTMLTARGET>../lib/separation/specs/heap-sep/export/unit.xml</HTMLTARGET><HTMLSTRING>heap-sep</HTMLSTRING></HTMLLINK></SPECNAME><TYPE>function</TYPE><SIGENTRY>heap → bool → heap → bool</SIGENTRY></SYMENTRY><SYMENTRY><SYMBOL>∪</SYMBOL><SPECNAME><HTMLLINK><HTMLTARGET>../lib/separation/specs/heap/export/unit.xml</HTMLTARGET><HTMLSTRING>heap</HTMLSTRING></HTMLLINK></SPECNAME><TYPE>function</TYPE><SIGENTRY>heap × heap → heap</SIGENTRY></SYMENTRY><SYMENTRY><SYMBOL>∪</SYMBOL><SPECNAME><HTMLLINK><HTMLTARGET>../lib/separation/specs/heap-param/export/unit.xml</HTMLTARGET><HTMLSTRING>heap-param</HTMLSTRING></HTMLLINK></SPECNAME><TYPE>function</TYPE><SIGENTRY>heap × heap → heap</SIGENTRY></SYMENTRY><SYMENTRY><SYMBOL>∧</SYMBOL><SPECNAME><HTMLLINK><HTMLTARGET>../lib/separation/specs/heap-sep/export/unit.xml</HTMLTARGET><HTMLSTRING>heap-sep</HTMLSTRING></HTMLLINK></SPECNAME><TYPE>function</TYPE><SIGENTRY>heap → bool × heap → bool → heap → bool</SIGENTRY></SYMENTRY><SYMENTRY><SYMBOL>∨</SYMBOL><SPECNAME><HTMLLINK><HTMLTARGET>../lib/separation/specs/heap-sep/export/unit.xml</HTMLTARGET><HTMLSTRING>heap-sep</HTMLSTRING></HTMLLINK></SPECNAME><TYPE>function</TYPE><SIGENTRY>heap → bool × heap → bool → heap → bool</SIGENTRY></SYMENTRY><SYMENTRY><SYMBOL>⊥</SYMBOL><SPECNAME><HTMLLINK><HTMLTARGET>../lib/separation/specs/heap/export/unit.xml</HTMLTARGET><HTMLSTRING>heap</HTMLSTRING></HTMLLINK></SPECNAME><TYPE>predicate</TYPE><SIGENTRY>heap × heap</SIGENTRY></SYMENTRY><SYMENTRY><SYMBOL>⊥</SYMBOL><SPECNAME><HTMLLINK><HTMLTARGET>../lib/separation/specs/heap-param/export/unit.xml</HTMLTARGET><HTMLSTRING>heap-param</HTMLSTRING></HTMLLINK></SPECNAME><TYPE>predicate</TYPE><SIGENTRY>heap × heap</SIGENTRY></SYMENTRY><SYMENTRY><SYMBOL>⊆</SYMBOL><SPECNAME><HTMLLINK><HTMLTARGET>../lib/separation/specs/heap-sep/export/unit.xml</HTMLTARGET><HTMLSTRING>heap-sep</HTMLSTRING></HTMLLINK></SPECNAME><TYPE>predicate</TYPE><SIGENTRY>heap → bool × heap → bool</SIGENTRY></SYMENTRY><SYMENTRY><SYMBOL>∅</SYMBOL><SPECNAME><HTMLLINK><HTMLTARGET>../lib/separation/specs/heap/export/unit.xml</HTMLTARGET><HTMLSTRING>heap</HTMLSTRING></HTMLLINK></SPECNAME><TYPE>constant</TYPE><SIGENTRY>heap</SIGENTRY></SYMENTRY><SYMENTRY><SYMBOL>∅</SYMBOL><SPECNAME><HTMLLINK><HTMLTARGET>../lib/separation/specs/heap-param/export/unit.xml</HTMLTARGET><HTMLSTRING>heap-param</HTMLSTRING></HTMLLINK></SPECNAME><TYPE>constant</TYPE><SIGENTRY>heap</SIGENTRY></SYMENTRY><SYMENTRY><SYMBOL>⌝</SYMBOL><SPECNAME><HTMLLINK><HTMLTARGET>../lib/separation/specs/heap-sep/export/unit.xml</HTMLTARGET><HTMLSTRING>heap-sep</HTMLSTRING></HTMLLINK></SPECNAME><TYPE>function</TYPE><SIGENTRY>bool → heap → bool</SIGENTRY></SYMENTRY></PROJECTSYMBOLS>