<?xml version="1.0" encoding="UTF-8"?>
<?xml-stylesheet type="text/xsl" href="statistic.xsl"?>
<PROJECTSTATISTIC><SPECSTATISTIC><ONELINESTAT><NAME>all specs</NAME><IS_DATA><F/></IS_DATA><IS_LIBRARY><F/></IS_LIBRARY><LINES_OF_SPEC>558</LINES_OF_SPEC><NUMBER_OF_AXIOMS>162</NUMBER_OF_AXIOMS><NUMBER_OF_OPERATIONS>86</NUMBER_OF_OPERATIONS><NUMBER_OF_SORTS>10</NUMBER_OF_SORTS></ONELINESTAT><ONELINESTAT><NAME>all lib specs</NAME><IS_DATA><F/></IS_DATA><IS_LIBRARY><F/></IS_LIBRARY><LINES_OF_SPEC>502</LINES_OF_SPEC><NUMBER_OF_AXIOMS>156</NUMBER_OF_AXIOMS><NUMBER_OF_OPERATIONS>84</NUMBER_OF_OPERATIONS><NUMBER_OF_SORTS>10</NUMBER_OF_SORTS></ONELINESTAT><ONELINESTAT><NAME>all nonlib specs</NAME><IS_DATA><F/></IS_DATA><IS_LIBRARY><F/></IS_LIBRARY><LINES_OF_SPEC>56</LINES_OF_SPEC><NUMBER_OF_AXIOMS>6</NUMBER_OF_AXIOMS><NUMBER_OF_OPERATIONS>2</NUMBER_OF_OPERATIONS><NUMBER_OF_SORTS>0</NUMBER_OF_SORTS></ONELINESTAT><ONELINESTAT><NAME>all data specs</NAME><IS_DATA><F/></IS_DATA><IS_LIBRARY><F/></IS_LIBRARY><LINES_OF_SPEC>46</LINES_OF_SPEC><NUMBER_OF_AXIOMS>96</NUMBER_OF_AXIOMS><NUMBER_OF_OPERATIONS>38</NUMBER_OF_OPERATIONS><NUMBER_OF_SORTS>6</NUMBER_OF_SORTS></ONELINESTAT><ONELINESTAT><NAME>all nondata specs</NAME><IS_DATA><F/></IS_DATA><IS_LIBRARY><F/></IS_LIBRARY><LINES_OF_SPEC>535</LINES_OF_SPEC><NUMBER_OF_AXIOMS>114</NUMBER_OF_AXIOMS><NUMBER_OF_OPERATIONS>67</NUMBER_OF_OPERATIONS><NUMBER_OF_SORTS>7</NUMBER_OF_SORTS></ONELINESTAT><ONELINESTAT><NAME>all data lib specs</NAME><IS_DATA><F/></IS_DATA><IS_LIBRARY><F/></IS_LIBRARY><LINES_OF_SPEC>23</LINES_OF_SPEC><NUMBER_OF_AXIOMS>48</NUMBER_OF_AXIOMS><NUMBER_OF_OPERATIONS>19</NUMBER_OF_OPERATIONS><NUMBER_OF_SORTS>3</NUMBER_OF_SORTS></ONELINESTAT><ONELINESTAT><NAME>all nondata lib specs</NAME><IS_DATA><F/></IS_DATA><IS_LIBRARY><F/></IS_LIBRARY><LINES_OF_SPEC>479</LINES_OF_SPEC><NUMBER_OF_AXIOMS>108</NUMBER_OF_AXIOMS><NUMBER_OF_OPERATIONS>65</NUMBER_OF_OPERATIONS><NUMBER_OF_SORTS>7</NUMBER_OF_SORTS></ONELINESTAT><ONELINESTAT><NAME>all data nonlib specs</NAME><IS_DATA><F/></IS_DATA><IS_LIBRARY><F/></IS_LIBRARY><LINES_OF_SPEC>0</LINES_OF_SPEC><NUMBER_OF_AXIOMS>0</NUMBER_OF_AXIOMS><NUMBER_OF_OPERATIONS>0</NUMBER_OF_OPERATIONS><NUMBER_OF_SORTS>0</NUMBER_OF_SORTS></ONELINESTAT><ONELINESTAT><NAME>all nondata nonlib specs</NAME><IS_DATA><F/></IS_DATA><IS_LIBRARY><F/></IS_LIBRARY><LINES_OF_SPEC>56</LINES_OF_SPEC><NUMBER_OF_AXIOMS>6</NUMBER_OF_AXIOMS><NUMBER_OF_OPERATIONS>2</NUMBER_OF_OPERATIONS><NUMBER_OF_SORTS>0</NUMBER_OF_SORTS></ONELINESTAT><ONELINESTAT><NAME><HTMLLINK><HTMLTARGET>specs/challenge2/export/unit.xml</HTMLTARGET><HTMLSTRING>challenge2</HTMLSTRING></HTMLLINK></NAME><IS_DATA><F/></IS_DATA><IS_LIBRARY><F/></IS_LIBRARY><LINES_OF_SPEC>49</LINES_OF_SPEC><NUMBER_OF_AXIOMS>6</NUMBER_OF_AXIOMS><NUMBER_OF_OPERATIONS>2</NUMBER_OF_OPERATIONS><NUMBER_OF_SORTS>0</NUMBER_OF_SORTS></ONELINESTAT><ONELINESTAT><NAME><HTMLLINK><HTMLTARGET>specs/int-tree/export/unit.xml</HTMLTARGET><HTMLSTRING>int-tree</HTMLSTRING></HTMLLINK></NAME><IS_DATA><F/></IS_DATA><IS_LIBRARY><F/></IS_LIBRARY><LINES_OF_SPEC>7</LINES_OF_SPEC><NUMBER_OF_AXIOMS>0</NUMBER_OF_AXIOMS><NUMBER_OF_OPERATIONS>0</NUMBER_OF_OPERATIONS><NUMBER_OF_SORTS>0</NUMBER_OF_SORTS></ONELINESTAT><ONELINESTAT><NAME><HTMLLINK><HTMLTARGET>../lib/basic/specs/elem/export/unit.xml</HTMLTARGET><HTMLSTRING>elem</HTMLSTRING></HTMLLINK></NAME><IS_DATA><F/></IS_DATA><IS_LIBRARY><T/></IS_LIBRARY><LINES_OF_SPEC>6</LINES_OF_SPEC><NUMBER_OF_AXIOMS>0</NUMBER_OF_AXIOMS><NUMBER_OF_OPERATIONS>0</NUMBER_OF_OPERATIONS><NUMBER_OF_SORTS>1</NUMBER_OF_SORTS></ONELINESTAT><ONELINESTAT><NAME><HTMLLINK><HTMLTARGET>../lib/separation/specs/heap/export/unit.xml</HTMLTARGET><HTMLSTRING>heap</HTMLSTRING></HTMLLINK></NAME><IS_DATA><F/></IS_DATA><IS_LIBRARY><T/></IS_LIBRARY><LINES_OF_SPEC>90</LINES_OF_SPEC><NUMBER_OF_AXIOMS>20</NUMBER_OF_AXIOMS><NUMBER_OF_OPERATIONS>11</NUMBER_OF_OPERATIONS><NUMBER_OF_SORTS>1</NUMBER_OF_SORTS></ONELINESTAT><ONELINESTAT><NAME><HTMLLINK><HTMLTARGET>../lib/separation/specs/heap-param/export/unit.xml</HTMLTARGET><HTMLSTRING>heap-param</HTMLSTRING></HTMLLINK></NAME><IS_DATA><F/></IS_DATA><IS_LIBRARY><T/></IS_LIBRARY><LINES_OF_SPEC>33</LINES_OF_SPEC><NUMBER_OF_AXIOMS>9</NUMBER_OF_AXIOMS><NUMBER_OF_OPERATIONS>4</NUMBER_OF_OPERATIONS><NUMBER_OF_SORTS>1</NUMBER_OF_SORTS></ONELINESTAT><ONELINESTAT><NAME><HTMLLINK><HTMLTARGET>../lib/separation/specs/heap-sep/export/unit.xml</HTMLTARGET><HTMLSTRING>heap-sep</HTMLSTRING></HTMLLINK></NAME><IS_DATA><F/></IS_DATA><IS_LIBRARY><T/></IS_LIBRARY><LINES_OF_SPEC>51</LINES_OF_SPEC><NUMBER_OF_AXIOMS>13</NUMBER_OF_AXIOMS><NUMBER_OF_OPERATIONS>13</NUMBER_OF_OPERATIONS><NUMBER_OF_SORTS>0</NUMBER_OF_SORTS></ONELINESTAT><ONELINESTAT><NAME><HTMLLINK><HTMLTARGET>../lib/separation/specs/heap-sep-inst/export/unit.xml</HTMLTARGET><HTMLSTRING>heap-sep-inst</HTMLSTRING></HTMLLINK></NAME><IS_DATA><F/></IS_DATA><IS_LIBRARY><T/></IS_LIBRARY><LINES_OF_SPEC>5</LINES_OF_SPEC><NUMBER_OF_AXIOMS>0</NUMBER_OF_AXIOMS><NUMBER_OF_OPERATIONS>0</NUMBER_OF_OPERATIONS><NUMBER_OF_SORTS>0</NUMBER_OF_SORTS></ONELINESTAT><ONELINESTAT><NAME><HTMLLINK><HTMLTARGET>../lib/basic/specs/int-abs/export/unit.xml</HTMLTARGET><HTMLSTRING>int-abs</HTMLSTRING></HTMLLINK></NAME><IS_DATA><F/></IS_DATA><IS_LIBRARY><T/></IS_LIBRARY><LINES_OF_SPEC>21</LINES_OF_SPEC><NUMBER_OF_AXIOMS>7</NUMBER_OF_AXIOMS><NUMBER_OF_OPERATIONS>6</NUMBER_OF_OPERATIONS><NUMBER_OF_SORTS>0</NUMBER_OF_SORTS></ONELINESTAT><ONELINESTAT><NAME><HTMLLINK><HTMLTARGET>../lib/basic/specs/int-basic1/export/unit.xml</HTMLTARGET><HTMLSTRING>int-basic1</HTMLSTRING></HTMLLINK></NAME><IS_DATA><F/></IS_DATA><IS_LIBRARY><T/></IS_LIBRARY><LINES_OF_SPEC>21</LINES_OF_SPEC><NUMBER_OF_AXIOMS>6</NUMBER_OF_AXIOMS><NUMBER_OF_OPERATIONS>3</NUMBER_OF_OPERATIONS><NUMBER_OF_SORTS>1</NUMBER_OF_SORTS></ONELINESTAT><ONELINESTAT><NAME><HTMLLINK><HTMLTARGET>../lib/basic/specs/int-basic2/export/unit.xml</HTMLTARGET><HTMLSTRING>int-basic2</HTMLSTRING></HTMLLINK></NAME><IS_DATA><F/></IS_DATA><IS_LIBRARY><T/></IS_LIBRARY><LINES_OF_SPEC>11</LINES_OF_SPEC><NUMBER_OF_AXIOMS>3</NUMBER_OF_AXIOMS><NUMBER_OF_OPERATIONS>1</NUMBER_OF_OPERATIONS><NUMBER_OF_SORTS>0</NUMBER_OF_SORTS></ONELINESTAT><ONELINESTAT><NAME><HTMLLINK><HTMLTARGET>../lib/basic/specs/int-div/export/unit.xml</HTMLTARGET><HTMLSTRING>int-div</HTMLSTRING></HTMLLINK></NAME><IS_DATA><F/></IS_DATA><IS_LIBRARY><T/></IS_LIBRARY><LINES_OF_SPEC>25</LINES_OF_SPEC><NUMBER_OF_AXIOMS>4</NUMBER_OF_AXIOMS><NUMBER_OF_OPERATIONS>2</NUMBER_OF_OPERATIONS><NUMBER_OF_SORTS>0</NUMBER_OF_SORTS></ONELINESTAT><ONELINESTAT><NAME><HTMLLINK><HTMLTARGET>../lib/basic/specs/int-min/export/unit.xml</HTMLTARGET><HTMLSTRING>int-min</HTMLSTRING></HTMLLINK></NAME><IS_DATA><F/></IS_DATA><IS_LIBRARY><T/></IS_LIBRARY><LINES_OF_SPEC>21</LINES_OF_SPEC><NUMBER_OF_AXIOMS>8</NUMBER_OF_AXIOMS><NUMBER_OF_OPERATIONS>5</NUMBER_OF_OPERATIONS><NUMBER_OF_SORTS>0</NUMBER_OF_SORTS></ONELINESTAT><ONELINESTAT><NAME><HTMLLINK><HTMLTARGET>../lib/basic/specs/int-mult/export/unit.xml</HTMLTARGET><HTMLSTRING>int-mult</HTMLSTRING></HTMLLINK></NAME><IS_DATA><F/></IS_DATA><IS_LIBRARY><T/></IS_LIBRARY><LINES_OF_SPEC>14</LINES_OF_SPEC><NUMBER_OF_AXIOMS>3</NUMBER_OF_AXIOMS><NUMBER_OF_OPERATIONS>1</NUMBER_OF_OPERATIONS><NUMBER_OF_SORTS>0</NUMBER_OF_SORTS></ONELINESTAT><ONELINESTAT><NAME><HTMLLINK><HTMLTARGET>../datastructures/specs/linked-tree/export/unit.xml</HTMLTARGET><HTMLSTRING>linked-tree</HTMLSTRING></HTMLLINK></NAME><IS_DATA><F/></IS_DATA><IS_LIBRARY><T/></IS_LIBRARY><LINES_OF_SPEC>18</LINES_OF_SPEC><NUMBER_OF_AXIOMS>2</NUMBER_OF_AXIOMS><NUMBER_OF_OPERATIONS>1</NUMBER_OF_OPERATIONS><NUMBER_OF_SORTS>0</NUMBER_OF_SORTS></ONELINESTAT><ONELINESTAT><NAME><HTMLLINK><HTMLTARGET>../lib/separation/specs/maplet/export/unit.xml</HTMLTARGET><HTMLSTRING>maplet</HTMLSTRING></HTMLLINK></NAME><IS_DATA><F/></IS_DATA><IS_LIBRARY><T/></IS_LIBRARY><LINES_OF_SPEC>27</LINES_OF_SPEC><NUMBER_OF_AXIOMS>6</NUMBER_OF_AXIOMS><NUMBER_OF_OPERATIONS>6</NUMBER_OF_OPERATIONS><NUMBER_OF_SORTS>0</NUMBER_OF_SORTS></ONELINESTAT><ONELINESTAT><NAME><HTMLLINK><HTMLTARGET>../lib/separation/specs/maplet-exec/export/unit.xml</HTMLTARGET><HTMLSTRING>maplet-exec</HTMLSTRING></HTMLLINK></NAME><IS_DATA><F/></IS_DATA><IS_LIBRARY><T/></IS_LIBRARY><LINES_OF_SPEC>9</LINES_OF_SPEC><NUMBER_OF_AXIOMS>1</NUMBER_OF_AXIOMS><NUMBER_OF_OPERATIONS>1</NUMBER_OF_OPERATIONS><NUMBER_OF_SORTS>0</NUMBER_OF_SORTS></ONELINESTAT><ONELINESTAT><NAME><HTMLLINK><HTMLTARGET>../lib/separation/specs/maplet-exec-inst/export/unit.xml</HTMLTARGET><HTMLSTRING>maplet-exec-inst</HTMLSTRING></HTMLLINK></NAME><IS_DATA><F/></IS_DATA><IS_LIBRARY><T/></IS_LIBRARY><LINES_OF_SPEC>5</LINES_OF_SPEC><NUMBER_OF_AXIOMS>0</NUMBER_OF_AXIOMS><NUMBER_OF_OPERATIONS>0</NUMBER_OF_OPERATIONS><NUMBER_OF_SORTS>0</NUMBER_OF_SORTS></ONELINESTAT><ONELINESTAT><NAME><HTMLLINK><HTMLTARGET>../lib/separation/specs/maplet-param/export/unit.xml</HTMLTARGET><HTMLSTRING>maplet-param</HTMLSTRING></HTMLLINK></NAME><IS_DATA><F/></IS_DATA><IS_LIBRARY><T/></IS_LIBRARY><LINES_OF_SPEC>69</LINES_OF_SPEC><NUMBER_OF_AXIOMS>16</NUMBER_OF_AXIOMS><NUMBER_OF_OPERATIONS>5</NUMBER_OF_OPERATIONS><NUMBER_OF_SORTS>0</NUMBER_OF_SORTS></ONELINESTAT><ONELINESTAT><NAME><HTMLLINK><HTMLTARGET>../lib/basic/specs/nat/export/unit.xml</HTMLTARGET><HTMLSTRING>nat</HTMLSTRING></HTMLLINK></NAME><IS_DATA><F/></IS_DATA><IS_LIBRARY><T/></IS_LIBRARY><LINES_OF_SPEC>17</LINES_OF_SPEC><NUMBER_OF_AXIOMS>5</NUMBER_OF_AXIOMS><NUMBER_OF_OPERATIONS>4</NUMBER_OF_OPERATIONS><NUMBER_OF_SORTS>0</NUMBER_OF_SORTS></ONELINESTAT><ONELINESTAT><NAME><HTMLLINK><HTMLTARGET>../lib/basic/specs/nat-basic1/export/unit.xml</HTMLTARGET><HTMLSTRING>nat-basic1</HTMLSTRING></HTMLLINK></NAME><IS_DATA><T/></IS_DATA><IS_LIBRARY><T/></IS_LIBRARY><LINES_OF_SPEC>6</LINES_OF_SPEC><NUMBER_OF_AXIOMS>9</NUMBER_OF_AXIOMS><NUMBER_OF_OPERATIONS>3</NUMBER_OF_OPERATIONS><NUMBER_OF_SORTS>1</NUMBER_OF_SORTS></ONELINESTAT><ONELINESTAT><NAME><HTMLLINK><HTMLTARGET>../lib/basic/specs/nat-basic2/export/unit.xml</HTMLTARGET><HTMLSTRING>nat-basic2</HTMLSTRING></HTMLLINK></NAME><IS_DATA><F/></IS_DATA><IS_LIBRARY><T/></IS_LIBRARY><LINES_OF_SPEC>15</LINES_OF_SPEC><NUMBER_OF_AXIOMS>5</NUMBER_OF_AXIOMS><NUMBER_OF_OPERATIONS>1</NUMBER_OF_OPERATIONS><NUMBER_OF_SORTS>0</NUMBER_OF_SORTS></ONELINESTAT><ONELINESTAT><NAME><HTMLLINK><HTMLTARGET>../datastructures/specs/node/export/unit.xml</HTMLTARGET><HTMLSTRING>node</HTMLSTRING></HTMLLINK></NAME><IS_DATA><T/></IS_DATA><IS_LIBRARY><T/></IS_LIBRARY><LINES_OF_SPEC>7</LINES_OF_SPEC><NUMBER_OF_AXIOMS>18</NUMBER_OF_AXIOMS><NUMBER_OF_OPERATIONS>7</NUMBER_OF_OPERATIONS><NUMBER_OF_SORTS>1</NUMBER_OF_SORTS></ONELINESTAT><ONELINESTAT><NAME><HTMLLINK><HTMLTARGET>../datastructures/specs/node-heap/export/unit.xml</HTMLTARGET><HTMLSTRING>node-heap</HTMLSTRING></HTMLLINK></NAME><IS_DATA><F/></IS_DATA><IS_LIBRARY><T/></IS_LIBRARY><LINES_OF_SPEC>5</LINES_OF_SPEC><NUMBER_OF_AXIOMS>0</NUMBER_OF_AXIOMS><NUMBER_OF_OPERATIONS>0</NUMBER_OF_OPERATIONS><NUMBER_OF_SORTS>1</NUMBER_OF_SORTS></ONELINESTAT><ONELINESTAT><NAME><HTMLLINK><HTMLTARGET>../lib/separation/specs/obj/export/unit.xml</HTMLTARGET><HTMLSTRING>obj</HTMLSTRING></HTMLLINK></NAME><IS_DATA><F/></IS_DATA><IS_LIBRARY><T/></IS_LIBRARY><LINES_OF_SPEC>6</LINES_OF_SPEC><NUMBER_OF_AXIOMS>0</NUMBER_OF_AXIOMS><NUMBER_OF_OPERATIONS>0</NUMBER_OF_OPERATIONS><NUMBER_OF_SORTS>1</NUMBER_OF_SORTS></ONELINESTAT><ONELINESTAT><NAME><HTMLLINK><HTMLTARGET>../lib/separation/specs/ref/export/unit.xml</HTMLTARGET><HTMLSTRING>ref</HTMLSTRING></HTMLLINK></NAME><IS_DATA><F/></IS_DATA><IS_LIBRARY><T/></IS_LIBRARY><LINES_OF_SPEC>8</LINES_OF_SPEC><NUMBER_OF_AXIOMS>0</NUMBER_OF_AXIOMS><NUMBER_OF_OPERATIONS>1</NUMBER_OF_OPERATIONS><NUMBER_OF_SORTS>1</NUMBER_OF_SORTS></ONELINESTAT><ONELINESTAT><NAME><HTMLLINK><HTMLTARGET>../lib/separation/specs/refobj/export/unit.xml</HTMLTARGET><HTMLSTRING>refobj</HTMLSTRING></HTMLLINK></NAME><IS_DATA><F/></IS_DATA><IS_LIBRARY><T/></IS_LIBRARY><LINES_OF_SPEC>2</LINES_OF_SPEC><NUMBER_OF_AXIOMS>0</NUMBER_OF_AXIOMS><NUMBER_OF_OPERATIONS>0</NUMBER_OF_OPERATIONS><NUMBER_OF_SORTS>0</NUMBER_OF_SORTS></ONELINESTAT><ONELINESTAT><NAME><HTMLLINK><HTMLTARGET>../datastructures/specs/tree/export/unit.xml</HTMLTARGET><HTMLSTRING>tree</HTMLSTRING></HTMLLINK></NAME><IS_DATA><T/></IS_DATA><IS_LIBRARY><T/></IS_LIBRARY><LINES_OF_SPEC>10</LINES_OF_SPEC><NUMBER_OF_AXIOMS>21</NUMBER_OF_AXIOMS><NUMBER_OF_OPERATIONS>9</NUMBER_OF_OPERATIONS><NUMBER_OF_SORTS>1</NUMBER_OF_SORTS></ONELINESTAT></SPECSTATISTIC><MODSTATISTIC><ONELINESTAT><NAME>all mods</NAME><LINES_OF_CODE>0</LINES_OF_CODE><NUMBER_OF_INSTRUCTIONS>0</NUMBER_OF_INSTRUCTIONS><NUMBER_OF_PROCEDURES>0</NUMBER_OF_PROCEDURES></ONELINESTAT><ONELINESTAT><NAME>nonlib mods</NAME><LINES_OF_CODE>0</LINES_OF_CODE><NUMBER_OF_INSTRUCTIONS>0</NUMBER_OF_INSTRUCTIONS><NUMBER_OF_PROCEDURES>0</NUMBER_OF_PROCEDURES></ONELINESTAT><ONELINESTAT><NAME>lib mods</NAME><LINES_OF_CODE>0</LINES_OF_CODE><NUMBER_OF_INSTRUCTIONS>0</NUMBER_OF_INSTRUCTIONS><NUMBER_OF_PROCEDURES>0</NUMBER_OF_PROCEDURES></ONELINESTAT></MODSTATISTIC><SUMMARYPROOFS><ONEPROOFSTAT><NAME>nonlib specs</NAME><IS_DATA><F/></IS_DATA><IS_LIBRARY><F/></IS_LIBRARY><NUMBER_OF_THEOREMS>3</NUMBER_OF_THEOREMS><NUMBER_OF_PROOFS>3</NUMBER_OF_PROOFS><NUMBER_OF_PROOFSTEPS>73</NUMBER_OF_PROOFSTEPS><NUMBER_OF_INTERACTIONS>12</NUMBER_OF_INTERACTIONS></ONEPROOFSTAT><ONEPROOFSTAT><NAME>lib specs</NAME><IS_DATA><F/></IS_DATA><IS_LIBRARY><F/></IS_LIBRARY><NUMBER_OF_THEOREMS>1504</NUMBER_OF_THEOREMS><NUMBER_OF_PROOFS>1524</NUMBER_OF_PROOFS><NUMBER_OF_PROOFSTEPS>5418</NUMBER_OF_PROOFSTEPS><NUMBER_OF_INTERACTIONS>2214</NUMBER_OF_INTERACTIONS></ONEPROOFSTAT><ONEPROOFSTAT><NAME>total</NAME><IS_DATA><F/></IS_DATA><IS_LIBRARY><F/></IS_LIBRARY><NUMBER_OF_THEOREMS>1507</NUMBER_OF_THEOREMS><NUMBER_OF_PROOFS>1527</NUMBER_OF_PROOFS><NUMBER_OF_PROOFSTEPS>5491</NUMBER_OF_PROOFSTEPS><NUMBER_OF_INTERACTIONS>2226</NUMBER_OF_INTERACTIONS></ONEPROOFSTAT></SUMMARYPROOFS><SPECPROOFS><ONEPROOFSTAT><NAME><HTMLLINK><HTMLTARGET>specs/challenge2/export/unit.xml</HTMLTARGET><HTMLSTRING>challenge2</HTMLSTRING></HTMLLINK></NAME><IS_DATA><F/></IS_DATA><IS_LIBRARY><F/></IS_LIBRARY><NUMBER_OF_THEOREMS>3</NUMBER_OF_THEOREMS><NUMBER_OF_PROOFS>3</NUMBER_OF_PROOFS><NUMBER_OF_PROOFSTEPS>73</NUMBER_OF_PROOFSTEPS><NUMBER_OF_INTERACTIONS>12</NUMBER_OF_INTERACTIONS></ONEPROOFSTAT><ONEPROOFSTAT><NAME><HTMLLINK><HTMLTARGET>specs/int-tree/export/unit.xml</HTMLTARGET><HTMLSTRING>int-tree</HTMLSTRING></HTMLLINK></NAME><IS_DATA><F/></IS_DATA><IS_LIBRARY><F/></IS_LIBRARY><NUMBER_OF_THEOREMS>0</NUMBER_OF_THEOREMS><NUMBER_OF_PROOFS>0</NUMBER_OF_PROOFS><NUMBER_OF_PROOFSTEPS>0</NUMBER_OF_PROOFSTEPS><NUMBER_OF_INTERACTIONS>0</NUMBER_OF_INTERACTIONS></ONEPROOFSTAT><ONEPROOFSTAT><NAME><HTMLLINK><HTMLTARGET>../lib/basic/specs/elem/export/unit.xml</HTMLTARGET><HTMLSTRING>elem</HTMLSTRING></HTMLLINK></NAME><IS_DATA><F/></IS_DATA><IS_LIBRARY><T/></IS_LIBRARY><NUMBER_OF_THEOREMS>0</NUMBER_OF_THEOREMS><NUMBER_OF_PROOFS>0</NUMBER_OF_PROOFS><NUMBER_OF_PROOFSTEPS>0</NUMBER_OF_PROOFSTEPS><NUMBER_OF_INTERACTIONS>0</NUMBER_OF_INTERACTIONS></ONEPROOFSTAT><ONEPROOFSTAT><NAME><HTMLLINK><HTMLTARGET>../lib/separation/specs/heap/export/unit.xml</HTMLTARGET><HTMLSTRING>heap</HTMLSTRING></HTMLLINK></NAME><IS_DATA><F/></IS_DATA><IS_LIBRARY><T/></IS_LIBRARY><NUMBER_OF_THEOREMS>24</NUMBER_OF_THEOREMS><NUMBER_OF_PROOFS>24</NUMBER_OF_PROOFS><NUMBER_OF_PROOFSTEPS>115</NUMBER_OF_PROOFSTEPS><NUMBER_OF_INTERACTIONS>43</NUMBER_OF_INTERACTIONS></ONEPROOFSTAT><ONEPROOFSTAT><NAME><HTMLLINK><HTMLTARGET>../lib/separation/specs/heap-param/export/unit.xml</HTMLTARGET><HTMLSTRING>heap-param</HTMLSTRING></HTMLLINK></NAME><IS_DATA><F/></IS_DATA><IS_LIBRARY><T/></IS_LIBRARY><NUMBER_OF_THEOREMS>3</NUMBER_OF_THEOREMS><NUMBER_OF_PROOFS>3</NUMBER_OF_PROOFS><NUMBER_OF_PROOFSTEPS>78</NUMBER_OF_PROOFSTEPS><NUMBER_OF_INTERACTIONS>46</NUMBER_OF_INTERACTIONS></ONEPROOFSTAT><ONEPROOFSTAT><NAME><HTMLLINK><HTMLTARGET>../lib/separation/specs/heap-sep/export/unit.xml</HTMLTARGET><HTMLSTRING>heap-sep</HTMLSTRING></HTMLLINK></NAME><IS_DATA><F/></IS_DATA><IS_LIBRARY><T/></IS_LIBRARY><NUMBER_OF_THEOREMS>39</NUMBER_OF_THEOREMS><NUMBER_OF_PROOFS>39</NUMBER_OF_PROOFS><NUMBER_OF_PROOFSTEPS>187</NUMBER_OF_PROOFSTEPS><NUMBER_OF_INTERACTIONS>101</NUMBER_OF_INTERACTIONS></ONEPROOFSTAT><ONEPROOFSTAT><NAME><HTMLLINK><HTMLTARGET>../lib/separation/specs/heap-sep-inst/export/unit.xml</HTMLTARGET><HTMLSTRING>heap-sep-inst</HTMLSTRING></HTMLLINK></NAME><IS_DATA><F/></IS_DATA><IS_LIBRARY><T/></IS_LIBRARY><NUMBER_OF_THEOREMS>0</NUMBER_OF_THEOREMS><NUMBER_OF_PROOFS>9</NUMBER_OF_PROOFS><NUMBER_OF_PROOFSTEPS>10</NUMBER_OF_PROOFSTEPS><NUMBER_OF_INTERACTIONS>1</NUMBER_OF_INTERACTIONS></ONEPROOFSTAT><ONEPROOFSTAT><NAME><HTMLLINK><HTMLTARGET>../lib/basic/specs/int-abs/export/unit.xml</HTMLTARGET><HTMLSTRING>int-abs</HTMLSTRING></HTMLLINK></NAME><IS_DATA><F/></IS_DATA><IS_LIBRARY><T/></IS_LIBRARY><NUMBER_OF_THEOREMS>276</NUMBER_OF_THEOREMS><NUMBER_OF_PROOFS>276</NUMBER_OF_PROOFS><NUMBER_OF_PROOFSTEPS>505</NUMBER_OF_PROOFSTEPS><NUMBER_OF_INTERACTIONS>107</NUMBER_OF_INTERACTIONS></ONEPROOFSTAT><ONEPROOFSTAT><NAME><HTMLLINK><HTMLTARGET>../lib/basic/specs/int-basic1/export/unit.xml</HTMLTARGET><HTMLSTRING>int-basic1</HTMLSTRING></HTMLLINK></NAME><IS_DATA><F/></IS_DATA><IS_LIBRARY><T/></IS_LIBRARY><NUMBER_OF_THEOREMS>51</NUMBER_OF_THEOREMS><NUMBER_OF_PROOFS>51</NUMBER_OF_PROOFS><NUMBER_OF_PROOFSTEPS>120</NUMBER_OF_PROOFSTEPS><NUMBER_OF_INTERACTIONS>40</NUMBER_OF_INTERACTIONS></ONEPROOFSTAT><ONEPROOFSTAT><NAME><HTMLLINK><HTMLTARGET>../lib/basic/specs/int-basic2/export/unit.xml</HTMLTARGET><HTMLSTRING>int-basic2</HTMLSTRING></HTMLLINK></NAME><IS_DATA><F/></IS_DATA><IS_LIBRARY><T/></IS_LIBRARY><NUMBER_OF_THEOREMS>55</NUMBER_OF_THEOREMS><NUMBER_OF_PROOFS>55</NUMBER_OF_PROOFS><NUMBER_OF_PROOFSTEPS>164</NUMBER_OF_PROOFSTEPS><NUMBER_OF_INTERACTIONS>40</NUMBER_OF_INTERACTIONS></ONEPROOFSTAT><ONEPROOFSTAT><NAME><HTMLLINK><HTMLTARGET>../lib/basic/specs/int-div/export/unit.xml</HTMLTARGET><HTMLSTRING>int-div</HTMLSTRING></HTMLLINK></NAME><IS_DATA><F/></IS_DATA><IS_LIBRARY><T/></IS_LIBRARY><NUMBER_OF_THEOREMS>439</NUMBER_OF_THEOREMS><NUMBER_OF_PROOFS>439</NUMBER_OF_PROOFS><NUMBER_OF_PROOFSTEPS>2416</NUMBER_OF_PROOFSTEPS><NUMBER_OF_INTERACTIONS>1148</NUMBER_OF_INTERACTIONS></ONEPROOFSTAT><ONEPROOFSTAT><NAME><HTMLLINK><HTMLTARGET>../lib/basic/specs/int-min/export/unit.xml</HTMLTARGET><HTMLSTRING>int-min</HTMLSTRING></HTMLLINK></NAME><IS_DATA><F/></IS_DATA><IS_LIBRARY><T/></IS_LIBRARY><NUMBER_OF_THEOREMS>34</NUMBER_OF_THEOREMS><NUMBER_OF_PROOFS>34</NUMBER_OF_PROOFS><NUMBER_OF_PROOFSTEPS>82</NUMBER_OF_PROOFSTEPS><NUMBER_OF_INTERACTIONS>9</NUMBER_OF_INTERACTIONS></ONEPROOFSTAT><ONEPROOFSTAT><NAME><HTMLLINK><HTMLTARGET>../lib/basic/specs/int-mult/export/unit.xml</HTMLTARGET><HTMLSTRING>int-mult</HTMLSTRING></HTMLLINK></NAME><IS_DATA><F/></IS_DATA><IS_LIBRARY><T/></IS_LIBRARY><NUMBER_OF_THEOREMS>291</NUMBER_OF_THEOREMS><NUMBER_OF_PROOFS>291</NUMBER_OF_PROOFS><NUMBER_OF_PROOFSTEPS>953</NUMBER_OF_PROOFSTEPS><NUMBER_OF_INTERACTIONS>429</NUMBER_OF_INTERACTIONS></ONEPROOFSTAT><ONEPROOFSTAT><NAME><HTMLLINK><HTMLTARGET>../datastructures/specs/linked-tree/export/unit.xml</HTMLTARGET><HTMLSTRING>linked-tree</HTMLSTRING></HTMLLINK></NAME><IS_DATA><F/></IS_DATA><IS_LIBRARY><T/></IS_LIBRARY><NUMBER_OF_THEOREMS>2</NUMBER_OF_THEOREMS><NUMBER_OF_PROOFS>2</NUMBER_OF_PROOFS><NUMBER_OF_PROOFSTEPS>16</NUMBER_OF_PROOFSTEPS><NUMBER_OF_INTERACTIONS>8</NUMBER_OF_INTERACTIONS></ONEPROOFSTAT><ONEPROOFSTAT><NAME><HTMLLINK><HTMLTARGET>../lib/separation/specs/maplet/export/unit.xml</HTMLTARGET><HTMLSTRING>maplet</HTMLSTRING></HTMLLINK></NAME><IS_DATA><F/></IS_DATA><IS_LIBRARY><T/></IS_LIBRARY><NUMBER_OF_THEOREMS>20</NUMBER_OF_THEOREMS><NUMBER_OF_PROOFS>20</NUMBER_OF_PROOFS><NUMBER_OF_PROOFSTEPS>124</NUMBER_OF_PROOFSTEPS><NUMBER_OF_INTERACTIONS>60</NUMBER_OF_INTERACTIONS></ONEPROOFSTAT><ONEPROOFSTAT><NAME><HTMLLINK><HTMLTARGET>../lib/separation/specs/maplet-exec/export/unit.xml</HTMLTARGET><HTMLSTRING>maplet-exec</HTMLSTRING></HTMLLINK></NAME><IS_DATA><F/></IS_DATA><IS_LIBRARY><T/></IS_LIBRARY><NUMBER_OF_THEOREMS>11</NUMBER_OF_THEOREMS><NUMBER_OF_PROOFS>11</NUMBER_OF_PROOFS><NUMBER_OF_PROOFSTEPS>68</NUMBER_OF_PROOFSTEPS><NUMBER_OF_INTERACTIONS>36</NUMBER_OF_INTERACTIONS></ONEPROOFSTAT><ONEPROOFSTAT><NAME><HTMLLINK><HTMLTARGET>../lib/separation/specs/maplet-exec-inst/export/unit.xml</HTMLTARGET><HTMLSTRING>maplet-exec-inst</HTMLSTRING></HTMLLINK></NAME><IS_DATA><F/></IS_DATA><IS_LIBRARY><T/></IS_LIBRARY><NUMBER_OF_THEOREMS>0</NUMBER_OF_THEOREMS><NUMBER_OF_PROOFS>11</NUMBER_OF_PROOFS><NUMBER_OF_PROOFSTEPS>34</NUMBER_OF_PROOFSTEPS><NUMBER_OF_INTERACTIONS>7</NUMBER_OF_INTERACTIONS></ONEPROOFSTAT><ONEPROOFSTAT><NAME><HTMLLINK><HTMLTARGET>../lib/separation/specs/maplet-param/export/unit.xml</HTMLTARGET><HTMLSTRING>maplet-param</HTMLSTRING></HTMLLINK></NAME><IS_DATA><F/></IS_DATA><IS_LIBRARY><T/></IS_LIBRARY><NUMBER_OF_THEOREMS>11</NUMBER_OF_THEOREMS><NUMBER_OF_PROOFS>11</NUMBER_OF_PROOFS><NUMBER_OF_PROOFSTEPS>32</NUMBER_OF_PROOFSTEPS><NUMBER_OF_INTERACTIONS>13</NUMBER_OF_INTERACTIONS></ONEPROOFSTAT><ONEPROOFSTAT><NAME><HTMLLINK><HTMLTARGET>../lib/basic/specs/nat/export/unit.xml</HTMLTARGET><HTMLSTRING>nat</HTMLSTRING></HTMLLINK></NAME><IS_DATA><F/></IS_DATA><IS_LIBRARY><T/></IS_LIBRARY><NUMBER_OF_THEOREMS>119</NUMBER_OF_THEOREMS><NUMBER_OF_PROOFS>119</NUMBER_OF_PROOFS><NUMBER_OF_PROOFSTEPS>227</NUMBER_OF_PROOFSTEPS><NUMBER_OF_INTERACTIONS>66</NUMBER_OF_INTERACTIONS></ONEPROOFSTAT><ONEPROOFSTAT><NAME><HTMLLINK><HTMLTARGET>../lib/basic/specs/nat-basic1/export/unit.xml</HTMLTARGET><HTMLSTRING>nat-basic1</HTMLSTRING></HTMLLINK></NAME><IS_DATA><T/></IS_DATA><IS_LIBRARY><T/></IS_LIBRARY><NUMBER_OF_THEOREMS>64</NUMBER_OF_THEOREMS><NUMBER_OF_PROOFS>64</NUMBER_OF_PROOFS><NUMBER_OF_PROOFSTEPS>105</NUMBER_OF_PROOFSTEPS><NUMBER_OF_INTERACTIONS>4</NUMBER_OF_INTERACTIONS></ONEPROOFSTAT><ONEPROOFSTAT><NAME><HTMLLINK><HTMLTARGET>../lib/basic/specs/nat-basic2/export/unit.xml</HTMLTARGET><HTMLSTRING>nat-basic2</HTMLSTRING></HTMLLINK></NAME><IS_DATA><F/></IS_DATA><IS_LIBRARY><T/></IS_LIBRARY><NUMBER_OF_THEOREMS>65</NUMBER_OF_THEOREMS><NUMBER_OF_PROOFS>65</NUMBER_OF_PROOFS><NUMBER_OF_PROOFSTEPS>182</NUMBER_OF_PROOFSTEPS><NUMBER_OF_INTERACTIONS>56</NUMBER_OF_INTERACTIONS></ONEPROOFSTAT><ONEPROOFSTAT><NAME><HTMLLINK><HTMLTARGET>../datastructures/specs/node/export/unit.xml</HTMLTARGET><HTMLSTRING>node</HTMLSTRING></HTMLLINK></NAME><IS_DATA><T/></IS_DATA><IS_LIBRARY><T/></IS_LIBRARY><NUMBER_OF_THEOREMS>0</NUMBER_OF_THEOREMS><NUMBER_OF_PROOFS>0</NUMBER_OF_PROOFS><NUMBER_OF_PROOFSTEPS>0</NUMBER_OF_PROOFSTEPS><NUMBER_OF_INTERACTIONS>0</NUMBER_OF_INTERACTIONS></ONEPROOFSTAT><ONEPROOFSTAT><NAME><HTMLLINK><HTMLTARGET>../datastructures/specs/node-heap/export/unit.xml</HTMLTARGET><HTMLSTRING>node-heap</HTMLSTRING></HTMLLINK></NAME><IS_DATA><F/></IS_DATA><IS_LIBRARY><T/></IS_LIBRARY><NUMBER_OF_THEOREMS>0</NUMBER_OF_THEOREMS><NUMBER_OF_PROOFS>0</NUMBER_OF_PROOFS><NUMBER_OF_PROOFSTEPS>0</NUMBER_OF_PROOFSTEPS><NUMBER_OF_INTERACTIONS>0</NUMBER_OF_INTERACTIONS></ONEPROOFSTAT><ONEPROOFSTAT><NAME><HTMLLINK><HTMLTARGET>../lib/separation/specs/obj/export/unit.xml</HTMLTARGET><HTMLSTRING>obj</HTMLSTRING></HTMLLINK></NAME><IS_DATA><F/></IS_DATA><IS_LIBRARY><T/></IS_LIBRARY><NUMBER_OF_THEOREMS>0</NUMBER_OF_THEOREMS><NUMBER_OF_PROOFS>0</NUMBER_OF_PROOFS><NUMBER_OF_PROOFSTEPS>0</NUMBER_OF_PROOFSTEPS><NUMBER_OF_INTERACTIONS>0</NUMBER_OF_INTERACTIONS></ONEPROOFSTAT><ONEPROOFSTAT><NAME><HTMLLINK><HTMLTARGET>../lib/separation/specs/ref/export/unit.xml</HTMLTARGET><HTMLSTRING>ref</HTMLSTRING></HTMLLINK></NAME><IS_DATA><F/></IS_DATA><IS_LIBRARY><T/></IS_LIBRARY><NUMBER_OF_THEOREMS>0</NUMBER_OF_THEOREMS><NUMBER_OF_PROOFS>0</NUMBER_OF_PROOFS><NUMBER_OF_PROOFSTEPS>0</NUMBER_OF_PROOFSTEPS><NUMBER_OF_INTERACTIONS>0</NUMBER_OF_INTERACTIONS></ONEPROOFSTAT><ONEPROOFSTAT><NAME><HTMLLINK><HTMLTARGET>../lib/separation/specs/refobj/export/unit.xml</HTMLTARGET><HTMLSTRING>refobj</HTMLSTRING></HTMLLINK></NAME><IS_DATA><F/></IS_DATA><IS_LIBRARY><T/></IS_LIBRARY><NUMBER_OF_THEOREMS>0</NUMBER_OF_THEOREMS><NUMBER_OF_PROOFS>0</NUMBER_OF_PROOFS><NUMBER_OF_PROOFSTEPS>0</NUMBER_OF_PROOFSTEPS><NUMBER_OF_INTERACTIONS>0</NUMBER_OF_INTERACTIONS></ONEPROOFSTAT><ONEPROOFSTAT><NAME><HTMLLINK><HTMLTARGET>../datastructures/specs/tree/export/unit.xml</HTMLTARGET><HTMLSTRING>tree</HTMLSTRING></HTMLLINK></NAME><IS_DATA><T/></IS_DATA><IS_LIBRARY><T/></IS_LIBRARY><NUMBER_OF_THEOREMS>0</NUMBER_OF_THEOREMS><NUMBER_OF_PROOFS>0</NUMBER_OF_PROOFS><NUMBER_OF_PROOFSTEPS>0</NUMBER_OF_PROOFSTEPS><NUMBER_OF_INTERACTIONS>0</NUMBER_OF_INTERACTIONS></ONEPROOFSTAT></SPECPROOFS><MODPROOFS></MODPROOFS></PROJECTSTATISTIC>