<?xml version="1.0" encoding="UTF-8"?>
<!DOCTYPE why3session SYSTEM "why3session.dtd">
<why3session
 name="challenge2_why3/why3session.xml">
 <prover
  id="alt-ergo"
  name="Alt-Ergo"
  version="0.93"/>
 <prover
  id="coq"
  name="Coq"
  version="8.2pl1"/>
 <prover
  id="coq-realize"
  name="Coq Realize"
  version="8.2pl1"/>
 <prover
  id="cvc3"
  name="CVC3"
  version="2.2"/>
 <prover
  id="eprover"
  name="Eprover"
  version="1.4 Namring"/>
 <prover
  id="gappa"
  name="Gappa"
  version="0.15.1"/>
 <prover
  id="simplify"
  name="Simplify"
  version="1.5.4"/>
 <prover
  id="spass"
  name="Spass"
  version="3.7"/>
 <prover
  id="vampire"
  name="Vampire"
  version="0.6"/>
 <prover
  id="verit"
  name="veriT"
  version="dev"/>
 <prover
  id="yices"
  name="Yices"
  version="1.0.25"/>
 <prover
  id="z3"
  name="Z3"
  version="2.19"/>
 <file
  name="../challenge2_why3.mlw"
  verified="true"
  expanded="true">
  <theory
   name="BinTree"
   verified="true"
   expanded="true">
   <goal
    name="ge_trans"
    sum="e4503548ffd2c062100f2478dda74f40"
    proved="true"
    expanded="true"
    shape="age_treeV1V0Iage_treeV2V0Aainfix >=V1V2F">
    <proof
     prover="coq"
     timelimit="10"
     edited="challenge2_why3_BinTree_ge_trans_1.v"
     obsolete="false">
     <result status="valid" time="0.44"/>
    </proof>
   </goal>
  </theory>
  <theory
   name="WP Tree"
   verified="true"
   expanded="true">
   <goal
    name="WP_parameter max_aux"
    expl="parameter max_aux"
    sum="e89f808565704f7089800c97328021c2"
    proved="true"
    expanded="true"
    shape="CV0aNullainfix >=V1V1Aage_treeV1V0aTreeVVVainfix >=V6V1Aage_treeV6V0Iainfix >=V6V5Aage_treeV6V3FIainfix >=V5amaxV2V1Aage_treeV5V4FFF">
    <transf
     name="split_goal"
     proved="true"
     expanded="true">
     <goal
      name="WP_parameter max_aux.1"
      expl="parameter max_aux"
      sum="e3f6039942c822afc163151f3ff011b4"
      proved="true"
      expanded="true"
      shape="CV0aNullainfix >=V1V1Aage_treeV1V0aTreeVVVtFF">
      <proof
       prover="cvc3"
       timelimit="10"
       edited=""
       obsolete="false">
       <result status="valid" time="0.01"/>
      </proof>
      <proof
       prover="alt-ergo"
       timelimit="10"
       edited=""
       obsolete="false">
       <result status="valid" time="0.02"/>
      </proof>
      <proof
       prover="z3"
       timelimit="10"
       edited=""
       obsolete="false">
       <result status="valid" time="0.03"/>
      </proof>
     </goal>
     <goal
      name="WP_parameter max_aux.2"
      expl="parameter max_aux"
      sum="7e5367407af9af9111257ee83485f144"
      proved="true"
      expanded="true"
      shape="CV0aNulltaTreeVVVainfix >=V6V1Aage_treeV6V0Iainfix >=V6V5Aage_treeV6V3FIainfix >=V5amaxV2V1Aage_treeV5V4FFF">
      <proof
       prover="alt-ergo"
       timelimit="10"
       edited=""
       obsolete="false">
       <result status="valid" time="0.03"/>
      </proof>
     </goal>
    </transf>
   </goal>
   <goal
    name="WP_parameter max"
    expl="parameter max"
    sum="264238801310c21ebb03b7c836865635"
    proved="true"
    expanded="true"
    shape="CV0aNullfaTreeVVVage_treeV5V0Iainfix >=V5V4Aage_treeV5V2FIainfix >=V4V1Aage_treeV4V3FIainfix =V0aNullNF">
    <proof
     prover="alt-ergo"
     timelimit="10"
     edited=""
     obsolete="false">
     <result status="valid" time="0.02"/>
    </proof>
    <proof
     prover="z3"
     timelimit="10"
     edited=""
     obsolete="false">
     <result status="valid" time="0.06"/>
    </proof>
   </goal>
  </theory>
 </file>
</why3session>
