<?xml version="1.0" encoding="UTF-8"?>
<?xml-stylesheet type="text/xsl" href="../../../lemmabase.xsl"?>
<LEMMABASE name="Specification int-tree"><LEMMAVERSION><VERSION><THEVERSION>0</THEVERSION></VERSION></LEMMAVERSION><TOFILE><T/></TOFILE><LEMMADIR><DIRECTORY><TRUENAME>specs/int-tree/proofs/</TRUENAME></DIRECTORY></LEMMADIR><VALIDBASE><T/></VALIDBASE><SAVELEMMAS><F/></SAVELEMMAS><BASEDATE>3526724155</BASEDATE><MODIFIEDLEMMAS><LIST></LIST></MODIFIEDLEMMAS><ADDEDLEMMAS><LIST></LIST></ADDEDLEMMAS><OWNLOCKEDLEMMAS><LIST></LIST></OWNLOCKEDLEMMAS><OTHERLOCKEDLEMMAS><LIST></LIST></OTHERLOCKEDLEMMAS><LEMMADECLS><LIST></LIST></LEMMADECLS><THELEMMAS><LIST></LIST></THELEMMAS><EXTRALEMMABASE><EXTRALEMMABASELIST><EXTRALEMMABASELIST><LIST><LE><SPECHEUINFO><PRDSLOT><LIST></LIST></PRDSLOT><SIZESLOT><LIST></LIST></SIZESLOT><CONSTRSLOT><LIST></LIST></CONSTRSLOT><DONOTUSE>0</DONOTUSE></SPECHEUINFO></LE></LIST></EXTRALEMMABASELIST></EXTRALEMMABASELIST></EXTRALEMMABASE><THEFTS><LIST></LIST></THEFTS><EXTRALBSLOT2><LIST></LIST></EXTRALBSLOT2></LEMMABASE>