<?xml version="1.0" encoding="UTF-8"?>
<?xml-stylesheet type="text/xsl" href="../../../unit.xsl"?>
<KIVSPEC name="int-tree"><SPECBODY>instantiate <a href="../../../../lib/basic/specs/elem/export/unit.xml">elem</a>
&lt; <a href="../../../../datastructures/specs/linked-tree/export/unit.xml
">linked-tree
</a>
with <a href="../../../../lib/basic/specs/int-min/export/unit.xml
">int-min
</a>
by mapping : elem → int; a → i; b → i0; c → j;
   rename mknode → mknode; .val → .val; .val:= → .val:=; branch → branch; .val → .val; .val:= → .val:=; a0 → (i1);
end instantiate</SPECBODY></KIVSPEC>