<?xml version="1.0" encoding="UTF-8"?>
<?xml-stylesheet type="text/xsl" href="../../../../proofnode.xsl"?>
<PROOFNODE proofname="max-max" previous="11"><NUM>10</NUM><TYPE>step</TYPE><INFO>User applied rule insert rewrite lemma</INFO><SEQ>max(branch(t0, i0, t1)) &lt; i, i ∈ t0, ∀ i1. ¬ i1 ∈ t0 ∨ ¬ max(t0) &lt; i1, ∀ i1. ¬ i1 ∈ t1 ∨ ¬ max(t1) &lt; i1 ⊦ </SEQ><NEWGOALS><LIST><LE><PAIR><FST>3</FST><SND><SEQ> ⊦ t ≠ leaf ∧ t0 ≠ leaf → max(branch(t, i, t0)) = max(max(i, max(t)), max(t0))</SEQ></SND></PAIR></LE><LE><PAIR><FST>7</FST><SND><SEQ>¬ (t0 ≠ leaf ∧ t1 ≠ leaf), max(branch(t0, i0, t1)) &lt; i, i ∈ t0, ∀ i1. ¬ i1 ∈ t0 ∨ ¬ max(t0) &lt; i1, ∀ i1. ¬ i1 ∈ t1 ∨ ¬ max(t1) &lt; i1 ⊦ </SEQ></SND></PAIR></LE><LE><PAIR><FST>9</FST><SND><SEQ>t0 ≠ leaf ∧ t1 ≠ leaf, max(max(i0, max(t0)), max(t1)) &lt; i, i ∈ t0, ∀ i1. ¬ i1 ∈ t0 ∨ ¬ max(t0) &lt; i1, ∀ i1. ¬ i1 ∈ t1 ∨ ¬ max(t1) &lt; i1 ⊦ </SEQ></SND></PAIR></LE></LIST></NEWGOALS><RULEARGS>[x0lemmaarg: spec-name: 
instance-name: 
lemma-name: max-rec
antecedent: 
succedent:   t ≠ leaf ∧ t0 ≠ leaf
           → max(branch(t, i, t0)) = max(max(i, max(t)), max(t0))
substlist: [t0, i, t] → [t1, i0, t0]
add preconditions?: F
is rewrite lemma?: T
current spec?: T
rotate lemma?: F
replace all?: T
paths: ((0, 0, 0, 1, 0))
dummy: ()
]</RULEARGS><EXTRAS>[[CONCRETESIMPRULES : ()], [EXTRATERMS : (t1, i0, t0)]]</EXTRAS></PROOFNODE>