<?xml version="1.0" encoding="UTF-8"?>
<?xml-stylesheet type="text/xsl" href="../../../../proofnode.xsl"?>
<PROOFNODE proofname="max-max" previous="19"><NUM>18</NUM><TYPE>step</TYPE><INFO>User applied rule insert rewrite lemma</INFO><SEQ>i ∈ t1, max(branch(leaf, i0, t1)) &lt; i, ∀ i1. ¬ i1 ∈ t1 ∨ ¬ max(t1) &lt; i1 ⊦ </SEQ><NEWGOALS><LIST><LE><PAIR><FST>14</FST><SND><SEQ> ⊦ t ≠ leaf → max(branch(leaf, i, t)) = max(i, max(t))</SEQ></SND></PAIR></LE><LE><PAIR><FST>15</FST><SND><SEQ> ⊦ ¬ i ∈ leaf</SEQ></SND></PAIR></LE><LE><PAIR><FST>17</FST><SND><SEQ>t1 ≠ leaf, i ∈ t1, max(i0, max(t1)) &lt; i, ∀ i1. ¬ i1 ∈ t1 ∨ ¬ max(t1) &lt; i1 ⊦ </SEQ></SND></PAIR></LE></LIST></NEWGOALS><RULEARGS>[x0lemmaarg: spec-name: 
instance-name: 
lemma-name: max-rec1
antecedent: 
succedent: t ≠ leaf → max(branch(leaf, i, t)) = max(i, max(t))
substlist: [t, i] → [t1, i0]
add preconditions?: F
is rewrite lemma?: T
current spec?: T
rotate lemma?: F
replace all?: T
paths: ((0, 0, 1, 1, 0))
dummy: ()
]</RULEARGS><EXTRAS>[[CONCRETESIMPRULES : ()], [EXTRATERMS : (t1, i0)]]</EXTRAS></PROOFNODE>