<?xml version="1.0" encoding="UTF-8"?>
<?xml-stylesheet type="text/xsl" href="../../../../proofnode.xsl"?>
<PROOFNODE proofname="max-max" previous="22"><NUM>19</NUM><TYPE>step</TYPE><INFO>Heuristic simplifier applied rule simplifier</INFO><SEQ>¬ (t0 ≠ leaf ∧ t1 ≠ leaf), max(branch(t0, i0, t1)) &lt; i, i ∈ t1, ∀ i1. ¬ i1 ∈ t0 ∨ ¬ max(t0) &lt; i1, ∀ i1. ¬ i1 ∈ t1 ∨ ¬ max(t1) &lt; i1 ⊦ i ∈ t0</SEQ><NEWGOALS><LIST><LE><PAIR><FST>13</FST><SND><SEQ> ⊦ ¬ i ∈ leaf</SEQ></SND></PAIR></LE><LE><PAIR><FST>18</FST><SND><SEQ>i ∈ t1, max(branch(leaf, i0, t1)) &lt; i, ∀ i1. ¬ i1 ∈ t1 ∨ ¬ max(t1) &lt; i1 ⊦ </SEQ></SND></PAIR></LE></LIST></NEWGOALS><RULEARGS>[emptyarg]</RULEARGS><EXTRAS>[[CONCRETESIMPRULES : ()]]</EXTRAS></PROOFNODE>