<?xml version="1.0" encoding="UTF-8"?>
<?xml-stylesheet type="text/xsl" href="../../../../proofnode.xsl"?>
<PROOFNODE proofname="max-max" previous="29"><NUM>28</NUM><TYPE>step</TYPE><INFO>User applied rule insert rewrite lemma</INFO><SEQ>max(branch(t0, i0, leaf)) &lt; i0, ∀ i1. ¬ i1 ∈ t0 ∨ ¬ max(t0) &lt; i1 ⊦ i0 ∈ t0</SEQ><NEWGOALS><LIST><LE><PAIR><FST>26</FST><SND><SEQ> ⊦ t ≠ leaf → max(branch(t, i, leaf)) = max(i, max(t))</SEQ></SND></PAIR></LE><LE><PAIR><FST>27</FST><SND><SEQ> ⊦ max(branch(leaf, i, leaf)) = i</SEQ></SND></PAIR></LE></LIST></NEWGOALS><RULEARGS>[x0lemmaarg: spec-name: 
instance-name: 
lemma-name: max-rec2
antecedent: 
succedent: t ≠ leaf → max(branch(t, i, leaf)) = max(i, max(t))
substlist: [i, t] → [i0, t0]
add preconditions?: F
is rewrite lemma?: T
current spec?: T
rotate lemma?: F
replace all?: T
paths: ((0, 0, 0, 1, 0))
dummy: ()
]</RULEARGS><EXTRAS>[[CONCRETESIMPRULES : ([CSIMPSEQ :  ⊦ max(i, j) &lt; j0 ↔ i &lt; j0 ∧ j &lt; j0], 
                       [CSIMPSEQ :  ⊦ ¬ i &lt; i], 
                       [CSIMPSEQ : ⊦ 
                                     max(i, max(j, j0))
                                   = max(max(i, j), j0)], 
                       [CSIMPSEQ :  ⊦ max(i, j) = max(j, i)])], 
 [EXTRATERMS : (i0, t0)]]</EXTRAS></PROOFNODE>