<?xml version="1.0" encoding="UTF-8"?>
<?xml-stylesheet type="text/xsl" href="../../../../proofnode.xsl"?>
<PROOFNODE proofname="max-max" previous="31"><NUM>29</NUM><TYPE>step</TYPE><INFO>Heuristic simplifier applied rule simplifier</INFO><SEQ>t1 = leaf, max(branch(t0, i0, t1)) &lt; i0, ∀ i1. ¬ i1 ∈ t0 ∨ ¬ max(t0) &lt; i1, ∀ i1. ¬ i1 ∈ t1 ∨ ¬ max(t1) &lt; i1 ⊦ i0 ∈ t1, i0 ∈ t0, t0 ≠ leaf ∧ t1 ≠ leaf</SEQ><NEWGOALS><LIST><LE><PAIR><FST>25</FST><SND><SEQ> ⊦ ¬ i ∈ leaf</SEQ></SND></PAIR></LE><LE><PAIR><FST>28</FST><SND><SEQ>max(branch(t0, i0, leaf)) &lt; i0, ∀ i1. ¬ i1 ∈ t0 ∨ ¬ max(t0) &lt; i1 ⊦ i0 ∈ t0</SEQ></SND></PAIR></LE></LIST></NEWGOALS><RULEARGS>[emptyarg]</RULEARGS><EXTRAS>[[CONCRETESIMPRULES : ()]]</EXTRAS></PROOFNODE>