<?xml version="1.0" encoding="UTF-8"?>
<?xml-stylesheet type="text/xsl" href="../../../../proofnode.xsl"?>
<PROOFNODE proofname="max-max" previous="32"><NUM>31</NUM><TYPE>step</TYPE><INFO>Heuristic cut applied rule cut formula</INFO><SEQ>max(branch(t0, i0, t1)) &lt; i0, ∀ i1. ¬ i1 ∈ t0 ∨ ¬ max(t0) &lt; i1, ∀ i1. ¬ i1 ∈ t1 ∨ ¬ max(t1) &lt; i1 ⊦ i0 ∈ t1, i0 ∈ t0, t0 ≠ leaf ∧ t1 ≠ leaf</SEQ><NEWGOALS><LIST><LE><PAIR><FST>29</FST><SND><SEQ>t1 = leaf, max(branch(t0, i0, t1)) &lt; i0, ∀ i1. ¬ i1 ∈ t0 ∨ ¬ max(t0) &lt; i1, ∀ i1. ¬ i1 ∈ t1 ∨ ¬ max(t1) &lt; i1 ⊦ i0 ∈ t1, i0 ∈ t0, t0 ≠ leaf ∧ t1 ≠ leaf</SEQ></SND></PAIR></LE><LE><PAIR><FST>30</FST><SND><SEQ> ⊦ t ≠ leaf → max(branch(leaf, i, t)) = max(i, max(t))</SEQ></SND></PAIR></LE></LIST></NEWGOALS><RULEARGS>[fma-arg: t1 = leaf]</RULEARGS><EXTRAS>[[CONCRETESIMPRULES : ([CSIMPSEQ :  ⊦ max(i, j) &lt; j0 ↔ i &lt; j0 ∧ j &lt; j0], 
                       [CSIMPSEQ :  ⊦ ¬ i &lt; i], 
                       [CSIMPSEQ : ⊦ 
                                     max(i, max(j, j0))
                                   = max(max(i, j), j0)], 
                       [CSIMPSEQ :  ⊦ max(i, j) = max(j, i)])], 
 [EXTRAFMAS : (t1 = leaf)]]</EXTRAS></PROOFNODE>