<?xml version="1.0" encoding="UTF-8"?>
<?xml-stylesheet type="text/xsl" href="../../../../proofnode.xsl"?>
<PROOFNODE proofname="max-max" previous="33"><NUM>32</NUM><TYPE>step</TYPE><INFO>Heuristic simplifier applied rule simplifier</INFO><SEQ>¬ (t0 ≠ leaf ∧ t1 ≠ leaf), max(branch(t0, i0, t1)) &lt; i0, ∀ i1. ¬ i1 ∈ t1 ∨ ¬ max(t1) &lt; i1, ∀ i1. ¬ i1 ∈ t0 ∨ ¬ max(t0) &lt; i1 ⊦ i0 ∈ t0, i0 ∈ t1</SEQ><NEWGOALS><LIST><LE><PAIR><FST>31</FST><SND><SEQ>max(branch(t0, i0, t1)) &lt; i0, ∀ i1. ¬ i1 ∈ t0 ∨ ¬ max(t0) &lt; i1, ∀ i1. ¬ i1 ∈ t1 ∨ ¬ max(t1) &lt; i1 ⊦ i0 ∈ t1, i0 ∈ t0, t0 ≠ leaf ∧ t1 ≠ leaf</SEQ></SND></PAIR></LE></LIST></NEWGOALS><RULEARGS>[emptyarg]</RULEARGS><EXTRAS>[[CONCRETESIMPRULES : ()]]</EXTRAS></PROOFNODE>