<?xml version="1.0" encoding="UTF-8"?>
<?xml-stylesheet type="text/xsl" href="../../../../proofnode.xsl"?>
<PROOFNODE proofname="max-max" previous="34"><NUM>33</NUM><TYPE>step</TYPE><INFO>User applied rule insert rewrite lemma</INFO><SEQ>max(branch(t0, i0, t1)) &lt; i0, ∀ i1. ¬ i1 ∈ t1 ∨ ¬ max(t1) &lt; i1, ∀ i1. ¬ i1 ∈ t0 ∨ ¬ max(t0) &lt; i1 ⊦ i0 ∈ t0, i0 ∈ t1</SEQ><NEWGOALS><LIST><LE><PAIR><FST>24</FST><SND><SEQ> ⊦ t ≠ leaf ∧ t0 ≠ leaf → max(branch(t, i, t0)) = max(max(i, max(t)), max(t0))</SEQ></SND></PAIR></LE><LE><PAIR><FST>32</FST><SND><SEQ>¬ (t0 ≠ leaf ∧ t1 ≠ leaf), max(branch(t0, i0, t1)) &lt; i0, ∀ i1. ¬ i1 ∈ t1 ∨ ¬ max(t1) &lt; i1, ∀ i1. ¬ i1 ∈ t0 ∨ ¬ max(t0) &lt; i1 ⊦ i0 ∈ t0, i0 ∈ t1</SEQ></SND></PAIR></LE></LIST></NEWGOALS><RULEARGS>[x0lemmaarg: spec-name: 
instance-name: 
lemma-name: max-rec
antecedent: 
succedent:   t ≠ leaf ∧ t0 ≠ leaf
           → max(branch(t, i, t0)) = max(max(i, max(t)), max(t0))
substlist: [t0, i, t] → [t1, i0, t0]
add preconditions?: F
is rewrite lemma?: T
current spec?: T
rotate lemma?: F
replace all?: T
paths: ((0, 0, 0, 1, 0))
dummy: ()
]</RULEARGS><EXTRAS>[[CONCRETESIMPRULES : ([CSIMPSEQ :  ⊦ max(i, j) &lt; j0 ↔ i &lt; j0 ∧ j &lt; j0], 
                       [CSIMPSEQ :  ⊦ ¬ i &lt; i], 
                       [CSIMPSEQ : ⊦ 
                                     max(i, max(j, j0))
                                   = max(max(i, j), j0)], 
                       [CSIMPSEQ :  ⊦ max(i, j) = max(j, i)])], 
 [EXTRATERMS : (t1, i0, t0)]]</EXTRAS></PROOFNODE>