<?xml version="1.0" encoding="UTF-8"?>
<?xml-stylesheet type="text/xsl" href="../../../../proofnode.xsl"?>
<PROOFNODE proofname="max-max" previous="35"><NUM>34</NUM><TYPE>step</TYPE><INFO>Heuristic simplifier applied rule simplifier</INFO><SEQ>max(branch(t0, i0, t1)) &lt; i, ∀ i1. ¬ i1 ∈ t0 ∨ ¬ max(t0) &lt; i1, ∀ i1. ¬ i1 ∈ t1 ∨ ¬ max(t1) &lt; i1 ⊦ i ∈ t1, i ∈ t0, i ≠ i0 ∧ ¬ i ∈ t1</SEQ><NEWGOALS><LIST><LE><PAIR><FST>33</FST><SND><SEQ>max(branch(t0, i0, t1)) &lt; i0, ∀ i1. ¬ i1 ∈ t1 ∨ ¬ max(t1) &lt; i1, ∀ i1. ¬ i1 ∈ t0 ∨ ¬ max(t0) &lt; i1 ⊦ i0 ∈ t0, i0 ∈ t1</SEQ></SND></PAIR></LE></LIST></NEWGOALS><RULEARGS>[emptyarg]</RULEARGS><EXTRAS>[[CONCRETESIMPRULES : ()]]</EXTRAS></PROOFNODE>