<?xml version="1.0" encoding="UTF-8"?>
<?xml-stylesheet type="text/xsl" href="../../../../proofnode.xsl"?>
<PROOFNODE proofname="max-max" previous="38"><NUM>37</NUM><TYPE>step</TYPE><INFO>Heuristic cut applied rule cut formula</INFO><SEQ>max(branch(t0, i0, t1)) &lt; i, ∀ i1. ¬ i1 ∈ t0 ∨ ¬ max(t0) &lt; i1, ∀ i1. ¬ i1 ∈ t1 ∨ ¬ max(t1) &lt; i1 ⊦ ¬ i ∈ t0 ∧ i ≠ i0 ∧ ¬ i ∈ t1</SEQ><NEWGOALS><LIST><LE><PAIR><FST>11</FST><SND><SEQ>i ∈ t0, max(branch(t0, i0, t1)) &lt; i, ∀ i1. ¬ i1 ∈ t0 ∨ ¬ max(t0) &lt; i1, ∀ i1. ¬ i1 ∈ t1 ∨ ¬ max(t1) &lt; i1 ⊦ ¬ i ∈ t0 ∧ i ≠ i0 ∧ ¬ i ∈ t1</SEQ></SND></PAIR></LE><LE><PAIR><FST>36</FST><SND><SEQ>max(branch(t0, i0, t1)) &lt; i, ∀ i1. ¬ i1 ∈ t0 ∨ ¬ max(t0) &lt; i1, ∀ i1. ¬ i1 ∈ t1 ∨ ¬ max(t1) &lt; i1 ⊦ i ∈ t0, ¬ i ∈ t0 ∧ i ≠ i0 ∧ ¬ i ∈ t1</SEQ></SND></PAIR></LE></LIST></NEWGOALS><RULEARGS>[fma-arg: i ∈ t0]</RULEARGS><EXTRAS>[[CONCRETESIMPRULES : ()], [EXTRAFMAS : (i ∈ t0)]]</EXTRAS></PROOFNODE>