<?xml version="1.0" encoding="UTF-8"?>
<?xml-stylesheet type="text/xsl" href="../../../../proofnode.xsl"?>
<PROOFNODE proofname="max-max" previous="39"><NUM>38</NUM><TYPE>step</TYPE><INFO>Heuristic simplifier applied rule simplifier</INFO><SEQ>∀ i. ¬ (i ∈ t0 ∧ max(t0) &lt; i), ∀ i. ¬ (i ∈ t1 ∧ max(t1) &lt; i), i ∈ branch(t0, i0, t1), max(branch(t0, i0, t1)) &lt; i ⊦ </SEQ><NEWGOALS><LIST><LE><PAIR><FST>2</FST><SND><SEQ> ⊦ i ∈ branch(t, j, t0) ↔ ¬ ¬ (i ∈ t ∨ i = j ∨ i ∈ t0)</SEQ></SND></PAIR></LE><LE><PAIR><FST>37</FST><SND><SEQ>max(branch(t0, i0, t1)) &lt; i, ∀ i1. ¬ i1 ∈ t0 ∨ ¬ max(t0) &lt; i1, ∀ i1. ¬ i1 ∈ t1 ∨ ¬ max(t1) &lt; i1 ⊦ ¬ i ∈ t0 ∧ i ≠ i0 ∧ ¬ i ∈ t1</SEQ></SND></PAIR></LE></LIST></NEWGOALS><RULEARGS>[emptyarg]</RULEARGS><EXTRAS>[[CONCRETESIMPRULES : ()]]</EXTRAS></PROOFNODE>