<?xml version="1.0" encoding="UTF-8"?>
<?xml-stylesheet type="text/xsl" href="../../../../proofnode.xsl"?>
<PROOFNODE proofname="max-max" previous="40"><NUM>39</NUM><TYPE>step</TYPE><INFO>Heuristic structural induction applied rule structural induction</INFO><SEQ>i ∈ t, max(t) &lt; i ⊦ </SEQ><NEWGOALS><LIST><LE><PAIR><FST>1</FST><SND><SEQ> ⊦ ¬ i ∈ leaf</SEQ></SND></PAIR></LE><LE><PAIR><FST>38</FST><SND><SEQ>∀ i. ¬ (i ∈ t0 ∧ max(t0) &lt; i), ∀ i. ¬ (i ∈ t1 ∧ max(t1) &lt; i), i ∈ branch(t0, i0, t1), max(branch(t0, i0, t1)) &lt; i ⊦ </SEQ></SND></PAIR></LE></LIST></NEWGOALS><RULEARGS>[term-arg: t]</RULEARGS><EXTRAS>[[CONCRETESIMPRULES : ([CSIMPGEN : tree generated by leaf, branch;])]]</EXTRAS></PROOFNODE>