<?xml version="1.0" encoding="UTF-8"?>
<?xml-stylesheet type="text/xsl" href="../../../../proofnode.xsl"?>
<PROOFNODE proofname="max-max"><NUM>40</NUM><TYPE>step</TYPE><INFO>Heuristic simplifier applied rule simplifier</INFO><SEQ> ⊦ i ∈ t → i ≤ max(t)</SEQ><NEWGOALS><LIST><LE><PAIR><FST>39</FST><SND><SEQ>i ∈ t, max(t) &lt; i ⊦ </SEQ></SND></PAIR></LE></LIST></NEWGOALS><RULEARGS>[emptyarg]</RULEARGS><EXTRAS>[[CONCRETESIMPRULES : ([CSIMPSEQ :  ⊦ ¬ i ≤ j ↔ j &lt; i])]]</EXTRAS></PROOFNODE>