<?xml version="1.0" encoding="UTF-8"?>
<?xml-stylesheet type="text/xsl" href="../../../../proofnode.xsl"?>
<PROOFNODE proofname="max-max" previous="10"><NUM>7</NUM><TYPE>step</TYPE><INFO>Heuristic simplifier applied rule simplifier</INFO><SEQ>¬ (t0 ≠ leaf ∧ t1 ≠ leaf), max(branch(t0, i0, t1)) &lt; i, i ∈ t0, ∀ i1. ¬ i1 ∈ t0 ∨ ¬ max(t0) &lt; i1, ∀ i1. ¬ i1 ∈ t1 ∨ ¬ max(t1) &lt; i1 ⊦ </SEQ><NEWGOALS><LIST><LE><PAIR><FST>4</FST><SND><SEQ> ⊦ ¬ i ∈ leaf</SEQ></SND></PAIR></LE><LE><PAIR><FST>5</FST><SND><SEQ> ⊦ t ≠ leaf → max(branch(t, i, leaf)) = max(i, max(t))</SEQ></SND></PAIR></LE><LE><PAIR><FST>6</FST><SND><SEQ>i ∈ t0, i0 &lt; i, max(t0) &lt; i, ∀ i1. ¬ i1 ∈ t0 ∨ ¬ max(t0) &lt; i1 ⊦ t0 = leaf</SEQ></SND></PAIR></LE></LIST></NEWGOALS><RULEARGS>[emptyarg]</RULEARGS><EXTRAS>[[CONCRETESIMPRULES : ([CSIMPSEQ :  ⊦ max(i, j) = max(j, i)], 
                       [CSIMPSEQ : ⊦ 
                                     max(i, max(j, j0))
                                   = max(max(i, j), j0)], 
                       [CSIMPSEQ :  ⊦ max(i, j) &lt; j0 ↔ i &lt; j0 ∧ j &lt; j0])]]</EXTRAS></PROOFNODE>