<?xml version="1.0" encoding="UTF-8"?>
<?xml-stylesheet type="text/xsl" href="../../../../longlemmainfo.xsl"?>
<LONGLEMMAINFO name="max-max"><LEMMAINFO state="proved"><LEMMANAME>max-max</LEMMANAME><LEMMAGOAL><SEQGOAL><GOALSEQ><SEQ> ⊦ i ∈ t → i ≤ max(t)</SEQ></GOALSEQ></SEQGOAL></LEMMAGOAL><LEMMATYPE><USERLEMMA/></LEMMATYPE><USEDLEMMAS><LIST><LE>max-base</LE><LE>max-rec1</LE><LE>max-rec2</LE><LE>max-rec</LE><LE>in-rec</LE><LE>in-base</LE></LIST></USEDLEMMAS><SIDEGOALS><LIST></LIST></SIDEGOALS><MAINGOALS><LIST></LIST></MAINGOALS><USERACTIONS>5</USERACTIONS><PROOFSTEPS>26</PROOFSTEPS><PROVED><T/></PROVED><PROOFEXISTS><T/></PROOFEXISTS><PROOFFILENAME>max-max-proof</PROOFFILENAME><LEMMAPROOFBAG><DUMMY/></LEMMAPROOFBAG><SAVETREE><F/></SAVETREE><INFOFILENAME>max-max-proof-info</INFOFILENAME><LEMMAPROOFINFOBAG><DUMMY/></LEMMAPROOFINFOBAG><SAVEINFOS><F/></SAVEINFOS><PRECHARTS><LIST></LIST></PRECHARTS><EXTRALISLOT2><LIST></LIST></EXTRALISLOT2></LEMMAINFO><VALIDITY>The proof is valid.</VALIDITY><FEATURES><LIST><LE>simp</LE><LE>localsimp</LE></LIST></FEATURES><HISTORY><LIST></LIST></HISTORY><USEDBY><LIST></LIST></USEDBY><USEDBYUNITS><LIST></LIST></USEDBYUNITS><COMMENT></COMMENT><USED_SPECLEMS></USED_SPECLEMS><USED_SIMPRULES><USED_SEQ><SPECNAME><HTMLLINK><HTMLTARGET>../../../../../lib/basic/specs/int-basic1/export/unit.xml</HTMLTARGET><HTMLSTRING>int-basic1</HTMLSTRING></HTMLLINK></SPECNAME><INSTNAME></INSTNAME><LEMNAME><HTMLLINK><HTMLTARGET>../../../../../lib/basic/specs/int-basic1/export/irref/longlemmainfo.xml</HTMLTARGET><HTMLSTRING>irref</HTMLSTRING></HTMLLINK></LEMNAME></USED_SEQ><USED_SEQ><SPECNAME><HTMLLINK><HTMLTARGET>../../../../../lib/basic/specs/int-min/export/unit.xml</HTMLTARGET><HTMLSTRING>int-min</HTMLSTRING></HTMLLINK></SPECNAME><INSTNAME></INSTNAME><LEMNAME><HTMLLINK><HTMLTARGET>../../../../../lib/basic/specs/int-min/export/max-c/longlemmainfo.xml</HTMLTARGET><HTMLSTRING>max-c</HTMLSTRING></HTMLLINK></LEMNAME></USED_SEQ><USED_SEQ><SPECNAME><HTMLLINK><HTMLTARGET>../../../../../lib/basic/specs/int-min/export/unit.xml</HTMLTARGET><HTMLSTRING>int-min</HTMLSTRING></HTMLLINK></SPECNAME><INSTNAME></INSTNAME><LEMNAME><HTMLLINK><HTMLTARGET>../../../../../lib/basic/specs/int-min/export/max-a/longlemmainfo.xml</HTMLTARGET><HTMLSTRING>max-a</HTMLSTRING></HTMLLINK></LEMNAME></USED_SEQ><USED_SEQ><SPECNAME><HTMLLINK><HTMLTARGET>../../../../../lib/basic/specs/int-min/export/unit.xml</HTMLTARGET><HTMLSTRING>int-min</HTMLSTRING></HTMLLINK></SPECNAME><INSTNAME></INSTNAME><LEMNAME><HTMLLINK><HTMLTARGET>../../../../../lib/basic/specs/int-min/export/max-01/longlemmainfo.xml</HTMLTARGET><HTMLSTRING>max-01</HTMLSTRING></HTMLLINK></LEMNAME></USED_SEQ><USED_SEQ><SPECNAME><HTMLLINK><HTMLTARGET>../../../../../lib/basic/specs/int-abs/export/unit.xml</HTMLTARGET><HTMLSTRING>int-abs</HTMLSTRING></HTMLLINK></SPECNAME><INSTNAME></INSTNAME><LEMNAME><HTMLLINK><HTMLTARGET>../../../../../lib/basic/specs/int-abs/export/lels-01/longlemmainfo.xml</HTMLTARGET><HTMLSTRING>lels-01</HTMLSTRING></HTMLLINK></LEMNAME></USED_SEQ></USED_SIMPRULES></LONGLEMMAINFO>