<?xml version="1.0" encoding="UTF-8"?>
<?xml-stylesheet type="text/xsl" href="../../../../proofnode.xsl"?>
<PROOFNODE proofname="max-in" previous="11"><NUM>10</NUM><TYPE>step</TYPE><INFO>Heuristic simplifier applied rule simplifier</INFO><SEQ>max(t0) ∈ t0, t1 = leaf ∨ max(t1) ∈ t1 ⊦ t1 = leaf, t0 = leaf, max(branch(t0, i, t1)) = i, max(branch(t0, i, t1)) ∈ t1, max(branch(t0, i, t1)) ∈ t0</SEQ><NEWGOALS><LIST><LE><PAIR><FST>7</FST><SND><SEQ> ⊦ t ≠ leaf ∧ t0 ≠ leaf → max(branch(t, i, t0)) = max(max(i, max(t)), max(t0))</SEQ></SND></PAIR></LE><LE><PAIR><FST>9</FST><SND><SEQ>max(t0) ∈ t0, i &lt; max(max(t0), max(t1)), max(t1) ∈ t1 ⊦ t1 = leaf, t0 = leaf, max(max(t1), max(t0)) ∈ t1, max(max(t1), max(t0)) ∈ t0</SEQ></SND></PAIR></LE></LIST></NEWGOALS><RULEARGS>[emptyarg]</RULEARGS><EXTRAS>[[CONCRETESIMPRULES : ([CSIMPSEQ :  ⊦ j &lt; i → max(j, i) = i], 
                       [CSIMPSEQ :  ⊦ max(i, j) = max(j, i)], 
                       [CSIMPSEQ : ⊦ 
                                     max(i, max(j, j0))
                                   = max(max(i, j), j0)], 
                       [CSIMPSEQ :  ⊦ max(i, j) = j ↔ ¬ j &lt; i])]]</EXTRAS></PROOFNODE>