<?xml version="1.0" encoding="UTF-8"?>
<?xml-stylesheet type="text/xsl" href="../../../../proofnode.xsl"?>
<PROOFNODE proofname="max-in" previous="12"><NUM>11</NUM><TYPE>step</TYPE><INFO>Heuristic cut applied rule cut formula</INFO><SEQ>max(t0) ∈ t0, t1 = leaf ∨ max(t1) ∈ t1 ⊦ t0 = leaf, max(branch(t0, i, t1)) = i, max(branch(t0, i, t1)) ∈ t1, max(branch(t0, i, t1)) ∈ t0</SEQ><NEWGOALS><LIST><LE><PAIR><FST>5</FST><SND><SEQ> ⊦ t ≠ leaf → max(branch(t, i, leaf)) = max(i, max(t))</SEQ></SND></PAIR></LE><LE><PAIR><FST>6</FST><SND><SEQ> ⊦ ¬ i ∈ leaf</SEQ></SND></PAIR></LE><LE><PAIR><FST>10</FST><SND><SEQ>max(t0) ∈ t0, t1 = leaf ∨ max(t1) ∈ t1 ⊦ t1 = leaf, t0 = leaf, max(branch(t0, i, t1)) = i, max(branch(t0, i, t1)) ∈ t1, max(branch(t0, i, t1)) ∈ t0</SEQ></SND></PAIR></LE></LIST></NEWGOALS><RULEARGS>[fma-arg: t1 = leaf]</RULEARGS><EXTRAS>[[CONCRETESIMPRULES : ([CSIMPSEQ :  ⊦ max(i, j) = j ↔ ¬ j &lt; i], 
                       [CSIMPSEQ : ⊦ 
                                     max(i, max(j, j0))
                                   = max(max(i, j), j0)], 
                       [CSIMPSEQ :  ⊦ max(i, j) = max(j, i)], 
                       [CSIMPSEQ :  ⊦ j &lt; i → max(j, i) = i])], 
 [EXTRAFMAS : (t1 = leaf)]]</EXTRAS></PROOFNODE>