<?xml version="1.0" encoding="UTF-8"?>
<?xml-stylesheet type="text/xsl" href="../../../../proofnode.xsl"?>
<PROOFNODE proofname="max-in" previous="13"><NUM>12</NUM><TYPE>step</TYPE><INFO>Heuristic simplifier applied rule simplifier</INFO><SEQ>t0 = leaf ∨ max(t0) ∈ t0, t1 = leaf ∨ max(t1) ∈ t1 ⊦ t0 = leaf, max(branch(t0, i, t1)) = i, max(branch(t0, i, t1)) ∈ t1, max(branch(t0, i, t1)) ∈ t0</SEQ><NEWGOALS><LIST><LE><PAIR><FST>11</FST><SND><SEQ>max(t0) ∈ t0, t1 = leaf ∨ max(t1) ∈ t1 ⊦ t0 = leaf, max(branch(t0, i, t1)) = i, max(branch(t0, i, t1)) ∈ t1, max(branch(t0, i, t1)) ∈ t0</SEQ></SND></PAIR></LE></LIST></NEWGOALS><RULEARGS>[emptyarg]</RULEARGS><EXTRAS>[[CONCRETESIMPRULES : ()]]</EXTRAS></PROOFNODE>