<?xml version="1.0" encoding="UTF-8"?>
<?xml-stylesheet type="text/xsl" href="../../../../proofnode.xsl"?>
<PROOFNODE proofname="max-in" previous="14"><NUM>13</NUM><TYPE>step</TYPE><INFO>Heuristic cut applied rule cut formula</INFO><SEQ>t0 = leaf ∨ max(t0) ∈ t0, t1 = leaf ∨ max(t1) ∈ t1 ⊦ max(branch(t0, i, t1)) = i, max(branch(t0, i, t1)) ∈ t1, max(branch(t0, i, t1)) ∈ t0</SEQ><NEWGOALS><LIST><LE><PAIR><FST>2</FST><SND><SEQ> ⊦ ¬ i ∈ leaf</SEQ></SND></PAIR></LE><LE><PAIR><FST>3</FST><SND><SEQ> ⊦ max(branch(leaf, i, leaf)) = i</SEQ></SND></PAIR></LE><LE><PAIR><FST>4</FST><SND><SEQ> ⊦ t ≠ leaf → max(branch(leaf, i, t)) = max(i, max(t))</SEQ></SND></PAIR></LE><LE><PAIR><FST>12</FST><SND><SEQ>t0 = leaf ∨ max(t0) ∈ t0, t1 = leaf ∨ max(t1) ∈ t1 ⊦ t0 = leaf, max(branch(t0, i, t1)) = i, max(branch(t0, i, t1)) ∈ t1, max(branch(t0, i, t1)) ∈ t0</SEQ></SND></PAIR></LE></LIST></NEWGOALS><RULEARGS>[fma-arg: t0 = leaf]</RULEARGS><EXTRAS>[[CONCRETESIMPRULES : ([CSIMPSEQ :  ⊦ max(i, j) = j ↔ ¬ j &lt; i], 
                       [CSIMPSEQ : ⊦ 
                                     max(i, max(j, j0))
                                   = max(max(i, j), j0)], 
                       [CSIMPSEQ :  ⊦ max(i, j) = max(j, i)], 
                       [CSIMPSEQ :  ⊦ j &lt; i → max(j, i) = i])], 
 [EXTRAFMAS : (t0 = leaf)]]</EXTRAS></PROOFNODE>