<?xml version="1.0" encoding="UTF-8"?>
<?xml-stylesheet type="text/xsl" href="../../../../proofnode.xsl"?>
<PROOFNODE proofname="max-in" previous="15"><NUM>14</NUM><TYPE>step</TYPE><INFO>Heuristic simplifier applied rule simplifier</INFO><SEQ>t0 = leaf ∨ max(t0) ∈ t0, t1 = leaf ∨ max(t1) ∈ t1 ⊦ branch(t0, i, t1) = leaf, max(branch(t0, i, t1)) ∈ branch(t0, i, t1)</SEQ><NEWGOALS><LIST><LE><PAIR><FST>1</FST><SND><SEQ> ⊦ i ∈ branch(t, j, t0) ↔ ¬ ¬ (i ∈ t ∨ i = j ∨ i ∈ t0)</SEQ></SND></PAIR></LE><LE><PAIR><FST>13</FST><SND><SEQ>t0 = leaf ∨ max(t0) ∈ t0, t1 = leaf ∨ max(t1) ∈ t1 ⊦ max(branch(t0, i, t1)) = i, max(branch(t0, i, t1)) ∈ t1, max(branch(t0, i, t1)) ∈ t0</SEQ></SND></PAIR></LE></LIST></NEWGOALS><RULEARGS>[emptyarg]</RULEARGS><EXTRAS>[[CONCRETESIMPRULES : ([CSIMPSEQ :  ⊦ leaf ≠ branch(t, i, t0)])]]</EXTRAS></PROOFNODE>