<?xml version="1.0" encoding="UTF-8"?>
<?xml-stylesheet type="text/xsl" href="../../../../proofnode.xsl"?>
<PROOFNODE proofname="max-in" previous="16"><NUM>15</NUM><TYPE>step</TYPE><INFO>Heuristic structural induction applied rule structural induction</INFO><SEQ> ⊦ t = leaf, max(t) ∈ t</SEQ><NEWGOALS><LIST><LE><PAIR><FST>14</FST><SND><SEQ>t0 = leaf ∨ max(t0) ∈ t0, t1 = leaf ∨ max(t1) ∈ t1 ⊦ branch(t0, i, t1) = leaf, max(branch(t0, i, t1)) ∈ branch(t0, i, t1)</SEQ></SND></PAIR></LE></LIST></NEWGOALS><RULEARGS>[term-arg: t]</RULEARGS><EXTRAS>[[CONCRETESIMPRULES : ([CSIMPGEN : tree generated by leaf, branch;])]]</EXTRAS></PROOFNODE>