<?xml version="1.0" encoding="UTF-8"?>
<?xml-stylesheet type="text/xsl" href="../../../../proofnode.xsl"?>
<PROOFNODE proofname="max-in" previous="10"><NUM>9</NUM><TYPE>step</TYPE><INFO>User applied rule insert rewrite lemma</INFO><SEQ>max(t0) ∈ t0, i &lt; max(max(t0), max(t1)), max(t1) ∈ t1 ⊦ t1 = leaf, t0 = leaf, max(max(t1), max(t0)) ∈ t1, max(max(t1), max(t0)) ∈ t0</SEQ><NEWGOALS><LIST><LE><PAIR><FST>8</FST><SND><SEQ> ⊦ ¬ j &lt; i → max(j, i) = j</SEQ></SND></PAIR></LE></LIST></NEWGOALS><RULEARGS>[x0lemmaarg: spec-name: int-min
instance-name: 
lemma-name: Max-left
antecedent: 
succedent: ¬ j &lt; i → max(j, i) = j
substlist: [i, j] → [max(t0), max(t1)]
add preconditions?: F
is rewrite lemma?: T
current spec?: F
rotate lemma?: F
replace all?: T
paths: ((1, 0, 2, 1, 0))
dummy: ()
]</RULEARGS><EXTRAS>[[CONCRETESIMPRULES : ([CSIMPSEQ :  ⊦ j &lt; i → max(j, i) = i], 
                       [CSIMPSEQ : ⊦ 
                                     max(i, max(j, j0))
                                   = max(max(i, j), j0)], 
                       [CSIMPSEQ :  ⊦ max(i, j) = max(j, i)])], 
 [EXTRATERMS : (max(t0), max(t1))]]</EXTRAS></PROOFNODE>