<?xml version="1.0" encoding="UTF-8"?>
<?xml-stylesheet type="text/xsl" href="../../../../longlemmainfo.xsl"?>
<LONGLEMMAINFO name="max-in"><LEMMAINFO state="proved"><LEMMANAME>max-in</LEMMANAME><LEMMAGOAL><SEQGOAL><GOALSEQ><SEQ> ⊦ t ≠ leaf → max(t) ∈ t</SEQ></GOALSEQ></SEQGOAL></LEMMAGOAL><LEMMATYPE><USERLEMMA/></LEMMATYPE><USEDLEMMAS><LIST><LE>max-rec</LE><LE>max-rec2</LE><LE>max-rec1</LE><LE>max-base</LE><LE>in-base</LE><LE>in-rec</LE></LIST></USEDLEMMAS><SIDEGOALS><LIST></LIST></SIDEGOALS><MAINGOALS><LIST></LIST></MAINGOALS><USERACTIONS>1</USERACTIONS><PROOFSTEPS>8</PROOFSTEPS><PROVED><T/></PROVED><PROOFEXISTS><T/></PROOFEXISTS><PROOFFILENAME>max-in-proof</PROOFFILENAME><LEMMAPROOFBAG><DUMMY/></LEMMAPROOFBAG><SAVETREE><F/></SAVETREE><INFOFILENAME>max-in-proof-info</INFOFILENAME><LEMMAPROOFINFOBAG><DUMMY/></LEMMAPROOFINFOBAG><SAVEINFOS><F/></SAVEINFOS><PRECHARTS><LIST></LIST></PRECHARTS><EXTRALISLOT2><LIST></LIST></EXTRALISLOT2></LEMMAINFO><VALIDITY>The proof is valid.</VALIDITY><FEATURES><LIST><LE>simp</LE><LE>localsimp</LE></LIST></FEATURES><HISTORY><LIST></LIST></HISTORY><USEDBY><LIST></LIST></USEDBY><USEDBYUNITS><LIST></LIST></USEDBYUNITS><COMMENT></COMMENT><USED_SPECLEMS><USED_SEQ><SPECNAME><HTMLLINK><HTMLTARGET>../../../../../lib/basic/specs/int-min/export/unit.xml</HTMLTARGET><HTMLSTRING>int-min</HTMLSTRING></HTMLLINK></SPECNAME><INSTNAME></INSTNAME><LEMNAME><HTMLLINK><HTMLTARGET>../../../../../lib/basic/specs/int-min/export/Max-left/longlemmainfo.xml</HTMLTARGET><HTMLSTRING>Max-left</HTMLSTRING></HTMLLINK></LEMNAME></USED_SEQ></USED_SPECLEMS><USED_SIMPRULES><USED_SEQ><SPECNAME><HTMLLINK><HTMLTARGET>../../../../../lib/basic/specs/int-min/export/unit.xml</HTMLTARGET><HTMLSTRING>int-min</HTMLSTRING></HTMLLINK></SPECNAME><INSTNAME></INSTNAME><LEMNAME><HTMLLINK><HTMLTARGET>../../../../../lib/basic/specs/int-min/export/max/longlemmainfo.xml</HTMLTARGET><HTMLSTRING>max</HTMLSTRING></HTMLLINK></LEMNAME></USED_SEQ><USED_SEQ><SPECNAME><HTMLLINK><HTMLTARGET>../../../../../lib/basic/specs/int-min/export/unit.xml</HTMLTARGET><HTMLSTRING>int-min</HTMLSTRING></HTMLLINK></SPECNAME><INSTNAME></INSTNAME><LEMNAME><HTMLLINK><HTMLTARGET>../../../../../lib/basic/specs/int-min/export/max-a/longlemmainfo.xml</HTMLTARGET><HTMLSTRING>max-a</HTMLSTRING></HTMLLINK></LEMNAME></USED_SEQ><USED_SEQ><SPECNAME><HTMLLINK><HTMLTARGET>../../../../../lib/basic/specs/int-min/export/unit.xml</HTMLTARGET><HTMLSTRING>int-min</HTMLSTRING></HTMLLINK></SPECNAME><INSTNAME></INSTNAME><LEMNAME><HTMLLINK><HTMLTARGET>../../../../../lib/basic/specs/int-min/export/max-c/longlemmainfo.xml</HTMLTARGET><HTMLSTRING>max-c</HTMLSTRING></HTMLLINK></LEMNAME></USED_SEQ><USED_SEQ><SPECNAME><HTMLLINK><HTMLTARGET>../../../../../lib/basic/specs/int-min/export/unit.xml</HTMLTARGET><HTMLSTRING>int-min</HTMLSTRING></HTMLLINK></SPECNAME><INSTNAME></INSTNAME><LEMNAME><HTMLLINK><HTMLTARGET>../../../../../lib/basic/specs/int-min/export/Max-right/longlemmainfo.xml</HTMLTARGET><HTMLSTRING>Max-right</HTMLSTRING></HTMLLINK></LEMNAME></USED_SEQ><USED_SEQ><SPECNAME><HTMLLINK><HTMLTARGET>../../../../../datastructures/specs/tree/export/unit.xml</HTMLTARGET><HTMLSTRING>tree</HTMLSTRING></HTMLLINK></SPECNAME><INSTNAME>int-tree</INSTNAME><LEMNAME><HTMLLINK><HTMLTARGET>../../../../../datastructures/specs/tree/export/disj/longlemmainfo.xml</HTMLTARGET><HTMLSTRING>disj</HTMLSTRING></HTMLLINK></LEMNAME></USED_SEQ></USED_SIMPRULES></LONGLEMMAINFO>