<?xml version="1.0" encoding="UTF-8"?>
<?xml-stylesheet type="text/xsl" href="../../../../proof.xsl"?>
<COORDINATES><NAME>max-in</NAME><CONCLUSION>16</CONCLUSION><IMAGE>proof-tree.png</IMAGE><WIDTH>270</WIDTH><HEIGHT>390</HEIGHT><LIST><NODE><X>45</X><Y>345</Y><NUM>16</NUM></NODE><NODE><X>45</X><Y>305</Y><NUM>15</NUM></NODE><NODE><X>45</X><Y>265</Y><NUM>14</NUM></NODE><NODE><X>85</X><Y>225</Y><NUM>13</NUM></NODE><NODE><X>145</X><Y>185</Y><NUM>12</NUM></NODE><NODE><X>145</X><Y>145</Y><NUM>11</NUM></NODE><NODE><X>185</X><Y>105</Y><NUM>10</NUM></NODE><NODE><X>205</X><Y>65</Y><NUM>9</NUM></NODE><NODE><X>205</X><Y>25</Y><NUM>8</NUM></NODE><NODE><X>165</X><Y>65</Y><NUM>7</NUM></NODE><NODE><X>145</X><Y>105</Y><NUM>6</NUM></NODE><NODE><X>105</X><Y>105</Y><NUM>5</NUM></NODE><NODE><X>105</X><Y>185</Y><NUM>4</NUM></NODE><NODE><X>65</X><Y>185</Y><NUM>3</NUM></NODE><NODE><X>25</X><Y>185</Y><NUM>2</NUM></NODE><NODE><X>25</X><Y>225</Y><NUM>1</NUM></NODE></LIST></COORDINATES>