<?xml version="1.0" encoding="UTF-8"?>
<?xml-stylesheet type="text/xsl" href="../../../../longlemmainfo.xsl"?>
<LONGLEMMAINFO name="max-spec"><LEMMAINFO state="axiom"><LEMMANAME>max-spec</LEMMANAME><LEMMAGOAL><DECLGOAL><GOALDECL><PROCDECL>MAX# (r; i, H)
  { 
     i := H[r] .val ; 
     if H[r] .left ≠ null
     then let j = [?] in { 
                            MAX#(H[r] .left; j, H) ; i := max(j, i)
                         } ; 
     if H[r] .right ≠ null
     then let j = [?] in { 
                            MAX#(H[r] .right; j, H) ; i := max(j, i)
                         }
  }</PROCDECL></GOALDECL></DECLGOAL></LEMMAGOAL><LEMMATYPE><AXIOMLEMMA/></LEMMATYPE><USEDLEMMAS><LIST></LIST></USEDLEMMAS><SIDEGOALS><LIST></LIST></SIDEGOALS><MAINGOALS><LIST></LIST></MAINGOALS><USERACTIONS>0</USERACTIONS><PROOFSTEPS>0</PROOFSTEPS><PROVED><F/></PROVED><PROOFEXISTS><F/></PROOFEXISTS><PROOFFILENAME>max-spec-proof</PROOFFILENAME><LEMMAPROOFBAG><DUMMY/></LEMMAPROOFBAG><SAVETREE><F/></SAVETREE><INFOFILENAME>max-spec-proof-info</INFOFILENAME><LEMMAPROOFINFOBAG><DUMMY/></LEMMAPROOFINFOBAG><SAVEINFOS><F/></SAVEINFOS><PRECHARTS><LIST></LIST></PRECHARTS><EXTRALISLOT2><LIST></LIST></EXTRALISLOT2></LEMMAINFO><VALIDITY>The proof is valid.</VALIDITY><FEATURES><LIST></LIST></FEATURES><HISTORY><LIST></LIST></HISTORY><USEDBY><LIST><LE>challenge2</LE></LIST></USEDBY><USEDBYUNITS><LIST></LIST></USEDBYUNITS><COMMENT></COMMENT></LONGLEMMAINFO>