<?xml version="1.0" encoding="UTF-8"?>
<?xml-stylesheet type="text/xsl" href="../../../../longlemmainfo.xsl"?>
<LONGLEMMAINFO name="max-gt"><LEMMAINFO state="axiom"><LEMMANAME>max-gt</LEMMANAME><LEMMAGOAL><SEQGOAL><GOALSEQ><SEQ> ⊦ n &lt; m ∧ m ≤ # ar → (∀ n0. n ≤ n0 ∧ n0 &lt; m → ar[n0] ≤ max(ar, n, m))</SEQ></GOALSEQ></SEQGOAL></LEMMAGOAL><LEMMATYPE><AXIOMLEMMA/></LEMMATYPE><USEDLEMMAS><LIST></LIST></USEDLEMMAS><SIDEGOALS><LIST></LIST></SIDEGOALS><MAINGOALS><LIST></LIST></MAINGOALS><USERACTIONS>0</USERACTIONS><PROOFSTEPS>0</PROOFSTEPS><PROVED><F/></PROVED><PROOFEXISTS><F/></PROOFEXISTS><PROOFFILENAME>max-gt-proof</PROOFFILENAME><LEMMAPROOFBAG><DUMMY/></LEMMAPROOFBAG><SAVETREE><F/></SAVETREE><INFOFILENAME>max-gt-proof-info</INFOFILENAME><LEMMAPROOFINFOBAG><DUMMY/></LEMMAPROOFINFOBAG><SAVEINFOS><F/></SAVEINFOS><PRECHARTS><LIST></LIST></PRECHARTS><EXTRALISLOT2><LIST></LIST></EXTRALISLOT2></LEMMAINFO><VALIDITY>The proof is valid.</VALIDITY><FEATURES><LIST></LIST></FEATURES><HISTORY><LIST></LIST></HISTORY><USEDBY><LIST><LE>challenge1</LE></LIST></USEDBY><USEDBYUNITS><LIST></LIST></USEDBYUNITS><COMMENT></COMMENT></LONGLEMMAINFO>