<?xml version="1.0" encoding="UTF-8"?>
<?xml-stylesheet type="text/xsl" href="../../../dependency.xsl"?>
<LEMMADEPENDENCY name="Specification challenge2"><LE><DEPENTRY><NAME>max-max</NAME><STATUS>proved</STATUS><SUBSPROVED><T/></SUBSPROVED><USED><LE>max-base</LE><LE>max-rec1</LE><LE>max-rec2</LE><LE>max-rec</LE><LE>in-rec</LE><LE>in-base</LE></USED></DEPENTRY></LE><LE><DEPENTRY><NAME>max-in</NAME><STATUS>proved</STATUS><SUBSPROVED><T/></SUBSPROVED><USED><LE>max-rec</LE><LE>max-rec2</LE><LE>max-rec1</LE><LE>max-base</LE><LE>in-base</LE><LE>in-rec</LE></USED></DEPENTRY></LE><LE><DEPENTRY><NAME>challenge2</NAME><STATUS>proved</STATUS><SUBSPROVED><T/></SUBSPROVED><USED><LE>max-base</LE><LE>max-rec1</LE><LE>max-rec2</LE><LE>max-rec</LE><LE>max-spec</LE></USED></DEPENTRY></LE><LE><DEPENTRY><NAME>in-rec</NAME><STATUS>axiom</STATUS><SUBSPROVED><F/></SUBSPROVED><USED></USED></DEPENTRY></LE><LE><DEPENTRY><NAME>in-base</NAME><STATUS>axiom</STATUS><SUBSPROVED><F/></SUBSPROVED><USED></USED></DEPENTRY></LE><LE><DEPENTRY><NAME>max-spec</NAME><STATUS>axiom</STATUS><SUBSPROVED><F/></SUBSPROVED><USED></USED></DEPENTRY></LE><LE><DEPENTRY><NAME>max-rec</NAME><STATUS>axiom</STATUS><SUBSPROVED><F/></SUBSPROVED><USED></USED></DEPENTRY></LE><LE><DEPENTRY><NAME>max-rec2</NAME><STATUS>axiom</STATUS><SUBSPROVED><F/></SUBSPROVED><USED></USED></DEPENTRY></LE><LE><DEPENTRY><NAME>max-rec1</NAME><STATUS>axiom</STATUS><SUBSPROVED><F/></SUBSPROVED><USED></USED></DEPENTRY></LE><LE><DEPENTRY><NAME>max-base</NAME><STATUS>axiom</STATUS><SUBSPROVED><F/></SUBSPROVED><USED></USED></DEPENTRY></LE></LEMMADEPENDENCY>