<?xml version="1.0" encoding="UTF-8"?>
<?xml-stylesheet type="text/xsl" href="../../../lemmabase.xsl"?>
<LEMMABASE name="Specification challenge2"><LEMMAVERSION><VERSION><THEVERSION>0</THEVERSION></VERSION></LEMMAVERSION><TOFILE><T/></TOFILE><LEMMADIR><DIRECTORY><TRUENAME>specs/challenge2/proofs/</TRUENAME></DIRECTORY></LEMMADIR><VALIDBASE><T/></VALIDBASE><SAVELEMMAS><F/></SAVELEMMAS><BASEDATE>3526725888</BASEDATE><MODIFIEDLEMMAS><LIST></LIST></MODIFIEDLEMMAS><ADDEDLEMMAS><LIST></LIST></ADDEDLEMMAS><OWNLOCKEDLEMMAS><LIST></LIST></OWNLOCKEDLEMMAS><OTHERLOCKEDLEMMAS><LIST></LIST></OTHERLOCKEDLEMMAS><LEMMADECLS><LIST></LIST></LEMMADECLS><THELEMMAS><LIST><LE><LEMMAINFO><LEMMANAME>max-spec</LEMMANAME><LEMMAGOAL><DECLGOAL><GOALDECL><PROCDECL>MAX# (r; i, H)
  { 
     i := H[r] .val ; 
     if H[r] .left ≠ null
     then let j = [?] in { 
                            MAX#(H[r] .left; j, H) ; i := max(j, i)
                         } ; 
     if H[r] .right ≠ null
     then let j = [?] in { 
                            MAX#(H[r] .right; j, H) ; i := max(j, i)
                         }
  }</PROCDECL></GOALDECL></DECLGOAL></LEMMAGOAL><LEMMATYPE><AXIOMLEMMA/></LEMMATYPE><VALIDITY><LIST></LIST></VALIDITY><USEDLEMMAS><LIST></LIST></USEDLEMMAS><SIDEGOALS><LIST></LIST></SIDEGOALS><MAINGOALS><LIST></LIST></MAINGOALS><USERACTIONS>0</USERACTIONS><PROOFSTEPS>0</PROOFSTEPS><PROVED><F/></PROVED><PROOFEXISTS><F/></PROOFEXISTS><PROOFFILENAME>max-spec-proof</PROOFFILENAME><LEMMAPROOFBAG><DUMMY/></LEMMAPROOFBAG><SAVETREE><F/></SAVETREE><INFOFILENAME>max-spec-proof-info</INFOFILENAME><LEMMAPROOFINFOBAG><DUMMY/></LEMMAPROOFINFOBAG><SAVEINFOS><F/></SAVEINFOS><EXTRALEMMAINFO><EXTRALINFOLIST><THEEXTRALINFOLIST><LIST></LIST></THEEXTRALINFOLIST></EXTRALINFOLIST></EXTRALEMMAINFO><PRECHARTS><LIST></LIST></PRECHARTS><EXTRALISLOT2><LIST></LIST></EXTRALISLOT2></LEMMAINFO></LE><LE><LEMMAINFO><LEMMANAME>max-rec</LEMMANAME><LEMMAGOAL><SEQGOAL><GOALSEQ><SEQ> ⊦ t ≠ leaf ∧ t0 ≠ leaf → max(branch(t, i, t0)) = max(max(i, max(t)), max(t0))</SEQ></GOALSEQ></SEQGOAL></LEMMAGOAL><LEMMATYPE><AXIOMLEMMA/></LEMMATYPE><VALIDITY><LIST></LIST></VALIDITY><USEDLEMMAS><LIST></LIST></USEDLEMMAS><SIDEGOALS><LIST></LIST></SIDEGOALS><MAINGOALS><LIST></LIST></MAINGOALS><USERACTIONS>0</USERACTIONS><PROOFSTEPS>0</PROOFSTEPS><PROVED><F/></PROVED><PROOFEXISTS><F/></PROOFEXISTS><PROOFFILENAME>max-rec-proof</PROOFFILENAME><LEMMAPROOFBAG><DUMMY/></LEMMAPROOFBAG><SAVETREE><F/></SAVETREE><INFOFILENAME>max-rec-proof-info</INFOFILENAME><LEMMAPROOFINFOBAG><DUMMY/></LEMMAPROOFINFOBAG><SAVEINFOS><F/></SAVEINFOS><EXTRALEMMAINFO><EXTRALINFOLIST><THEEXTRALINFOLIST><LIST><LE>localsimp</LE></LIST></THEEXTRALINFOLIST></EXTRALINFOLIST></EXTRALEMMAINFO><PRECHARTS><LIST></LIST></PRECHARTS><EXTRALISLOT2><LIST></LIST></EXTRALISLOT2></LEMMAINFO></LE><LE><LEMMAINFO><LEMMANAME>max-rec2</LEMMANAME><LEMMAGOAL><SEQGOAL><GOALSEQ><SEQ> ⊦ t ≠ leaf → max(branch(t, i, leaf)) = max(i, max(t))</SEQ></GOALSEQ></SEQGOAL></LEMMAGOAL><LEMMATYPE><AXIOMLEMMA/></LEMMATYPE><VALIDITY><LIST></LIST></VALIDITY><USEDLEMMAS><LIST></LIST></USEDLEMMAS><SIDEGOALS><LIST></LIST></SIDEGOALS><MAINGOALS><LIST></LIST></MAINGOALS><USERACTIONS>0</USERACTIONS><PROOFSTEPS>0</PROOFSTEPS><PROVED><F/></PROVED><PROOFEXISTS><F/></PROOFEXISTS><PROOFFILENAME>max-rec2-proof</PROOFFILENAME><LEMMAPROOFBAG><DUMMY/></LEMMAPROOFBAG><SAVETREE><F/></SAVETREE><INFOFILENAME>max-rec2-proof-info</INFOFILENAME><LEMMAPROOFINFOBAG><DUMMY/></LEMMAPROOFINFOBAG><SAVEINFOS><F/></SAVEINFOS><EXTRALEMMAINFO><EXTRALINFOLIST><THEEXTRALINFOLIST><LIST><LE>localsimp</LE></LIST></THEEXTRALINFOLIST></EXTRALINFOLIST></EXTRALEMMAINFO><PRECHARTS><LIST></LIST></PRECHARTS><EXTRALISLOT2><LIST></LIST></EXTRALISLOT2></LEMMAINFO></LE><LE><LEMMAINFO><LEMMANAME>max-rec1</LEMMANAME><LEMMAGOAL><SEQGOAL><GOALSEQ><SEQ> ⊦ t ≠ leaf → max(branch(leaf, i, t)) = max(i, max(t))</SEQ></GOALSEQ></SEQGOAL></LEMMAGOAL><LEMMATYPE><AXIOMLEMMA/></LEMMATYPE><VALIDITY><LIST></LIST></VALIDITY><USEDLEMMAS><LIST></LIST></USEDLEMMAS><SIDEGOALS><LIST></LIST></SIDEGOALS><MAINGOALS><LIST></LIST></MAINGOALS><USERACTIONS>0</USERACTIONS><PROOFSTEPS>0</PROOFSTEPS><PROVED><F/></PROVED><PROOFEXISTS><F/></PROOFEXISTS><PROOFFILENAME>max-rec1-proof</PROOFFILENAME><LEMMAPROOFBAG><DUMMY/></LEMMAPROOFBAG><SAVETREE><F/></SAVETREE><INFOFILENAME>max-rec1-proof-info</INFOFILENAME><LEMMAPROOFINFOBAG><DUMMY/></LEMMAPROOFINFOBAG><SAVEINFOS><F/></SAVEINFOS><EXTRALEMMAINFO><EXTRALINFOLIST><THEEXTRALINFOLIST><LIST><LE>localsimp</LE></LIST></THEEXTRALINFOLIST></EXTRALINFOLIST></EXTRALEMMAINFO><PRECHARTS><LIST></LIST></PRECHARTS><EXTRALISLOT2><LIST></LIST></EXTRALISLOT2></LEMMAINFO></LE><LE><LEMMAINFO><LEMMANAME>max-base</LEMMANAME><LEMMAGOAL><SEQGOAL><GOALSEQ><SEQ> ⊦ max(branch(leaf, i, leaf)) = i</SEQ></GOALSEQ></SEQGOAL></LEMMAGOAL><LEMMATYPE><AXIOMLEMMA/></LEMMATYPE><VALIDITY><LIST></LIST></VALIDITY><USEDLEMMAS><LIST></LIST></USEDLEMMAS><SIDEGOALS><LIST></LIST></SIDEGOALS><MAINGOALS><LIST></LIST></MAINGOALS><USERACTIONS>0</USERACTIONS><PROOFSTEPS>0</PROOFSTEPS><PROVED><F/></PROVED><PROOFEXISTS><F/></PROOFEXISTS><PROOFFILENAME>max-base-proof</PROOFFILENAME><LEMMAPROOFBAG><DUMMY/></LEMMAPROOFBAG><SAVETREE><F/></SAVETREE><INFOFILENAME>max-base-proof-info</INFOFILENAME><LEMMAPROOFINFOBAG><DUMMY/></LEMMAPROOFINFOBAG><SAVEINFOS><F/></SAVEINFOS><EXTRALEMMAINFO><EXTRALINFOLIST><THEEXTRALINFOLIST><LIST><LE>localsimp</LE></LIST></THEEXTRALINFOLIST></EXTRALINFOLIST></EXTRALEMMAINFO><PRECHARTS><LIST></LIST></PRECHARTS><EXTRALISLOT2><LIST></LIST></EXTRALISLOT2></LEMMAINFO></LE><LE><LEMMAINFO><LEMMANAME>dummy-spec</LEMMANAME><LEMMAGOAL><DECLGOAL><GOALDECL><PROCDECL>dummy# (;H)
  { 
     skip
  }</PROCDECL></GOALDECL></DECLGOAL></LEMMAGOAL><LEMMATYPE><AXIOMLEMMA/></LEMMATYPE><VALIDITY><LIST></LIST></VALIDITY><USEDLEMMAS><LIST></LIST></USEDLEMMAS><SIDEGOALS><LIST></LIST></SIDEGOALS><MAINGOALS><LIST></LIST></MAINGOALS><USERACTIONS>0</USERACTIONS><PROOFSTEPS>0</PROOFSTEPS><PROVED><F/></PROVED><PROOFEXISTS><F/></PROOFEXISTS><PROOFFILENAME>dummy-spec-proof</PROOFFILENAME><LEMMAPROOFBAG><DUMMY/></LEMMAPROOFBAG><SAVETREE><F/></SAVETREE><INFOFILENAME>dummy-spec-proof-info</INFOFILENAME><LEMMAPROOFINFOBAG><DUMMY/></LEMMAPROOFINFOBAG><SAVEINFOS><F/></SAVEINFOS><EXTRALEMMAINFO><EXTRALINFOLIST><THEEXTRALINFOLIST><LIST></LIST></THEEXTRALINFOLIST></EXTRALINFOLIST></EXTRALEMMAINFO><PRECHARTS><LIST></LIST></PRECHARTS><EXTRALISLOT2><LIST></LIST></EXTRALISLOT2></LEMMAINFO></LE><LE><LEMMAINFO><LEMMANAME>in-rec</LEMMANAME><LEMMAGOAL><SEQGOAL><GOALSEQ><SEQ> ⊦ i ∈ branch(t, j, t0) ↔ ¬ ¬ (i ∈ t ∨ i = j ∨ i ∈ t0)</SEQ></GOALSEQ></SEQGOAL></LEMMAGOAL><LEMMATYPE><AXIOMLEMMA/></LEMMATYPE><VALIDITY><LIST></LIST></VALIDITY><USEDLEMMAS><LIST></LIST></USEDLEMMAS><SIDEGOALS><LIST></LIST></SIDEGOALS><MAINGOALS><LIST></LIST></MAINGOALS><USERACTIONS>0</USERACTIONS><PROOFSTEPS>0</PROOFSTEPS><PROVED><F/></PROVED><PROOFEXISTS><F/></PROOFEXISTS><PROOFFILENAME>in-rec-proof</PROOFFILENAME><LEMMAPROOFBAG><DUMMY/></LEMMAPROOFBAG><SAVETREE><F/></SAVETREE><INFOFILENAME>in-rec-proof-info</INFOFILENAME><LEMMAPROOFINFOBAG><DUMMY/></LEMMAPROOFINFOBAG><SAVEINFOS><F/></SAVEINFOS><EXTRALEMMAINFO><EXTRALINFOLIST><THEEXTRALINFOLIST><LIST><LE>simp</LE><LE>localsimp</LE></LIST></THEEXTRALINFOLIST></EXTRALINFOLIST></EXTRALEMMAINFO><PRECHARTS><LIST></LIST></PRECHARTS><EXTRALISLOT2><LIST></LIST></EXTRALISLOT2></LEMMAINFO></LE><LE><LEMMAINFO><LEMMANAME>in-base</LEMMANAME><LEMMAGOAL><SEQGOAL><GOALSEQ><SEQ> ⊦ ¬ i ∈ leaf</SEQ></GOALSEQ></SEQGOAL></LEMMAGOAL><LEMMATYPE><AXIOMLEMMA/></LEMMATYPE><VALIDITY><LIST></LIST></VALIDITY><USEDLEMMAS><LIST></LIST></USEDLEMMAS><SIDEGOALS><LIST></LIST></SIDEGOALS><MAINGOALS><LIST></LIST></MAINGOALS><USERACTIONS>0</USERACTIONS><PROOFSTEPS>0</PROOFSTEPS><PROVED><F/></PROVED><PROOFEXISTS><F/></PROOFEXISTS><PROOFFILENAME>in-base-proof</PROOFFILENAME><LEMMAPROOFBAG><DUMMY/></LEMMAPROOFBAG><SAVETREE><F/></SAVETREE><INFOFILENAME>in-base-proof-info</INFOFILENAME><LEMMAPROOFINFOBAG><DUMMY/></LEMMAPROOFINFOBAG><SAVEINFOS><F/></SAVEINFOS><EXTRALEMMAINFO><EXTRALINFOLIST><THEEXTRALINFOLIST><LIST><LE>simp</LE><LE>localsimp</LE></LIST></THEEXTRALINFOLIST></EXTRALINFOLIST></EXTRALEMMAINFO><PRECHARTS><LIST></LIST></PRECHARTS><EXTRALISLOT2><LIST></LIST></EXTRALISLOT2></LEMMAINFO></LE><LE><LEMMAINFO><LEMMANAME>challenge2</LEMMANAME><LEMMAGOAL><SEQGOAL><GOALSEQ><SEQ>r ≠ null, (tr(r, t) * P)(H) ⊦ ⦉MAX#(r; i, H)⦊ ((tr(r, t) * P)(H) ∧ i = max(t))</SEQ></GOALSEQ></SEQGOAL></LEMMAGOAL><LEMMATYPE><USERLEMMA/></LEMMATYPE><VALIDITY><LIST></LIST></VALIDITY><USEDLEMMAS><LIST><LE>max-base</LE><LE>max-rec1</LE><LE>max-rec2</LE><LE>max-rec</LE><LE>max-spec</LE></LIST></USEDLEMMAS><SIDEGOALS><LIST></LIST></SIDEGOALS><MAINGOALS><LIST></LIST></MAINGOALS><USERACTIONS>6</USERACTIONS><PROOFSTEPS>39</PROOFSTEPS><PROVED><T/></PROVED><PROOFEXISTS><T/></PROOFEXISTS><PROOFFILENAME>challenge2-proof</PROOFFILENAME><LEMMAPROOFBAG><DUMMY/></LEMMAPROOFBAG><SAVETREE><F/></SAVETREE><INFOFILENAME>challenge2-proof-info</INFOFILENAME><LEMMAPROOFINFOBAG><DUMMY/></LEMMAPROOFINFOBAG><SAVEINFOS><F/></SAVEINFOS><EXTRALEMMAINFO><EXTRALINFOLIST><THEEXTRALINFOLIST><LIST></LIST></THEEXTRALINFOLIST></EXTRALINFOLIST></EXTRALEMMAINFO><PRECHARTS><LIST></LIST></PRECHARTS><EXTRALISLOT2><LIST></LIST></EXTRALISLOT2></LEMMAINFO></LE><LE><LEMMAINFO><LEMMANAME>max-in</LEMMANAME><LEMMAGOAL><SEQGOAL><GOALSEQ><SEQ> ⊦ t ≠ leaf → max(t) ∈ t</SEQ></GOALSEQ></SEQGOAL></LEMMAGOAL><LEMMATYPE><USERLEMMA/></LEMMATYPE><VALIDITY><LIST></LIST></VALIDITY><USEDLEMMAS><LIST><LE>max-rec</LE><LE>max-rec2</LE><LE>max-rec1</LE><LE>max-base</LE><LE>in-base</LE><LE>in-rec</LE></LIST></USEDLEMMAS><SIDEGOALS><LIST></LIST></SIDEGOALS><MAINGOALS><LIST></LIST></MAINGOALS><USERACTIONS>1</USERACTIONS><PROOFSTEPS>8</PROOFSTEPS><PROVED><T/></PROVED><PROOFEXISTS><T/></PROOFEXISTS><PROOFFILENAME>max-in-proof</PROOFFILENAME><LEMMAPROOFBAG><DUMMY/></LEMMAPROOFBAG><SAVETREE><F/></SAVETREE><INFOFILENAME>max-in-proof-info</INFOFILENAME><LEMMAPROOFINFOBAG><DUMMY/></LEMMAPROOFINFOBAG><SAVEINFOS><F/></SAVEINFOS><EXTRALEMMAINFO><EXTRALINFOLIST><THEEXTRALINFOLIST><LIST><LE>simp</LE><LE>localsimp</LE></LIST></THEEXTRALINFOLIST></EXTRALINFOLIST></EXTRALEMMAINFO><PRECHARTS><LIST></LIST></PRECHARTS><EXTRALISLOT2><LIST></LIST></EXTRALISLOT2></LEMMAINFO></LE><LE><LEMMAINFO><LEMMANAME>max-max</LEMMANAME><LEMMAGOAL><SEQGOAL><GOALSEQ><SEQ> ⊦ i ∈ t → i ≤ max(t)</SEQ></GOALSEQ></SEQGOAL></LEMMAGOAL><LEMMATYPE><USERLEMMA/></LEMMATYPE><VALIDITY><LIST></LIST></VALIDITY><USEDLEMMAS><LIST><LE>max-base</LE><LE>max-rec1</LE><LE>max-rec2</LE><LE>max-rec</LE><LE>in-rec</LE><LE>in-base</LE></LIST></USEDLEMMAS><SIDEGOALS><LIST></LIST></SIDEGOALS><MAINGOALS><LIST></LIST></MAINGOALS><USERACTIONS>5</USERACTIONS><PROOFSTEPS>26</PROOFSTEPS><PROVED><T/></PROVED><PROOFEXISTS><T/></PROOFEXISTS><PROOFFILENAME>max-max-proof</PROOFFILENAME><LEMMAPROOFBAG><DUMMY/></LEMMAPROOFBAG><SAVETREE><F/></SAVETREE><INFOFILENAME>max-max-proof-info</INFOFILENAME><LEMMAPROOFINFOBAG><DUMMY/></LEMMAPROOFINFOBAG><SAVEINFOS><F/></SAVEINFOS><EXTRALEMMAINFO><EXTRALINFOLIST><THEEXTRALINFOLIST><LIST><LE>simp</LE><LE>localsimp</LE></LIST></THEEXTRALINFOLIST></EXTRALINFOLIST></EXTRALEMMAINFO><PRECHARTS><LIST></LIST></PRECHARTS><EXTRALISLOT2><LIST></LIST></EXTRALISLOT2></LEMMAINFO></LE></LIST></THELEMMAS><EXTRALEMMABASE><EXTRALEMMABASELIST><EXTRALEMMABASELIST><LIST><LE><SPECHEUINFO><PRDSLOT><LIST></LIST></PRDSLOT><SIZESLOT><LIST></LIST></SIZESLOT><CONSTRSLOT><LIST></LIST></CONSTRSLOT><DONOTUSE>0</DONOTUSE></SPECHEUINFO></LE></LIST></EXTRALEMMABASELIST></EXTRALEMMABASELIST></EXTRALEMMABASE><THEFTS><LIST></LIST></THEFTS><EXTRALBSLOT2><LIST></LIST></EXTRALBSLOT2></LEMMABASE>