<?xml version="1.0" encoding="UTF-8"?>
<?xml-stylesheet type="text/xsl" href="../../../symboltable.xsl"?>
<SYMBOLTABLE><SIGENTRY><SYMBOL># .</SYMBOL><SPEC><HTMLLINK><HTMLTARGET>../../../../lib/separation/specs/heap/export/unit.xml</HTMLTARGET><HTMLSTRING>heap</HTMLSTRING></HTMLLINK></SPEC><TYPE>f</TYPE><ENTRY>heap → nat</ENTRY></SIGENTRY><SIGENTRY><SYMBOL># .</SYMBOL><SPEC><HTMLLINK><HTMLTARGET>../../../../datastructures/specs/tree/export/unit.xml</HTMLTARGET><HTMLSTRING>tree</HTMLSTRING></HTMLLINK></SPEC><TYPE>f</TYPE><ENTRY>tree → nat</ENTRY></SIGENTRY><SIGENTRY><SYMBOL>. % .</SYMBOL><SPEC><HTMLLINK><HTMLTARGET>../../../../lib/basic/specs/int-div/export/unit.xml</HTMLTARGET><HTMLSTRING>int-div</HTMLSTRING></HTMLLINK></SPEC><TYPE>f</TYPE><ENTRY>int × int → int</ENTRY></SIGENTRY><SIGENTRY><SYMBOL>. * .</SYMBOL><SPEC><HTMLLINK><HTMLTARGET>../../../../lib/separation/specs/heap-sep/export/unit.xml</HTMLTARGET><HTMLSTRING>heap-sep</HTMLSTRING></HTMLLINK></SPEC><TYPE>f</TYPE><ENTRY>(heap → bool) × (heap → bool) → heap → bool</ENTRY></SIGENTRY><SIGENTRY><SYMBOL>. * .</SYMBOL><SPEC><HTMLLINK><HTMLTARGET>../../../../lib/basic/specs/int-mult/export/unit.xml</HTMLTARGET><HTMLSTRING>int-mult</HTMLSTRING></HTMLLINK></SPEC><TYPE>f</TYPE><ENTRY>int × int → int</ENTRY></SIGENTRY><SIGENTRY><SYMBOL>. + .</SYMBOL><SPEC><HTMLLINK><HTMLTARGET>../../../../lib/basic/specs/int-basic2/export/unit.xml</HTMLTARGET><HTMLSTRING>int-basic2</HTMLSTRING></HTMLLINK></SPEC><TYPE>f</TYPE><ENTRY>int × int → int</ENTRY></SIGENTRY><SIGENTRY><SYMBOL>. + .</SYMBOL><SPEC><HTMLLINK><HTMLTARGET>../../../../lib/basic/specs/nat-basic2/export/unit.xml</HTMLTARGET><HTMLSTRING>nat-basic2</HTMLSTRING></HTMLLINK></SPEC><TYPE>f</TYPE><ENTRY>nat × nat → nat</ENTRY></SIGENTRY><SIGENTRY><SYMBOL>. ++ .</SYMBOL><SPEC><HTMLLINK><HTMLTARGET>../../../../lib/separation/specs/heap/export/unit.xml</HTMLTARGET><HTMLSTRING>heap</HTMLSTRING></HTMLLINK></SPEC><TYPE>f</TYPE><ENTRY>heap × ref → heap</ENTRY></SIGENTRY><SIGENTRY><SYMBOL>. +1</SYMBOL><SPEC><HTMLLINK><HTMLTARGET>../../../../lib/basic/specs/nat-basic1/export/unit.xml</HTMLTARGET><HTMLSTRING>nat-basic1</HTMLSTRING></HTMLLINK></SPEC><TYPE>f</TYPE><ENTRY>nat → nat</ENTRY></SIGENTRY><SIGENTRY><SYMBOL>. +1</SYMBOL><SPEC><HTMLLINK><HTMLTARGET>../../../../lib/basic/specs/int-basic1/export/unit.xml</HTMLTARGET><HTMLSTRING>int-basic1</HTMLSTRING></HTMLLINK></SPEC><TYPE>f</TYPE><ENTRY>int → int</ENTRY></SIGENTRY><SIGENTRY><SYMBOL>. - .</SYMBOL><SPEC><HTMLLINK><HTMLTARGET>../../../../lib/basic/specs/int-abs/export/unit.xml</HTMLTARGET><HTMLSTRING>int-abs</HTMLSTRING></HTMLLINK></SPEC><TYPE>f</TYPE><ENTRY>int × int → int</ENTRY></SIGENTRY><SIGENTRY><SYMBOL>. - .</SYMBOL><SPEC><HTMLLINK><HTMLTARGET>../../../../lib/basic/specs/nat/export/unit.xml</HTMLTARGET><HTMLSTRING>nat</HTMLSTRING></HTMLLINK></SPEC><TYPE>f</TYPE><ENTRY>nat × nat → nat</ENTRY></SIGENTRY><SIGENTRY><SYMBOL>. -* .</SYMBOL><SPEC><HTMLLINK><HTMLTARGET>../../../../lib/separation/specs/heap-sep/export/unit.xml</HTMLTARGET><HTMLSTRING>heap-sep</HTMLSTRING></HTMLLINK></SPEC><TYPE>f</TYPE><ENTRY>(heap → bool) × (heap → bool) → heap → bool</ENTRY></SIGENTRY><SIGENTRY><SYMBOL>. -- .</SYMBOL><SPEC><HTMLLINK><HTMLTARGET>../../../../lib/separation/specs/heap/export/unit.xml</HTMLTARGET><HTMLSTRING>heap</HTMLSTRING></HTMLLINK></SPEC><TYPE>f</TYPE><ENTRY>heap × ref → heap</ENTRY></SIGENTRY><SIGENTRY><SYMBOL>. -⊗ .</SYMBOL><SPEC><HTMLLINK><HTMLTARGET>../../../../lib/separation/specs/heap-sep/export/unit.xml</HTMLTARGET><HTMLSTRING>heap-sep</HTMLSTRING></HTMLLINK></SPEC><TYPE>f</TYPE><ENTRY>(heap → bool) × (heap → bool) → heap → bool</ENTRY></SIGENTRY><SIGENTRY><SYMBOL>. -1</SYMBOL><SPEC><HTMLLINK><HTMLTARGET>../../../../lib/basic/specs/int-basic1/export/unit.xml</HTMLTARGET><HTMLSTRING>int-basic1</HTMLSTRING></HTMLLINK></SPEC><TYPE>f</TYPE><ENTRY>int → int</ENTRY></SIGENTRY><SIGENTRY><SYMBOL>. -1</SYMBOL><SPEC><HTMLLINK><HTMLTARGET>../../../../lib/basic/specs/nat-basic1/export/unit.xml</HTMLTARGET><HTMLSTRING>nat-basic1</HTMLSTRING></HTMLLINK></SPEC><TYPE>f</TYPE><ENTRY>nat → nat</ENTRY></SIGENTRY><SIGENTRY><SYMBOL>. .left</SYMBOL><SPEC><HTMLLINK><HTMLTARGET>../../../../datastructures/specs/node/export/unit.xml</HTMLTARGET><HTMLSTRING>node</HTMLSTRING></HTMLLINK></SPEC><TYPE>f</TYPE><ENTRY>node → ref</ENTRY></SIGENTRY><SIGENTRY><SYMBOL>. .left</SYMBOL><SPEC><HTMLLINK><HTMLTARGET>../../../../datastructures/specs/tree/export/unit.xml</HTMLTARGET><HTMLSTRING>tree</HTMLSTRING></HTMLLINK></SPEC><TYPE>f</TYPE><ENTRY>tree → tree</ENTRY></SIGENTRY><SIGENTRY><SYMBOL>. .left:= .</SYMBOL><SPEC><HTMLLINK><HTMLTARGET>../../../../datastructures/specs/tree/export/unit.xml</HTMLTARGET><HTMLSTRING>tree</HTMLSTRING></HTMLLINK></SPEC><TYPE>f</TYPE><ENTRY>tree × tree → tree</ENTRY></SIGENTRY><SIGENTRY><SYMBOL>. .left:= .</SYMBOL><SPEC><HTMLLINK><HTMLTARGET>../../../../datastructures/specs/node/export/unit.xml</HTMLTARGET><HTMLSTRING>node</HTMLSTRING></HTMLLINK></SPEC><TYPE>f</TYPE><ENTRY>node × ref → node</ENTRY></SIGENTRY><SIGENTRY><SYMBOL>. .right</SYMBOL><SPEC><HTMLLINK><HTMLTARGET>../../../../datastructures/specs/node/export/unit.xml</HTMLTARGET><HTMLSTRING>node</HTMLSTRING></HTMLLINK></SPEC><TYPE>f</TYPE><ENTRY>node → ref</ENTRY></SIGENTRY><SIGENTRY><SYMBOL>. .right</SYMBOL><SPEC><HTMLLINK><HTMLTARGET>../../../../datastructures/specs/tree/export/unit.xml</HTMLTARGET><HTMLSTRING>tree</HTMLSTRING></HTMLLINK></SPEC><TYPE>f</TYPE><ENTRY>tree → tree</ENTRY></SIGENTRY><SIGENTRY><SYMBOL>. .right:= .</SYMBOL><SPEC><HTMLLINK><HTMLTARGET>../../../../datastructures/specs/tree/export/unit.xml</HTMLTARGET><HTMLSTRING>tree</HTMLSTRING></HTMLLINK></SPEC><TYPE>f</TYPE><ENTRY>tree × tree → tree</ENTRY></SIGENTRY><SIGENTRY><SYMBOL>. .right:= .</SYMBOL><SPEC><HTMLLINK><HTMLTARGET>../../../../datastructures/specs/node/export/unit.xml</HTMLTARGET><HTMLSTRING>node</HTMLSTRING></HTMLLINK></SPEC><TYPE>f</TYPE><ENTRY>node × ref → node</ENTRY></SIGENTRY><SIGENTRY><SYMBOL>. .val</SYMBOL><SPEC><HTMLLINK><HTMLTARGET>../../../specs/int-tree/export/unit.xml</HTMLTARGET><HTMLSTRING>int-tree</HTMLSTRING></HTMLLINK></SPEC><TYPE>f</TYPE><ENTRY>node → int</ENTRY></SIGENTRY><SIGENTRY><SYMBOL>. .val</SYMBOL><SPEC><HTMLLINK><HTMLTARGET>../../../specs/int-tree/export/unit.xml</HTMLTARGET><HTMLSTRING>int-tree</HTMLSTRING></HTMLLINK></SPEC><TYPE>f</TYPE><ENTRY>tree → int</ENTRY></SIGENTRY><SIGENTRY><SYMBOL>. .val:= .</SYMBOL><SPEC><HTMLLINK><HTMLTARGET>../../../specs/int-tree/export/unit.xml</HTMLTARGET><HTMLSTRING>int-tree</HTMLSTRING></HTMLLINK></SPEC><TYPE>f</TYPE><ENTRY>node × int → node</ENTRY></SIGENTRY><SIGENTRY><SYMBOL>. .val:= .</SYMBOL><SPEC><HTMLLINK><HTMLTARGET>../../../specs/int-tree/export/unit.xml</HTMLTARGET><HTMLSTRING>int-tree</HTMLSTRING></HTMLLINK></SPEC><TYPE>f</TYPE><ENTRY>tree × int → tree</ENTRY></SIGENTRY><SIGENTRY><SYMBOL>. / .</SYMBOL><SPEC><HTMLLINK><HTMLTARGET>../../../../lib/basic/specs/int-div/export/unit.xml</HTMLTARGET><HTMLSTRING>int-div</HTMLSTRING></HTMLLINK></SPEC><TYPE>f</TYPE><ENTRY>int × int → int</ENTRY></SIGENTRY><SIGENTRY><SYMBOL>. &lt; .</SYMBOL><SPEC><HTMLLINK><HTMLTARGET>../../../../lib/basic/specs/int-basic1/export/unit.xml</HTMLTARGET><HTMLSTRING>int-basic1</HTMLSTRING></HTMLLINK></SPEC><TYPE>p</TYPE><ENTRY>int × int</ENTRY></SIGENTRY><SIGENTRY><SYMBOL>. &lt; .</SYMBOL><SPEC><HTMLLINK><HTMLTARGET>../../../../lib/basic/specs/nat-basic1/export/unit.xml</HTMLTARGET><HTMLSTRING>nat-basic1</HTMLSTRING></HTMLLINK></SPEC><TYPE>p</TYPE><ENTRY>nat × nat</ENTRY></SIGENTRY><SIGENTRY><SYMBOL>. =&gt; .</SYMBOL><SPEC><HTMLLINK><HTMLTARGET>../../../../datastructures/specs/node-heap/export/unit.xml</HTMLTARGET><HTMLSTRING>node-heap</HTMLSTRING></HTMLLINK></SPEC><TYPE>f</TYPE><ENTRY>ref × node → heap → bool</ENTRY></SIGENTRY><SIGENTRY><SYMBOL>. =&gt;?</SYMBOL><SPEC><HTMLLINK><HTMLTARGET>../../../../lib/separation/specs/maplet/export/unit.xml</HTMLTARGET><HTMLSTRING>maplet</HTMLSTRING></HTMLLINK></SPEC><TYPE>f</TYPE><ENTRY>ref → heap → bool</ENTRY></SIGENTRY><SIGENTRY><SYMBOL>. =&gt;_</SYMBOL><SPEC><HTMLLINK><HTMLTARGET>../../../../lib/separation/specs/maplet/export/unit.xml</HTMLTARGET><HTMLSTRING>maplet</HTMLSTRING></HTMLLINK></SPEC><TYPE>f</TYPE><ENTRY>ref → heap → bool</ENTRY></SIGENTRY><SIGENTRY><SYMBOL>. &gt; .</SYMBOL><SPEC><HTMLLINK><HTMLTARGET>../../../../lib/basic/specs/int-abs/export/unit.xml</HTMLTARGET><HTMLSTRING>int-abs</HTMLSTRING></HTMLLINK></SPEC><TYPE>p</TYPE><ENTRY>int × int</ENTRY></SIGENTRY><SIGENTRY><SYMBOL>. &gt; .</SYMBOL><SPEC><HTMLLINK><HTMLTARGET>../../../../lib/basic/specs/nat/export/unit.xml</HTMLTARGET><HTMLSTRING>nat</HTMLSTRING></HTMLLINK></SPEC><TYPE>p</TYPE><ENTRY>nat × nat</ENTRY></SIGENTRY><SIGENTRY><SYMBOL>. [ . ]</SYMBOL><SPEC><HTMLLINK><HTMLTARGET>../../../../datastructures/specs/node-heap/export/unit.xml</HTMLTARGET><HTMLSTRING>node-heap</HTMLSTRING></HTMLLINK></SPEC><TYPE>f</TYPE><ENTRY>heap × ref → node</ENTRY></SIGENTRY><SIGENTRY><SYMBOL>. [ . ]</SYMBOL><SPEC><HTMLLINK><HTMLTARGET>../../../../datastructures/specs/node-heap/export/unit.xml</HTMLTARGET><HTMLSTRING>node-heap</HTMLSTRING></HTMLLINK></SPEC><TYPE>f</TYPE><ENTRY>heap × ref × node → heap</ENTRY></SIGENTRY><SIGENTRY><SYMBOL>. \ .</SYMBOL><SPEC><HTMLLINK><HTMLTARGET>../../../../lib/separation/specs/heap/export/unit.xml</HTMLTARGET><HTMLSTRING>heap</HTMLSTRING></HTMLLINK></SPEC><TYPE>f</TYPE><ENTRY>heap × heap → heap</ENTRY></SIGENTRY><SIGENTRY><SYMBOL>. ≤ .</SYMBOL><SPEC><HTMLLINK><HTMLTARGET>../../../../lib/basic/specs/int-abs/export/unit.xml</HTMLTARGET><HTMLSTRING>int-abs</HTMLSTRING></HTMLLINK></SPEC><TYPE>p</TYPE><ENTRY>int × int</ENTRY></SIGENTRY><SIGENTRY><SYMBOL>. ≤ .</SYMBOL><SPEC><HTMLLINK><HTMLTARGET>../../../../lib/basic/specs/nat/export/unit.xml</HTMLTARGET><HTMLSTRING>nat</HTMLSTRING></HTMLLINK></SPEC><TYPE>p</TYPE><ENTRY>nat × nat</ENTRY></SIGENTRY><SIGENTRY><SYMBOL>. ≥ .</SYMBOL><SPEC><HTMLLINK><HTMLTARGET>../../../../lib/basic/specs/int-abs/export/unit.xml</HTMLTARGET><HTMLSTRING>int-abs</HTMLSTRING></HTMLLINK></SPEC><TYPE>p</TYPE><ENTRY>int × int</ENTRY></SIGENTRY><SIGENTRY><SYMBOL>. ≥ .</SYMBOL><SPEC><HTMLLINK><HTMLTARGET>../../../../lib/basic/specs/nat/export/unit.xml</HTMLTARGET><HTMLSTRING>nat</HTMLSTRING></HTMLLINK></SPEC><TYPE>p</TYPE><ENTRY>nat × nat</ENTRY></SIGENTRY><SIGENTRY><SYMBOL>. → .</SYMBOL><SPEC><HTMLLINK><HTMLTARGET>../../../../lib/separation/specs/heap-sep/export/unit.xml</HTMLTARGET><HTMLSTRING>heap-sep</HTMLSTRING></HTMLLINK></SPEC><TYPE>f</TYPE><ENTRY>(heap → bool) × (heap → bool) → heap → bool</ENTRY></SIGENTRY><SIGENTRY><SYMBOL>. ∈ .</SYMBOL><SPEC><HTMLLINK><HTMLTARGET>../../../specs/challenge2/export/unit.xml</HTMLTARGET><HTMLSTRING>challenge2</HTMLSTRING></HTMLLINK></SPEC><TYPE>p</TYPE><ENTRY>int × tree</ENTRY></SIGENTRY><SIGENTRY><SYMBOL>. ∈ .</SYMBOL><SPEC><HTMLLINK><HTMLTARGET>../../../../lib/separation/specs/heap/export/unit.xml</HTMLTARGET><HTMLSTRING>heap</HTMLSTRING></HTMLLINK></SPEC><TYPE>p</TYPE><ENTRY>ref × heap</ENTRY></SIGENTRY><SIGENTRY><SYMBOL>. ∪ .</SYMBOL><SPEC><HTMLLINK><HTMLTARGET>../../../../lib/separation/specs/heap/export/unit.xml</HTMLTARGET><HTMLSTRING>heap</HTMLSTRING></HTMLLINK></SPEC><TYPE>f</TYPE><ENTRY>heap × heap → heap</ENTRY></SIGENTRY><SIGENTRY><SYMBOL>. ∧ .</SYMBOL><SPEC><HTMLLINK><HTMLTARGET>../../../../lib/separation/specs/heap-sep/export/unit.xml</HTMLTARGET><HTMLSTRING>heap-sep</HTMLSTRING></HTMLLINK></SPEC><TYPE>f</TYPE><ENTRY>(heap → bool) × (heap → bool) → heap → bool</ENTRY></SIGENTRY><SIGENTRY><SYMBOL>. ∨ .</SYMBOL><SPEC><HTMLLINK><HTMLTARGET>../../../../lib/separation/specs/heap-sep/export/unit.xml</HTMLTARGET><HTMLSTRING>heap-sep</HTMLSTRING></HTMLLINK></SPEC><TYPE>f</TYPE><ENTRY>(heap → bool) × (heap → bool) → heap → bool</ENTRY></SIGENTRY><SIGENTRY><SYMBOL>. ⊥ .</SYMBOL><SPEC><HTMLLINK><HTMLTARGET>../../../../lib/separation/specs/heap/export/unit.xml</HTMLTARGET><HTMLSTRING>heap</HTMLSTRING></HTMLLINK></SPEC><TYPE>p</TYPE><ENTRY>heap × heap</ENTRY></SIGENTRY><SIGENTRY><SYMBOL>. ⊆ .</SYMBOL><SPEC><HTMLLINK><HTMLTARGET>../../../../lib/separation/specs/heap-sep/export/unit.xml</HTMLTARGET><HTMLSTRING>heap-sep</HTMLSTRING></HTMLLINK></SPEC><TYPE>p</TYPE><ENTRY>(heap → bool) × (heap → bool)</ENTRY></SIGENTRY><SIGENTRY><SYMBOL>.new</SYMBOL><SPEC><HTMLLINK><HTMLTARGET>../../../../datastructures/specs/node-heap/export/unit.xml</HTMLTARGET><HTMLSTRING>node-heap</HTMLSTRING></HTMLLINK></SPEC><TYPE>f</TYPE><ENTRY>heap × ref × node → heap</ENTRY></SIGENTRY><SIGENTRY><SYMBOL>_∃ .</SYMBOL><SPEC><HTMLLINK><HTMLTARGET>../../../../lib/separation/specs/maplet/export/unit.xml</HTMLTARGET><HTMLSTRING>maplet</HTMLSTRING></HTMLLINK></SPEC><TYPE>f</TYPE><ENTRY>(ref → heap → bool) → heap → bool</ENTRY></SIGENTRY><SIGENTRY><SYMBOL>_∃ .</SYMBOL><SPEC><HTMLLINK><HTMLTARGET>../../../../lib/separation/specs/maplet/export/unit.xml</HTMLTARGET><HTMLSTRING>maplet</HTMLSTRING></HTMLLINK></SPEC><TYPE>f</TYPE><ENTRY>(ref × ref → heap → bool) → heap → bool</ENTRY></SIGENTRY><SIGENTRY><SYMBOL>_∃ .</SYMBOL><SPEC><HTMLLINK><HTMLTARGET>../../../../datastructures/specs/node-heap/export/unit.xml</HTMLTARGET><HTMLSTRING>node-heap</HTMLSTRING></HTMLLINK></SPEC><TYPE>f</TYPE><ENTRY>(node → heap → bool) → heap → bool</ENTRY></SIGENTRY><SIGENTRY><SYMBOL>~ .</SYMBOL><SPEC><HTMLLINK><HTMLTARGET>../../../../lib/basic/specs/int-abs/export/unit.xml</HTMLTARGET><HTMLSTRING>int-abs</HTMLSTRING></HTMLLINK></SPEC><TYPE>f</TYPE><ENTRY>int → int</ENTRY></SIGENTRY><SIGENTRY><SYMBOL>¬ .</SYMBOL><SPEC><HTMLLINK><HTMLTARGET>../../../../lib/separation/specs/heap-sep/export/unit.xml</HTMLTARGET><HTMLSTRING>heap-sep</HTMLSTRING></HTMLLINK></SPEC><TYPE>f</TYPE><ENTRY>(heap → bool) → heap → bool</ENTRY></SIGENTRY><SIGENTRY><SYMBOL>∅</SYMBOL><SPEC><HTMLLINK><HTMLTARGET>../../../../lib/separation/specs/heap/export/unit.xml</HTMLTARGET><HTMLSTRING>heap</HTMLSTRING></HTMLLINK></SPEC><TYPE>c</TYPE><ENTRY>heap</ENTRY></SIGENTRY><SIGENTRY><SYMBOL>⌜ . ⌝</SYMBOL><SPEC><HTMLLINK><HTMLTARGET>../../../../lib/separation/specs/heap-sep/export/unit.xml</HTMLTARGET><HTMLSTRING>heap-sep</HTMLSTRING></HTMLLINK></SPEC><TYPE>f</TYPE><ENTRY>bool → heap → bool</ENTRY></SIGENTRY><SIGENTRY><SYMBOL>abs</SYMBOL><SPEC><HTMLLINK><HTMLTARGET>../../../../lib/basic/specs/int-abs/export/unit.xml</HTMLTARGET><HTMLSTRING>int-abs</HTMLSTRING></HTMLLINK></SPEC><TYPE>f</TYPE><ENTRY>int → int</ENTRY></SIGENTRY><SIGENTRY><SYMBOL>Boolvar</SYMBOL><SPEC><HTMLLINK><HTMLTARGET>../../../../lib/separation/specs/heap-sep-inst/export/unit.xml</HTMLTARGET><HTMLSTRING>heap-sep-inst</HTMLSTRING></HTMLLINK></SPEC><TYPE>v</TYPE><ENTRY>bool,flexible</ENTRY></SIGENTRY><SIGENTRY><SYMBOL>boolvar</SYMBOL><SPEC><HTMLLINK><HTMLTARGET>../../../../lib/separation/specs/heap-sep-inst/export/unit.xml</HTMLTARGET><HTMLSTRING>heap-sep-inst</HTMLSTRING></HTMLLINK></SPEC><TYPE>v</TYPE><ENTRY>bool</ENTRY></SIGENTRY><SIGENTRY><SYMBOL>boolvar0</SYMBOL><SPEC><HTMLLINK><HTMLTARGET>../../../../lib/separation/specs/heap-sep-inst/export/unit.xml</HTMLTARGET><HTMLSTRING>heap-sep-inst</HTMLSTRING></HTMLLINK></SPEC><TYPE>v</TYPE><ENTRY>bool</ENTRY></SIGENTRY><SIGENTRY><SYMBOL>boolvar1</SYMBOL><SPEC><HTMLLINK><HTMLTARGET>../../../../lib/separation/specs/heap-sep-inst/export/unit.xml</HTMLTARGET><HTMLSTRING>heap-sep-inst</HTMLSTRING></HTMLLINK></SPEC><TYPE>v</TYPE><ENTRY>bool</ENTRY></SIGENTRY><SIGENTRY><SYMBOL>branch</SYMBOL><SPEC><HTMLLINK><HTMLTARGET>../../../specs/int-tree/export/unit.xml</HTMLTARGET><HTMLSTRING>int-tree</HTMLSTRING></HTMLLINK></SPEC><TYPE>f</TYPE><ENTRY>tree × int × tree → tree</ENTRY></SIGENTRY><SIGENTRY><SYMBOL>bv</SYMBOL><SPEC><HTMLLINK><HTMLTARGET>../../../../lib/separation/specs/heap-sep/export/unit.xml</HTMLTARGET><HTMLSTRING>heap-sep</HTMLSTRING></HTMLLINK></SPEC><TYPE>v</TYPE><ENTRY>bool</ENTRY></SIGENTRY><SIGENTRY><SYMBOL>dummy#</SYMBOL><SPEC><HTMLLINK><HTMLTARGET>../../../specs/challenge2/export/unit.xml</HTMLTARGET><HTMLSTRING>challenge2</HTMLSTRING></HTMLLINK></SPEC><TYPE>pr</TYPE><ENTRY>  : heap</ENTRY></SIGENTRY><SIGENTRY><SYMBOL>emp</SYMBOL><SPEC><HTMLLINK><HTMLTARGET>../../../../lib/separation/specs/heap-sep/export/unit.xml</HTMLTARGET><HTMLSTRING>heap-sep</HTMLSTRING></HTMLLINK></SPEC><TYPE>p</TYPE><ENTRY>heap</ENTRY></SIGENTRY><SIGENTRY><SYMBOL>even</SYMBOL><SPEC><HTMLLINK><HTMLTARGET>../../../../lib/basic/specs/int-min/export/unit.xml</HTMLTARGET><HTMLSTRING>int-min</HTMLSTRING></HTMLLINK></SPEC><TYPE>p</TYPE><ENTRY>int</ENTRY></SIGENTRY><SIGENTRY><SYMBOL>false</SYMBOL><SPEC><HTMLLINK><HTMLTARGET>../../../../lib/separation/specs/heap-sep/export/unit.xml</HTMLTARGET><HTMLSTRING>heap-sep</HTMLSTRING></HTMLLINK></SPEC><TYPE>p</TYPE><ENTRY>heap</ENTRY></SIGENTRY><SIGENTRY><SYMBOL>H</SYMBOL><SPEC><HTMLLINK><HTMLTARGET>../../../../lib/separation/specs/heap/export/unit.xml</HTMLTARGET><HTMLSTRING>heap</HTMLSTRING></HTMLLINK></SPEC><TYPE>v</TYPE><ENTRY>heap</ENTRY></SIGENTRY><SIGENTRY><SYMBOL>H0</SYMBOL><SPEC><HTMLLINK><HTMLTARGET>../../../../lib/separation/specs/heap/export/unit.xml</HTMLTARGET><HTMLSTRING>heap</HTMLSTRING></HTMLLINK></SPEC><TYPE>v</TYPE><ENTRY>heap</ENTRY></SIGENTRY><SIGENTRY><SYMBOL>H1</SYMBOL><SPEC><HTMLLINK><HTMLTARGET>../../../../lib/separation/specs/heap/export/unit.xml</HTMLTARGET><HTMLSTRING>heap</HTMLSTRING></HTMLLINK></SPEC><TYPE>v</TYPE><ENTRY>heap</ENTRY></SIGENTRY><SIGENTRY><SYMBOL>H2</SYMBOL><SPEC><HTMLLINK><HTMLTARGET>../../../../lib/separation/specs/heap/export/unit.xml</HTMLTARGET><HTMLSTRING>heap</HTMLSTRING></HTMLLINK></SPEC><TYPE>v</TYPE><ENTRY>heap</ENTRY></SIGENTRY><SIGENTRY><SYMBOL>heap</SYMBOL><SPEC><HTMLLINK><HTMLTARGET>../../../../lib/separation/specs/heap/export/unit.xml</HTMLTARGET><HTMLSTRING>heap</HTMLSTRING></HTMLLINK></SPEC><TYPE>s</TYPE><ENTRY></ENTRY></SIGENTRY><SIGENTRY><SYMBOL>i</SYMBOL><SPEC><HTMLLINK><HTMLTARGET>../../../../lib/basic/specs/int-basic1/export/unit.xml</HTMLTARGET><HTMLSTRING>int-basic1</HTMLSTRING></HTMLLINK></SPEC><TYPE>v</TYPE><ENTRY>int</ENTRY></SIGENTRY><SIGENTRY><SYMBOL>i0</SYMBOL><SPEC><HTMLLINK><HTMLTARGET>../../../../lib/basic/specs/int-basic1/export/unit.xml</HTMLTARGET><HTMLSTRING>int-basic1</HTMLSTRING></HTMLLINK></SPEC><TYPE>v</TYPE><ENTRY>int</ENTRY></SIGENTRY><SIGENTRY><SYMBOL>i1</SYMBOL><SPEC><HTMLLINK><HTMLTARGET>../../../specs/int-tree/export/unit.xml</HTMLTARGET><HTMLSTRING>int-tree</HTMLSTRING></HTMLLINK></SPEC><TYPE>v</TYPE><ENTRY>int</ENTRY></SIGENTRY><SIGENTRY><SYMBOL>int</SYMBOL><SPEC><HTMLLINK><HTMLTARGET>../../../../lib/basic/specs/int-basic1/export/unit.xml</HTMLTARGET><HTMLSTRING>int-basic1</HTMLSTRING></HTMLLINK></SPEC><TYPE>s</TYPE><ENTRY></ENTRY></SIGENTRY><SIGENTRY><SYMBOL>j</SYMBOL><SPEC><HTMLLINK><HTMLTARGET>../../../../lib/basic/specs/int-basic1/export/unit.xml</HTMLTARGET><HTMLSTRING>int-basic1</HTMLSTRING></HTMLLINK></SPEC><TYPE>v</TYPE><ENTRY>int</ENTRY></SIGENTRY><SIGENTRY><SYMBOL>j0</SYMBOL><SPEC><HTMLLINK><HTMLTARGET>../../../../lib/basic/specs/int-basic1/export/unit.xml</HTMLTARGET><HTMLSTRING>int-basic1</HTMLSTRING></HTMLLINK></SPEC><TYPE>v</TYPE><ENTRY>int</ENTRY></SIGENTRY><SIGENTRY><SYMBOL>leaf</SYMBOL><SPEC><HTMLLINK><HTMLTARGET>../../../../datastructures/specs/tree/export/unit.xml</HTMLTARGET><HTMLSTRING>tree</HTMLSTRING></HTMLLINK></SPEC><TYPE>c</TYPE><ENTRY>tree</ENTRY></SIGENTRY><SIGENTRY><SYMBOL>m</SYMBOL><SPEC><HTMLLINK><HTMLTARGET>../../../../lib/basic/specs/nat-basic2/export/unit.xml</HTMLTARGET><HTMLSTRING>nat-basic2</HTMLSTRING></HTMLLINK></SPEC><TYPE>v</TYPE><ENTRY>nat</ENTRY></SIGENTRY><SIGENTRY><SYMBOL>max</SYMBOL><SPEC><HTMLLINK><HTMLTARGET>../../../../lib/basic/specs/int-min/export/unit.xml</HTMLTARGET><HTMLSTRING>int-min</HTMLSTRING></HTMLLINK></SPEC><TYPE>f</TYPE><ENTRY>int × int → int</ENTRY></SIGENTRY><SIGENTRY><SYMBOL>max</SYMBOL><SPEC><HTMLLINK><HTMLTARGET>../../../specs/challenge2/export/unit.xml</HTMLTARGET><HTMLSTRING>challenge2</HTMLSTRING></HTMLLINK></SPEC><TYPE>f</TYPE><ENTRY>tree → int</ENTRY></SIGENTRY><SIGENTRY><SYMBOL>MAX#</SYMBOL><SPEC><HTMLLINK><HTMLTARGET>../../../specs/challenge2/export/unit.xml</HTMLTARGET><HTMLSTRING>challenge2</HTMLSTRING></HTMLLINK></SPEC><TYPE>pr</TYPE><ENTRY> ref : int × heap</ENTRY></SIGENTRY><SIGENTRY><SYMBOL>min</SYMBOL><SPEC><HTMLLINK><HTMLTARGET>../../../../lib/basic/specs/int-min/export/unit.xml</HTMLTARGET><HTMLSTRING>int-min</HTMLSTRING></HTMLLINK></SPEC><TYPE>f</TYPE><ENTRY>int × int → int</ENTRY></SIGENTRY><SIGENTRY><SYMBOL>mknode</SYMBOL><SPEC><HTMLLINK><HTMLTARGET>../../../specs/int-tree/export/unit.xml</HTMLTARGET><HTMLSTRING>int-tree</HTMLSTRING></HTMLLINK></SPEC><TYPE>f</TYPE><ENTRY>ref × int × ref → node</ENTRY></SIGENTRY><SIGENTRY><SYMBOL>n</SYMBOL><SPEC><HTMLLINK><HTMLTARGET>../../../../lib/basic/specs/nat-basic1/export/unit.xml</HTMLTARGET><HTMLSTRING>nat-basic1</HTMLSTRING></HTMLLINK></SPEC><TYPE>v</TYPE><ENTRY>nat</ENTRY></SIGENTRY><SIGENTRY><SYMBOL>n0</SYMBOL><SPEC><HTMLLINK><HTMLTARGET>../../../../lib/basic/specs/nat-basic1/export/unit.xml</HTMLTARGET><HTMLSTRING>nat-basic1</HTMLSTRING></HTMLLINK></SPEC><TYPE>v</TYPE><ENTRY>nat</ENTRY></SIGENTRY><SIGENTRY><SYMBOL>n1</SYMBOL><SPEC><HTMLLINK><HTMLTARGET>../../../../lib/basic/specs/nat-basic1/export/unit.xml</HTMLTARGET><HTMLSTRING>nat-basic1</HTMLSTRING></HTMLLINK></SPEC><TYPE>v</TYPE><ENTRY>nat</ENTRY></SIGENTRY><SIGENTRY><SYMBOL>nat</SYMBOL><SPEC><HTMLLINK><HTMLTARGET>../../../../lib/basic/specs/nat-basic1/export/unit.xml</HTMLTARGET><HTMLSTRING>nat-basic1</HTMLSTRING></HTMLLINK></SPEC><TYPE>s</TYPE><ENTRY></ENTRY></SIGENTRY><SIGENTRY><SYMBOL>nd</SYMBOL><SPEC><HTMLLINK><HTMLTARGET>../../../../datastructures/specs/node/export/unit.xml</HTMLTARGET><HTMLSTRING>node</HTMLSTRING></HTMLLINK></SPEC><TYPE>v</TYPE><ENTRY>node</ENTRY></SIGENTRY><SIGENTRY><SYMBOL>nd0</SYMBOL><SPEC><HTMLLINK><HTMLTARGET>../../../../datastructures/specs/node-heap/export/unit.xml</HTMLTARGET><HTMLSTRING>node-heap</HTMLSTRING></HTMLLINK></SPEC><TYPE>v</TYPE><ENTRY>node</ENTRY></SIGENTRY><SIGENTRY><SYMBOL>nd1</SYMBOL><SPEC><HTMLLINK><HTMLTARGET>../../../../datastructures/specs/node-heap/export/unit.xml</HTMLTARGET><HTMLSTRING>node-heap</HTMLSTRING></HTMLLINK></SPEC><TYPE>v</TYPE><ENTRY>node</ENTRY></SIGENTRY><SIGENTRY><SYMBOL>node</SYMBOL><SPEC><HTMLLINK><HTMLTARGET>../../../../datastructures/specs/node/export/unit.xml</HTMLTARGET><HTMLSTRING>node</HTMLSTRING></HTMLLINK></SPEC><TYPE>s</TYPE><ENTRY></ENTRY></SIGENTRY><SIGENTRY><SYMBOL>null</SYMBOL><SPEC><HTMLLINK><HTMLTARGET>../../../../lib/separation/specs/ref/export/unit.xml</HTMLTARGET><HTMLSTRING>ref</HTMLSTRING></HTMLLINK></SPEC><TYPE>c</TYPE><ENTRY>ref</ENTRY></SIGENTRY><SIGENTRY><SYMBOL>odd</SYMBOL><SPEC><HTMLLINK><HTMLTARGET>../../../../lib/basic/specs/int-min/export/unit.xml</HTMLTARGET><HTMLSTRING>int-min</HTMLSTRING></HTMLLINK></SPEC><TYPE>p</TYPE><ENTRY>int</ENTRY></SIGENTRY><SIGENTRY><SYMBOL>oP</SYMBOL><SPEC><HTMLLINK><HTMLTARGET>../../../../datastructures/specs/node-heap/export/unit.xml</HTMLTARGET><HTMLSTRING>node-heap</HTMLSTRING></HTMLLINK></SPEC><TYPE>v</TYPE><ENTRY>node → heap → bool</ENTRY></SIGENTRY><SIGENTRY><SYMBOL>P</SYMBOL><SPEC><HTMLLINK><HTMLTARGET>../../../../lib/separation/specs/heap-sep/export/unit.xml</HTMLTARGET><HTMLSTRING>heap-sep</HTMLSTRING></HTMLLINK></SPEC><TYPE>v</TYPE><ENTRY>heap → bool</ENTRY></SIGENTRY><SIGENTRY><SYMBOL>P0</SYMBOL><SPEC><HTMLLINK><HTMLTARGET>../../../../lib/separation/specs/heap-sep/export/unit.xml</HTMLTARGET><HTMLSTRING>heap-sep</HTMLSTRING></HTMLLINK></SPEC><TYPE>v</TYPE><ENTRY>heap → bool</ENTRY></SIGENTRY><SIGENTRY><SYMBOL>P1</SYMBOL><SPEC><HTMLLINK><HTMLTARGET>../../../../lib/separation/specs/heap-sep/export/unit.xml</HTMLTARGET><HTMLSTRING>heap-sep</HTMLSTRING></HTMLLINK></SPEC><TYPE>v</TYPE><ENTRY>heap → bool</ENTRY></SIGENTRY><SIGENTRY><SYMBOL>P2</SYMBOL><SPEC><HTMLLINK><HTMLTARGET>../../../../lib/separation/specs/heap-sep/export/unit.xml</HTMLTARGET><HTMLSTRING>heap-sep</HTMLSTRING></HTMLLINK></SPEC><TYPE>v</TYPE><ENTRY>heap → bool</ENTRY></SIGENTRY><SIGENTRY><SYMBOL>precise</SYMBOL><SPEC><HTMLLINK><HTMLTARGET>../../../../lib/separation/specs/heap-sep/export/unit.xml</HTMLTARGET><HTMLSTRING>heap-sep</HTMLSTRING></HTMLLINK></SPEC><TYPE>p</TYPE><ENTRY>(heap → bool)</ENTRY></SIGENTRY><SIGENTRY><SYMBOL>r</SYMBOL><SPEC><HTMLLINK><HTMLTARGET>../../../../lib/separation/specs/ref/export/unit.xml</HTMLTARGET><HTMLSTRING>ref</HTMLSTRING></HTMLLINK></SPEC><TYPE>v</TYPE><ENTRY>ref</ENTRY></SIGENTRY><SIGENTRY><SYMBOL>r0</SYMBOL><SPEC><HTMLLINK><HTMLTARGET>../../../../lib/separation/specs/ref/export/unit.xml</HTMLTARGET><HTMLSTRING>ref</HTMLSTRING></HTMLLINK></SPEC><TYPE>v</TYPE><ENTRY>ref</ENTRY></SIGENTRY><SIGENTRY><SYMBOL>r1</SYMBOL><SPEC><HTMLLINK><HTMLTARGET>../../../../lib/separation/specs/ref/export/unit.xml</HTMLTARGET><HTMLSTRING>ref</HTMLSTRING></HTMLLINK></SPEC><TYPE>v</TYPE><ENTRY>ref</ENTRY></SIGENTRY><SIGENTRY><SYMBOL>r2</SYMBOL><SPEC><HTMLLINK><HTMLTARGET>../../../../datastructures/specs/node/export/unit.xml</HTMLTARGET><HTMLSTRING>node</HTMLSTRING></HTMLLINK></SPEC><TYPE>v</TYPE><ENTRY>ref</ENTRY></SIGENTRY><SIGENTRY><SYMBOL>ref</SYMBOL><SPEC><HTMLLINK><HTMLTARGET>../../../../lib/separation/specs/ref/export/unit.xml</HTMLTARGET><HTMLSTRING>ref</HTMLSTRING></HTMLLINK></SPEC><TYPE>s</TYPE><ENTRY></ENTRY></SIGENTRY><SIGENTRY><SYMBOL>rP</SYMBOL><SPEC><HTMLLINK><HTMLTARGET>../../../../lib/separation/specs/maplet/export/unit.xml</HTMLTARGET><HTMLSTRING>maplet</HTMLSTRING></HTMLLINK></SPEC><TYPE>v</TYPE><ENTRY>ref → heap → bool</ENTRY></SIGENTRY><SIGENTRY><SYMBOL>rrP</SYMBOL><SPEC><HTMLLINK><HTMLTARGET>../../../../lib/separation/specs/maplet/export/unit.xml</HTMLTARGET><HTMLSTRING>maplet</HTMLSTRING></HTMLLINK></SPEC><TYPE>v</TYPE><ENTRY>ref × ref → heap → bool</ENTRY></SIGENTRY><SIGENTRY><SYMBOL>sgn</SYMBOL><SPEC><HTMLLINK><HTMLTARGET>../../../../lib/basic/specs/int-min/export/unit.xml</HTMLTARGET><HTMLSTRING>int-min</HTMLSTRING></HTMLLINK></SPEC><TYPE>f</TYPE><ENTRY>int → int</ENTRY></SIGENTRY><SIGENTRY><SYMBOL>t</SYMBOL><SPEC><HTMLLINK><HTMLTARGET>../../../../datastructures/specs/tree/export/unit.xml</HTMLTARGET><HTMLSTRING>tree</HTMLSTRING></HTMLLINK></SPEC><TYPE>v</TYPE><ENTRY>tree</ENTRY></SIGENTRY><SIGENTRY><SYMBOL>t0</SYMBOL><SPEC><HTMLLINK><HTMLTARGET>../../../../datastructures/specs/tree/export/unit.xml</HTMLTARGET><HTMLSTRING>tree</HTMLSTRING></HTMLLINK></SPEC><TYPE>v</TYPE><ENTRY>tree</ENTRY></SIGENTRY><SIGENTRY><SYMBOL>t1</SYMBOL><SPEC><HTMLLINK><HTMLTARGET>../../../../datastructures/specs/tree/export/unit.xml</HTMLTARGET><HTMLSTRING>tree</HTMLSTRING></HTMLLINK></SPEC><TYPE>v</TYPE><ENTRY>tree</ENTRY></SIGENTRY><SIGENTRY><SYMBOL>t2</SYMBOL><SPEC><HTMLLINK><HTMLTARGET>../../../../datastructures/specs/tree/export/unit.xml</HTMLTARGET><HTMLSTRING>tree</HTMLSTRING></HTMLLINK></SPEC><TYPE>v</TYPE><ENTRY>tree</ENTRY></SIGENTRY><SIGENTRY><SYMBOL>tr</SYMBOL><SPEC><HTMLLINK><HTMLTARGET>../../../../datastructures/specs/linked-tree/export/unit.xml</HTMLTARGET><HTMLSTRING>linked-tree</HTMLSTRING></HTMLLINK></SPEC><TYPE>f</TYPE><ENTRY>ref × tree → heap → bool</ENTRY></SIGENTRY><SIGENTRY><SYMBOL>tree</SYMBOL><SPEC><HTMLLINK><HTMLTARGET>../../../../datastructures/specs/tree/export/unit.xml</HTMLTARGET><HTMLSTRING>tree</HTMLSTRING></HTMLLINK></SPEC><TYPE>s</TYPE><ENTRY></ENTRY></SIGENTRY><SIGENTRY><SYMBOL>true</SYMBOL><SPEC><HTMLLINK><HTMLTARGET>../../../../lib/separation/specs/heap-sep/export/unit.xml</HTMLTARGET><HTMLSTRING>heap-sep</HTMLSTRING></HTMLLINK></SPEC><TYPE>p</TYPE><ENTRY>heap</ENTRY></SIGENTRY><SIGENTRY><SYMBOL>True</SYMBOL><SPEC><HTMLLINK><HTMLTARGET>../../../../lib/separation/specs/maplet-exec/export/unit.xml</HTMLTARGET><HTMLSTRING>maplet-exec</HTMLSTRING></HTMLLINK></SPEC><TYPE>p</TYPE><ENTRY>bool</ENTRY></SIGENTRY></SYMBOLTABLE>