<?xml version="1.0" encoding="UTF-8"?>
<!DOCTYPE why3session SYSTEM "why3session.dtd">
<why3session
 name="challenge3_why3/why3session.xml">
 <prover
  id="alt-ergo"
  name="Alt-Ergo"
  version="0.93"/>
 <prover
  id="coq"
  name="Coq"
  version="8.2pl1"/>
 <prover
  id="coq-realize"
  name="Coq Realize"
  version="8.2pl1"/>
 <prover
  id="cvc3"
  name="CVC3"
  version="2.2"/>
 <prover
  id="eprover"
  name="Eprover"
  version="1.4 Namring"/>
 <prover
  id="gappa"
  name="Gappa"
  version="0.15.1"/>
 <prover
  id="simplify"
  name="Simplify"
  version="1.5.4"/>
 <prover
  id="spass"
  name="Spass"
  version="3.7"/>
 <prover
  id="vampire"
  name="Vampire"
  version="0.6"/>
 <prover
  id="verit"
  name="veriT"
  version="dev"/>
 <prover
  id="yices"
  name="Yices"
  version="1.0.25"/>
 <prover
  id="z3"
  name="Z3"
  version="2.19"/>
 <file
  name="../challenge3_why3.mlw"
  verified="true"
  expanded="true">
  <theory
   name="Option"
   verified="true"
   expanded="true">
  </theory>
  <theory
   name="WP Simple"
   verified="true"
   expanded="true">
   <goal
    name="WP_parameter duplet"
    expl="parameter duplet"
    sum="509c3337d0e7364ff34fdb5503cee188"
    proved="true"
    expanded="true"
    shape="Lamk arrayV0V2fAais_dupletV3V4V5NFIais_dupletV3V6V7NICV1aNonefaSomeVainfix =V8agetV2V6NIainfix <V7V0Aainfix <V6V7Aainfix <V6ainfix +ainfix -V0c2c1Aainfix <=c0V6FALagetV2V9iCV1aNonefaSomeVainfix =V11V10ais_dupletV3V12V13NICV1aNonefaSomeVainfix =V14agetV2V12NIainfix <V13V0Aainfix <V12V13Aainfix <V12ainfix +V9c1Aainfix <=c0V12Fais_dupletV3V15V16NICV1aNonefaSomeVainfix =V17agetV2V15NIainfix <V16V0Aainfix <V15V16Aainfix <V15ainfix +V9c1Aainfix <=c0V15FIais_dupletV3V9V18NIainfix <V18ainfix +ainfix -V0c1c1Aainfix <V9V18FAiainfix =agetV2V19V10CV1aNonefaSomeVainfix =V22agetV2V20NAais_dupletV3V20V21Iainfix =aTuple2V20V21aTuple2V9V19Fais_dupletV3V9V23NIainfix <V23ainfix +V19c1Aainfix <V9V23FAainfix <V19V0Aainfix <=c0V19Iais_dupletV3V9V24NIainfix <V24V19Aainfix <V9V24FIainfix <=V19ainfix -V0c1Aainfix <=ainfix +V9c1V19FAais_dupletV3V9V25NIainfix <V25ainfix +V9c1Aainfix <V9V25FIainfix <=ainfix +V9c1ainfix -V0c1Aais_dupletV3V26V27NICV1aNonefaSomeVainfix =V28agetV2V26NIainfix <V27V0Aainfix <V26V27Aainfix <V26ainfix +V9c1Aainfix <=c0V26FIainfix >ainfix +V9c1ainfix -V0c1Aainfix <V9V0Aainfix <=c0V9Iais_dupletV3V29V30NICV1aNonefaSomeVainfix =V31agetV2V29NIainfix <V30V0Aainfix <V29V30Aainfix <V29V9Aainfix <=c0V29FIainfix <=V9ainfix -V0c2Aainfix <=c0V9FAais_dupletV3V32V33NICV1aNonefaSomeVainfix =V34agetV2V32NIainfix <V33V0Aainfix <V32V33Aainfix <V32c0Aainfix <=c0V32FIainfix <=c0ainfix -V0c2AfAais_dupletV3V35V36NFIainfix >c0ainfix -V0c2ICV1aNonefaSomeVainfix =V39agetV2V37NAais_dupletV3V37V38EAainfix <=c2V0FFF">
    <transf
     name="split_goal"
     proved="true"
     expanded="true">
     <goal
      name="WP_parameter duplet.1"
      expl="assertion"
      sum="8720e0248be6c9f445107d015f902344"
      proved="true"
      expanded="true"
      shape="Lamk arrayV0V2ais_dupletV3V4V5NFIainfix >c0ainfix -V0c2ICV1aNonefaSomeVainfix =V8agetV2V6NAais_dupletV3V6V7EAainfix <=c2V0FFF">
      <proof
       prover="cvc3"
       timelimit="10"
       edited=""
       obsolete="false">
       <result status="valid" time="0.02"/>
      </proof>
      <proof
       prover="alt-ergo"
       timelimit="10"
       edited=""
       obsolete="false">
       <result status="valid" time="0.03"/>
      </proof>
      <proof
       prover="z3"
       timelimit="10"
       edited=""
       obsolete="false">
       <result status="valid" time="0.04"/>
      </proof>
     </goal>
     <goal
      name="WP_parameter duplet.2"
      expl="parameter duplet"
      sum="c3420eb07e6a169649a08c151883aef4"
      proved="true"
      expanded="true"
      shape="Lamk arrayV0V2fIais_dupletV3V4V5NFIainfix >c0ainfix -V0c2ICV1aNonefaSomeVainfix =V8agetV2V6NAais_dupletV3V6V7EAainfix <=c2V0FFF">
      <proof
       prover="cvc3"
       timelimit="10"
       edited=""
       obsolete="false">
       <result status="valid" time="0.02"/>
      </proof>
      <proof
       prover="alt-ergo"
       timelimit="10"
       edited=""
       obsolete="false">
       <result status="valid" time="0.02"/>
      </proof>
      <proof
       prover="z3"
       timelimit="10"
       edited=""
       obsolete="false">
       <result status="valid" time="0.04"/>
      </proof>
     </goal>
     <goal
      name="WP_parameter duplet.3"
      expl="for loop initialization"
      sum="68017b57ad5dd90e5359a3863537470d"
      proved="true"
      expanded="true"
      shape="Lamk arrayV0V2ais_dupletV3V4V5NICV1aNonefaSomeVainfix =V6agetV2V4NIainfix <V5V0Aainfix <V4V5Aainfix <V4c0Aainfix <=c0V4FIainfix <=c0ainfix -V0c2ICV1aNonefaSomeVainfix =V9agetV2V7NAais_dupletV3V7V8EAainfix <=c2V0FFF">
      <proof
       prover="cvc3"
       timelimit="10"
       edited=""
       obsolete="false">
       <result status="valid" time="0.03"/>
      </proof>
      <proof
       prover="alt-ergo"
       timelimit="10"
       edited=""
       obsolete="false">
       <result status="valid" time="0.01"/>
      </proof>
      <proof
       prover="z3"
       timelimit="10"
       edited=""
       obsolete="false">
       <result status="valid" time="0.01"/>
      </proof>
     </goal>
     <goal
      name="WP_parameter duplet.4"
      expl="for loop preservation"
      sum="3e8d5baa889b539330ef06a3dc771331"
      proved="true"
      expanded="true"
      shape="Lamk arrayV0V2LagetV2V4iCV1aNonefaSomeVainfix =V6V5ais_dupletV3V7V8NICV1aNonefaSomeVainfix =V9agetV2V7NIainfix <V8V0Aainfix <V7V8Aainfix <V7ainfix +V4c1Aainfix <=c0V7Fais_dupletV3V10V11NICV1aNonefaSomeVainfix =V12agetV2V10NIainfix <V11V0Aainfix <V10V11Aainfix <V10ainfix +V4c1Aainfix <=c0V10FIais_dupletV3V4V13NIainfix <V13ainfix +ainfix -V0c1c1Aainfix <V4V13FAiainfix =agetV2V14V5CV1aNonefaSomeVainfix =V17agetV2V15NAais_dupletV3V15V16Iainfix =aTuple2V15V16aTuple2V4V14Fais_dupletV3V4V18NIainfix <V18ainfix +V14c1Aainfix <V4V18FAainfix <V14V0Aainfix <=c0V14Iais_dupletV3V4V19NIainfix <V19V14Aainfix <V4V19FIainfix <=V14ainfix -V0c1Aainfix <=ainfix +V4c1V14FAais_dupletV3V4V20NIainfix <V20ainfix +V4c1Aainfix <V4V20FIainfix <=ainfix +V4c1ainfix -V0c1Aais_dupletV3V21V22NICV1aNonefaSomeVainfix =V23agetV2V21NIainfix <V22V0Aainfix <V21V22Aainfix <V21ainfix +V4c1Aainfix <=c0V21FIainfix >ainfix +V4c1ainfix -V0c1Aainfix <V4V0Aainfix <=c0V4Iais_dupletV3V24V25NICV1aNonefaSomeVainfix =V26agetV2V24NIainfix <V25V0Aainfix <V24V25Aainfix <V24V4Aainfix <=c0V24FIainfix <=V4ainfix -V0c2Aainfix <=c0V4FIainfix <=c0ainfix -V0c2ICV1aNonefaSomeVainfix =V29agetV2V27NAais_dupletV3V27V28EAainfix <=c2V0FFF">
      <proof
       prover="cvc3"
       timelimit="10"
       edited=""
       obsolete="false">
       <result status="valid" time="0.12"/>
      </proof>
      <proof
       prover="alt-ergo"
       timelimit="10"
       edited=""
       obsolete="false">
       <result status="timeout" time="10.06"/>
      </proof>
      <proof
       prover="z3"
       timelimit="10"
       edited=""
       obsolete="false">
       <result status="valid" time="0.15"/>
      </proof>
     </goal>
     <goal
      name="WP_parameter duplet.5"
      expl="assertion"
      sum="e52cdf1ace395e29efac9d05c5d334ec"
      proved="true"
      expanded="true"
      shape="Lamk arrayV0V2ais_dupletV3V4V5NFIais_dupletV3V6V7NICV1aNonefaSomeVainfix =V8agetV2V6NIainfix <V7V0Aainfix <V6V7Aainfix <V6ainfix +ainfix -V0c2c1Aainfix <=c0V6FIainfix <=c0ainfix -V0c2ICV1aNonefaSomeVainfix =V11agetV2V9NAais_dupletV3V9V10EAainfix <=c2V0FFF">
      <proof
       prover="cvc3"
       timelimit="10"
       edited=""
       obsolete="false">
       <result status="valid" time="0.04"/>
      </proof>
      <proof
       prover="alt-ergo"
       timelimit="10"
       edited=""
       obsolete="false">
       <result status="valid" time="0.07"/>
      </proof>
      <proof
       prover="z3"
       timelimit="10"
       edited=""
       obsolete="false">
       <result status="valid" time="0.05"/>
      </proof>
     </goal>
     <goal
      name="WP_parameter duplet.6"
      expl="parameter duplet"
      sum="47b5f0accfc2b64c2c5de3462a69ba3a"
      proved="true"
      expanded="true"
      shape="Lamk arrayV0V2fIais_dupletV3V4V5NFIais_dupletV3V6V7NICV1aNonefaSomeVainfix =V8agetV2V6NIainfix <V7V0Aainfix <V6V7Aainfix <V6ainfix +ainfix -V0c2c1Aainfix <=c0V6FIainfix <=c0ainfix -V0c2ICV1aNonefaSomeVainfix =V11agetV2V9NAais_dupletV3V9V10EAainfix <=c2V0FFF">
      <proof
       prover="cvc3"
       timelimit="10"
       edited=""
       obsolete="false">
       <result status="valid" time="0.03"/>
      </proof>
      <proof
       prover="alt-ergo"
       timelimit="10"
       edited=""
       obsolete="false">
       <result status="valid" time="0.04"/>
      </proof>
      <proof
       prover="z3"
       timelimit="10"
       edited=""
       obsolete="false">
       <result status="valid" time="0.04"/>
      </proof>
     </goal>
    </transf>
   </goal>
   <goal
    name="WP_parameter duplets"
    expl="parameter duplets"
    sum="25edcda36324ea8e9b14810e5d5eb36c"
    proved="true"
    expanded="true"
    shape="Lamk arrayV0V1ainfix =agetV1V3agetV1V5NAais_dupletV2V5V6Aais_dupletV2V3V4Iainfix =agetV1V4agetV1V5NAais_dupletV2V5V6FAainfix =agetV1V4agetV1V7NAais_dupletV2V7V8EAainfix <=c2V0Aainfix <V4V0Aainfix <=c0V4Iais_dupletV2V3V4FAais_dupletV2V9V10EAainfix <=c2V0Iainfix =agetV1V11agetV1V13NAais_dupletV2V13V14Aais_dupletV2V11V12EAainfix <=c4V0FF">
    <transf
     name="split_goal"
     proved="true"
     expanded="true">
     <goal
      name="WP_parameter duplets.1"
      expl="precondition"
      sum="21ca30c77989a38bdec8680c3b8ad8f2"
      proved="true"
      expanded="true"
      shape="Lamk arrayV0V1ais_dupletV2V3V4EAainfix <=c2V0Iainfix =agetV1V5agetV1V7NAais_dupletV2V7V8Aais_dupletV2V5V6EAainfix <=c4V0FF">
      <proof
       prover="cvc3"
       timelimit="10"
       edited=""
       obsolete="false">
       <result status="valid" time="0.03"/>
      </proof>
      <proof
       prover="alt-ergo"
       timelimit="10"
       edited=""
       obsolete="false">
       <result status="valid" time="0.04"/>
      </proof>
      <proof
       prover="z3"
       timelimit="10"
       edited=""
       obsolete="false">
       <result status="valid" time="0.04"/>
      </proof>
     </goal>
     <goal
      name="WP_parameter duplets.2"
      expl="precondition"
      sum="7d5f71726cf95d3279a402c39cef14f4"
      proved="true"
      expanded="true"
      shape="Lamk arrayV0V1ainfix <V4V0Aainfix <=c0V4Iais_dupletV2V3V4FIais_dupletV2V5V6EAainfix <=c2V0Iainfix =agetV1V7agetV1V9NAais_dupletV2V9V10Aais_dupletV2V7V8EAainfix <=c4V0FF">
      <proof
       prover="cvc3"
       timelimit="10"
       edited=""
       obsolete="false">
       <result status="valid" time="0.03"/>
      </proof>
      <proof
       prover="alt-ergo"
       timelimit="10"
       edited=""
       obsolete="false">
       <result status="valid" time="0.04"/>
      </proof>
      <proof
       prover="z3"
       timelimit="10"
       edited=""
       obsolete="false">
       <result status="valid" time="0.04"/>
      </proof>
     </goal>
     <goal
      name="WP_parameter duplets.3"
      expl="precondition"
      sum="bf7e5c424d806991f98d709fa5d7afff"
      proved="true"
      expanded="true"
      shape="Lamk arrayV0V1ainfix =agetV1V4agetV1V5NAais_dupletV2V5V6EAainfix <=c2V0Iainfix <V4V0Aainfix <=c0V4Iais_dupletV2V3V4FIais_dupletV2V7V8EAainfix <=c2V0Iainfix =agetV1V9agetV1V11NAais_dupletV2V11V12Aais_dupletV2V9V10EAainfix <=c4V0FF">
      <proof
       prover="cvc3"
       timelimit="10"
       edited=""
       obsolete="false">
       <result status="valid" time="0.03"/>
      </proof>
      <proof
       prover="alt-ergo"
       timelimit="10"
       edited=""
       obsolete="false">
       <result status="valid" time="0.04"/>
      </proof>
      <proof
       prover="z3"
       timelimit="10"
       edited=""
       obsolete="false">
       <result status="valid" time="0.04"/>
      </proof>
     </goal>
     <goal
      name="WP_parameter duplets.4"
      expl="normal postcondition"
      sum="1305df70703154c2909fd30a859ecb8d"
      proved="true"
      expanded="true"
      shape="Lamk arrayV0V1ainfix =agetV1V3agetV1V5NAais_dupletV2V5V6Aais_dupletV2V3V4Iainfix =agetV1V4agetV1V5NAais_dupletV2V5V6FIainfix =agetV1V4agetV1V7NAais_dupletV2V7V8EAainfix <=c2V0Iainfix <V4V0Aainfix <=c0V4Iais_dupletV2V3V4FIais_dupletV2V9V10EAainfix <=c2V0Iainfix =agetV1V11agetV1V13NAais_dupletV2V13V14Aais_dupletV2V11V12EAainfix <=c4V0FF">
      <proof
       prover="cvc3"
       timelimit="10"
       edited=""
       obsolete="false">
       <result status="valid" time="0.03"/>
      </proof>
      <proof
       prover="alt-ergo"
       timelimit="10"
       edited=""
       obsolete="false">
       <result status="valid" time="0.06"/>
      </proof>
      <proof
       prover="z3"
       timelimit="10"
       edited=""
       obsolete="false">
       <result status="valid" time="0.04"/>
      </proof>
     </goal>
    </transf>
   </goal>
  </theory>
 </file>
</why3session>
