<?xml version="1.0" encoding="UTF-8"?>
<?xml-stylesheet type="text/xsl" href="../../../../proofnode.xsl"?>
<PROOFNODE proofname="challenge2" previous="18"><NUM>11</NUM><TYPE>step</TYPE><INFO>Heuristic symbolic execution applied rule vardecls right</INFO><SEQ>〈MAX#(r0; j0, H)〉 (j0 = j1 ∧ H = H0), ⦉MAX#(r0; j0, H)⦊ ((tr(r0, t1) * P * tr(r1, t2) * r =&gt; mknode(r0, i0, r1))(H) ∧ j0 = max(t1)), 
∀ t0, r, P, H, i. # t0 &lt; # branch(t1, i0, t2) → (r ≠ null ∧ (tr(r, t0) * P)(H) → ⦉MAX#(r; i, H)⦊ ((tr(r, t0) * P)(H) ∧ i = max(t0))), r0 ≠ null, 
r ≠ null, ((r =&gt; mknode(r0, i0, r1) * tr(r0, t1) * tr(r1, t2)) * P)(H), (tr(r0, t1) * P * tr(r1, t2) * r =&gt; mknode(r0, i0, r1))(H0), j1 = max(t1), 
i1 = max(i0, j1), H0[r] .right ≠ null
⊦ 
⦉let j = [?] in { 
                   MAX#(H0[r] .right; j, H0) ; i1 := max(j, i1)
                }⦊ ((∃ r0, r1. ((r =&gt; mknode(r0, i0, r1) * tr(r0, t1) * tr(r1, t2)) * P)(H0)) ∧ i1 = max(branch(t1, i0, t2)))</SEQ><NEWGOALS><LIST><LE><PAIR><FST>10</FST><SND><SEQ>〈MAX#(r0; j0, H)〉 (j0 = j1 ∧ H = H0), ⦉MAX#(r0; j0, H)⦊ ((tr(r0, t1) * P * tr(r1, t2) * r =&gt; mknode(r0, i0, r1))(H) ∧ j0 = max(t1)), 
∀ t0, r, P, H, i. # t0 &lt; # branch(t1, i0, t2) → (r ≠ null ∧ (tr(r, t0) * P)(H) → ⦉MAX#(r; i, H)⦊ ((tr(r, t0) * P)(H) ∧ i = max(t0))), r0 ≠ null, 
r ≠ null, ((r =&gt; mknode(r0, i0, r1) * tr(r0, t1) * tr(r1, t2)) * P)(H), (tr(r0, t1) * P * tr(r1, t2) * r =&gt; mknode(r0, i0, r1))(H0), j1 = max(t1), 
i1 = max(i0, j1), H0[r] .right ≠ null
⊦ 
∀ j2. 
 ⦉MAX#(H0[r] .right; j2, H0) ; i1 := max(j2, i1)⦊ 
     ((∃ r0, r1. ((r =&gt; mknode(r0, i0, r1) * tr(r0, t1) * tr(r1, t2)) * P)(H0)) ∧ i1 = max(branch(t1, i0, t2)))</SEQ></SND></PAIR></LE></LIST></NEWGOALS><RULEARGS>[emptyarg]</RULEARGS><EXTRAS>[[CONCRETESIMPRULES : ()]]</EXTRAS></PROOFNODE>