<?xml version="1.0" encoding="UTF-8"?>
<?xml-stylesheet type="text/xsl" href="../../../../proofnode.xsl"?>
<PROOFNODE proofname="challenge2" previous="14"><NUM>13</NUM><TYPE>step</TYPE><INFO>Heuristic quantifier closing applied rule all left</INFO><SEQ>〈MAX#(r0; j0, H)〉 (j0 = max(t1) ∧ H = H0), ⦉MAX#(r0; j0, H)⦊ ((tr(r0, t1) * r =&gt; mknode(r0, i0, null) * P)(H) ∧ j0 = max(t1)), 
∀ t0, r, P, H, i. # t0 &lt; # branch(t1, i0, leaf) → (r ≠ null ∧ (tr(r, t0) * P)(H) → ⦉MAX#(r; i, H)⦊ ((tr(r, t0) * P)(H) ∧ i = max(t0))), r0 ≠ null, 
r ≠ null, t1 ≠ leaf, (tr(r0, t1) * r =&gt; mknode(r0, i0, null) * P)(H), ((r =&gt; mknode(r0, i0, null) * tr(r0, t1)) * P)(H0), 
∀ r1. ¬ ((tr(r1, t1) * r =&gt; mknode(r1, i0, null)) * P)(H0)
⊦ 
</SEQ><NEWGOALS><LIST></LIST></NEWGOALS><RULEARGS>[EXRARG : pos: left 9, [QUANTTERMLIST : (r0)]]</RULEARGS><EXTRAS>[[CONCRETESIMPRULES : ([CSIMPSEQ :  ⊦ (P0 * P1) * P2 = P0 * P1 * P2], 
                       [CSIMPSEQ :  ⊦ P0 * P1 = P1 * P0])], 
 [EXTRATERMS : (r0)]]</EXTRAS></PROOFNODE>