<?xml version="1.0" encoding="UTF-8"?>
<?xml-stylesheet type="text/xsl" href="../../../../proofnode.xsl"?>
<PROOFNODE proofname="challenge2" previous="15"><NUM>14</NUM><TYPE>step</TYPE><INFO>Heuristic simplifier applied rule simplifier</INFO><SEQ>〈MAX#(r0; j0, H)〉 (j0 = max(t1) ∧ H = H0), ⦉MAX#(r0; j0, H)⦊ ((tr(r0, t1) * r =&gt; mknode(r0, i0, null) * P)(H) ∧ j0 = max(t1)), 
∀ t0, r, P, H, i. # t0 &lt; # branch(t1, i0, leaf) → (r ≠ null ∧ (tr(r, t0) * P)(H) → ⦉MAX#(r; i, H)⦊ ((tr(r, t0) * P)(H) ∧ i = max(t0))), r0 ≠ null, 
r ≠ null, (tr(r0, t1) * r =&gt; mknode(r0, i0, null) * P)(H), ((r =&gt; mknode(r0, i0, null) * tr(r0, t1)) * P)(H0), 
(∀ r1. ¬ ((tr(r1, t1) * r =&gt; mknode(r1, i0, null)) * P)(H0)) ∨ max(i0, max(t1)) ≠ max(i0, max(t1)), t1 ≠ leaf
⊦ 
</SEQ><NEWGOALS><LIST><LE><PAIR><FST>13</FST><SND><SEQ>〈MAX#(r0; j0, H)〉 (j0 = max(t1) ∧ H = H0), ⦉MAX#(r0; j0, H)⦊ ((tr(r0, t1) * r =&gt; mknode(r0, i0, null) * P)(H) ∧ j0 = max(t1)), 
∀ t0, r, P, H, i. # t0 &lt; # branch(t1, i0, leaf) → (r ≠ null ∧ (tr(r, t0) * P)(H) → ⦉MAX#(r; i, H)⦊ ((tr(r, t0) * P)(H) ∧ i = max(t0))), r0 ≠ null, 
r ≠ null, t1 ≠ leaf, (tr(r0, t1) * r =&gt; mknode(r0, i0, null) * P)(H), ((r =&gt; mknode(r0, i0, null) * tr(r0, t1)) * P)(H0), 
∀ r1. ¬ ((tr(r1, t1) * r =&gt; mknode(r1, i0, null)) * P)(H0)
⊦ 
</SEQ></SND></PAIR></LE></LIST></NEWGOALS><RULEARGS>[emptyarg]</RULEARGS><EXTRAS>[[CONCRETESIMPRULES : ([CSIMPSEQ :  ⊦ max(i, j) = max(j, i)])]]</EXTRAS></PROOFNODE>