<?xml version="1.0" encoding="UTF-8"?>
<?xml-stylesheet type="text/xsl" href="../../../../proofnode.xsl"?>
<PROOFNODE proofname="challenge2" previous="16"><NUM>15</NUM><TYPE>step</TYPE><INFO>User applied rule insert rewrite lemma</INFO><SEQ>⦉MAX#(r0; j0, H)⦊ ((tr(r0, t1) * r =&gt; mknode(r0, i0, null) * P)(H) ∧ j0 = max(t1)), 〈MAX#(r0; j0, H)〉 (j0 = max(t1) ∧ H = H0), 
∀ t0, r, P, H, i. # t0 &lt; # branch(t1, i0, leaf) → (r ≠ null ∧ (tr(r, t0) * P)(H) → ⦉MAX#(r; i, H)⦊ ((tr(r, t0) * P)(H) ∧ i = max(t0))), r0 ≠ null, 
r ≠ null, (tr(r0, t1) * r =&gt; mknode(r0, i0, null) * P)(H), ((r =&gt; mknode(r0, i0, null) * tr(r0, t1)) * P)(H0), 
(∀ r1. ¬ ((tr(r1, t1) * r =&gt; mknode(r1, i0, null)) * P)(H0)) ∨ max(i0, max(t1)) ≠ max(branch(t1, i0, leaf))
⊦ 
</SEQ><NEWGOALS><LIST><LE><PAIR><FST>12</FST><SND><SEQ> ⊦ t ≠ leaf → max(branch(t, i, leaf)) = max(i, max(t))</SEQ></SND></PAIR></LE><LE><PAIR><FST>14</FST><SND><SEQ>〈MAX#(r0; j0, H)〉 (j0 = max(t1) ∧ H = H0), ⦉MAX#(r0; j0, H)⦊ ((tr(r0, t1) * r =&gt; mknode(r0, i0, null) * P)(H) ∧ j0 = max(t1)), 
∀ t0, r, P, H, i. # t0 &lt; # branch(t1, i0, leaf) → (r ≠ null ∧ (tr(r, t0) * P)(H) → ⦉MAX#(r; i, H)⦊ ((tr(r, t0) * P)(H) ∧ i = max(t0))), r0 ≠ null, 
r ≠ null, (tr(r0, t1) * r =&gt; mknode(r0, i0, null) * P)(H), ((r =&gt; mknode(r0, i0, null) * tr(r0, t1)) * P)(H0), 
(∀ r1. ¬ ((tr(r1, t1) * r =&gt; mknode(r1, i0, null)) * P)(H0)) ∨ max(i0, max(t1)) ≠ max(i0, max(t1)), t1 ≠ leaf
⊦ 
</SEQ></SND></PAIR></LE></LIST></NEWGOALS><RULEARGS>[x0lemmaarg: spec-name: 
instance-name: 
lemma-name: max-rec2
antecedent: 
succedent: t ≠ leaf → max(branch(t, i, leaf)) = max(i, max(t))
substlist: [i, t] → [i0, t1]
add preconditions?: F
is rewrite lemma?: T
current spec?: T
rotate lemma?: F
replace all?: T
paths: ((0, 0, 7, 1, 1, 1, 0, 1, 1))
dummy: ()
]</RULEARGS><EXTRAS>[[CONCRETESIMPRULES : ([CSIMPSEQ : ⊦ 
                                   tr(r, leaf) = (emp ∧ ⌜r = null⌝ )], 
                       [CSIMPSEQ :  ⊦ ⌜false⌝  = false], 
                       [CSIMPSEQ :  ⊦ (false ∧ P) = false], 
                       [CSIMPSEQ : ⊦ 
                                   ((P0 ∧ P1) ∧ P2) = (P0 ∧ P1 ∧ P2)], 
                       [CSIMPSEQ :  ⊦ (P0 ∧ P1) = (P1 ∧ P0)], 
                       [CSIMPSEQ :  ⊦ false * P = false], 
                       [CSIMPSEQ :  ⊦ (P0 * P1) * P2 = P0 * P1 * P2], 
                       [CSIMPSEQ :  ⊦ P0 * P1 = P1 * P0], 
                       [CSIMPSEQ :  ⊦ ¬ false(H)])], 
 [EXTRATERMS : (i0, t1)]]</EXTRAS></PROOFNODE>