<?xml version="1.0" encoding="UTF-8"?>
<?xml-stylesheet type="text/xsl" href="../../../../proofnode.xsl"?>
<PROOFNODE proofname="challenge2" previous="17"><NUM>16</NUM><TYPE>step</TYPE><INFO>Heuristic simplifier applied rule simplifier</INFO><SEQ>〈MAX#(r0; j0, H)〉 (j0 = j1 ∧ H = H0), ⦉MAX#(r0; j0, H)⦊ ((tr(r0, t1) * P * tr(r1, t2) * r =&gt; mknode(r0, i0, r1))(H) ∧ j0 = max(t1)), 
∀ t0, r, P, H, i. # t0 &lt; # branch(t1, i0, t2) → (r ≠ null ∧ (tr(r, t0) * P)(H) → ⦉MAX#(r; i, H)⦊ ((tr(r, t0) * P)(H) ∧ i = max(t0))), r0 ≠ null, 
r ≠ null, ((r =&gt; mknode(r0, i0, r1) * tr(r0, t1) * tr(r1, t2)) * P)(H), (tr(r0, t1) * P * tr(r1, t2) * r =&gt; mknode(r0, i0, r1))(H0), j1 = max(t1), 
i1 = max(i0, j1), ¬ H0[r] .right ≠ null, (∀ r0, r1. ¬ ((r =&gt; mknode(r0, i0, r1) * tr(r0, t1) * tr(r1, t2)) * P)(H0)) ∨ i1 ≠ max(branch(t1, i0, t2))
⊦ 
</SEQ><NEWGOALS><LIST><LE><PAIR><FST>15</FST><SND><SEQ>⦉MAX#(r0; j0, H)⦊ ((tr(r0, t1) * r =&gt; mknode(r0, i0, null) * P)(H) ∧ j0 = max(t1)), 〈MAX#(r0; j0, H)〉 (j0 = max(t1) ∧ H = H0), 
∀ t0, r, P, H, i. # t0 &lt; # branch(t1, i0, leaf) → (r ≠ null ∧ (tr(r, t0) * P)(H) → ⦉MAX#(r; i, H)⦊ ((tr(r, t0) * P)(H) ∧ i = max(t0))), r0 ≠ null, 
r ≠ null, (tr(r0, t1) * r =&gt; mknode(r0, i0, null) * P)(H), ((r =&gt; mknode(r0, i0, null) * tr(r0, t1)) * P)(H0), 
(∀ r1. ¬ ((tr(r1, t1) * r =&gt; mknode(r1, i0, null)) * P)(H0)) ∨ max(i0, max(t1)) ≠ max(branch(t1, i0, leaf))
⊦ 
</SEQ></SND></PAIR></LE></LIST></NEWGOALS><RULEARGS>[emptyarg]</RULEARGS><EXTRAS>[[CONCRETESIMPRULES : ([CSIMPSEQ : ⊦ 
                                   tr(r, leaf) = (emp ∧ ⌜r = null⌝ )], 
                       [CSIMPSEQ :  ⊦ (true ∧ P) = P], 
                       [CSIMPSEQ :  ⊦ ⌜true⌝  = true], 
                       [CSIMPSEQ :  ⊦ ⌜bv⌝ (H) ↔ bv], 
                       [CSIMPSEQ : ⊦ 
                                   (P0 ∧ P1)(H) ↔ ¬ ¬ (P0(H) ∧ P1(H))], 
                       [CSIMPSEQ :  ⊦ (P0 ∧ P1) = (P1 ∧ P0)], 
                       [CSIMPSEQ : ⊦ 
                                   ((P0 ∧ P1) ∧ P2) = (P0 ∧ P1 ∧ P2)], 
                       [CSIMPSEQ :  ⊦ emp * P = P], 
                       [CSIMPSEQ : ⊦ 
                                   (⌜p⌝  ∧ P0) * P1 = (⌜p⌝  ∧ P0 * P1)], 
                       [CSIMPSEQ : ⊦ 
                                   tr(null, t) = (emp ∧ ⌜t = leaf⌝ )], 
                       [CSIMPSEQ :  ⊦ mknode(r, i, r0) .right = r0], 
                       [CSIMPSEQ :  ⊦ (r =&gt; nd * P)(H) → H[r] = nd], 
                       [CSIMPSEQ :  ⊦ P0 * P1 = P1 * P0], 
                       [CSIMPSEQ :  ⊦ (P0 * P1) * P2 = P0 * P1 * P2])]]</EXTRAS></PROOFNODE>