<?xml version="1.0" encoding="UTF-8"?>
<?xml-stylesheet type="text/xsl" href="../../../../proofnode.xsl"?>
<PROOFNODE proofname="challenge2" previous="26"><NUM>25</NUM><TYPE>step</TYPE><INFO>Heuristic quantifier closing applied rule all left</INFO><SEQ>⦉MAX#(r1; j, H)⦊ ((tr(r1, t2) * P * r =&gt; mknode(null, i0, r1))(H) ∧ j = max(t2)), 〈MAX#(r1; j, H)〉 (j = max(t2) ∧ H = H0), 
∀ t0, r, P, H, i. # t0 &lt; # branch(leaf, i0, t2) → (r ≠ null ∧ (tr(r, t0) * P)(H) → ⦉MAX#(r; i, H)⦊ ((tr(r, t0) * P)(H) ∧ i = max(t0))), r ≠ null, 
r1 ≠ null, t2 ≠ leaf, ((tr(r1, t2) * r =&gt; mknode(null, i0, r1)) * P)(H), (tr(r1, t2) * P * r =&gt; mknode(null, i0, r1))(H0), 
∀ r2. ¬ ((tr(r2, t2) * r =&gt; mknode(null, i0, r2)) * P)(H0)
⊦ 
</SEQ><NEWGOALS><LIST></LIST></NEWGOALS><RULEARGS>[EXRARG : pos: left 9, [QUANTTERMLIST : (r1)]]</RULEARGS><EXTRAS>[[CONCRETESIMPRULES : ([CSIMPSEQ :  ⊦ (P0 * P1) * P2 = P0 * P1 * P2], 
                       [CSIMPSEQ :  ⊦ P0 * P1 = P1 * P0])], 
 [EXTRATERMS : (r1)]]</EXTRAS></PROOFNODE>