<?xml version="1.0" encoding="UTF-8"?>
<?xml-stylesheet type="text/xsl" href="../../../../proofnode.xsl"?>
<PROOFNODE proofname="challenge2" previous="27"><NUM>26</NUM><TYPE>step</TYPE><INFO>Heuristic simplifier applied rule simplifier</INFO><SEQ>⦉MAX#(r1; j, H)⦊ ((tr(r1, t2) * P * r =&gt; mknode(null, i0, r1))(H) ∧ j = max(t2)), 〈MAX#(r1; j, H)〉 (j = max(t2) ∧ H = H0), 
∀ t0, r, P, H, i. # t0 &lt; # branch(leaf, i0, t2) → (r ≠ null ∧ (tr(r, t0) * P)(H) → ⦉MAX#(r; i, H)⦊ ((tr(r, t0) * P)(H) ∧ i = max(t0))), r ≠ null, 
r1 ≠ null, ((tr(r1, t2) * r =&gt; mknode(null, i0, r1)) * P)(H), (tr(r1, t2) * P * r =&gt; mknode(null, i0, r1))(H0), 
(∀ r2. ¬ ((tr(r2, t2) * r =&gt; mknode(null, i0, r2)) * P)(H0)) ∨ max(i0, max(t2)) ≠ max(i0, max(t2)), t2 ≠ leaf
⊦ 
</SEQ><NEWGOALS><LIST><LE><PAIR><FST>25</FST><SND><SEQ>⦉MAX#(r1; j, H)⦊ ((tr(r1, t2) * P * r =&gt; mknode(null, i0, r1))(H) ∧ j = max(t2)), 〈MAX#(r1; j, H)〉 (j = max(t2) ∧ H = H0), 
∀ t0, r, P, H, i. # t0 &lt; # branch(leaf, i0, t2) → (r ≠ null ∧ (tr(r, t0) * P)(H) → ⦉MAX#(r; i, H)⦊ ((tr(r, t0) * P)(H) ∧ i = max(t0))), r ≠ null, 
r1 ≠ null, t2 ≠ leaf, ((tr(r1, t2) * r =&gt; mknode(null, i0, r1)) * P)(H), (tr(r1, t2) * P * r =&gt; mknode(null, i0, r1))(H0), 
∀ r2. ¬ ((tr(r2, t2) * r =&gt; mknode(null, i0, r2)) * P)(H0)
⊦ 
</SEQ></SND></PAIR></LE></LIST></NEWGOALS><RULEARGS>[emptyarg]</RULEARGS><EXTRAS>[[CONCRETESIMPRULES : ([CSIMPSEQ :  ⊦ max(i, j) = max(j, i)])]]</EXTRAS></PROOFNODE>