<?xml version="1.0" encoding="UTF-8"?>
<?xml-stylesheet type="text/xsl" href="../../../../proofnode.xsl"?>
<PROOFNODE proofname="challenge2" previous="28"><NUM>27</NUM><TYPE>step</TYPE><INFO>User applied rule insert rewrite lemma</INFO><SEQ>〈MAX#(r1; j, H)〉 (j = max(t2) ∧ H = H0), ⦉MAX#(r1; j, H)⦊ ((tr(r1, t2) * P * r =&gt; mknode(null, i0, r1))(H) ∧ j = max(t2)), 
∀ t0, r, P, H, i. # t0 &lt; # branch(leaf, i0, t2) → (r ≠ null ∧ (tr(r, t0) * P)(H) → ⦉MAX#(r; i, H)⦊ ((tr(r, t0) * P)(H) ∧ i = max(t0))), r ≠ null, 
r1 ≠ null, ((tr(r1, t2) * r =&gt; mknode(null, i0, r1)) * P)(H), (tr(r1, t2) * P * r =&gt; mknode(null, i0, r1))(H0), 
(∀ r2. ¬ ((tr(r2, t2) * r =&gt; mknode(null, i0, r2)) * P)(H0)) ∨ max(i0, max(t2)) ≠ max(branch(leaf, i0, t2))
⊦ 
</SEQ><NEWGOALS><LIST><LE><PAIR><FST>24</FST><SND><SEQ> ⊦ t ≠ leaf → max(branch(leaf, i, t)) = max(i, max(t))</SEQ></SND></PAIR></LE><LE><PAIR><FST>26</FST><SND><SEQ>⦉MAX#(r1; j, H)⦊ ((tr(r1, t2) * P * r =&gt; mknode(null, i0, r1))(H) ∧ j = max(t2)), 〈MAX#(r1; j, H)〉 (j = max(t2) ∧ H = H0), 
∀ t0, r, P, H, i. # t0 &lt; # branch(leaf, i0, t2) → (r ≠ null ∧ (tr(r, t0) * P)(H) → ⦉MAX#(r; i, H)⦊ ((tr(r, t0) * P)(H) ∧ i = max(t0))), r ≠ null, 
r1 ≠ null, ((tr(r1, t2) * r =&gt; mknode(null, i0, r1)) * P)(H), (tr(r1, t2) * P * r =&gt; mknode(null, i0, r1))(H0), 
(∀ r2. ¬ ((tr(r2, t2) * r =&gt; mknode(null, i0, r2)) * P)(H0)) ∨ max(i0, max(t2)) ≠ max(i0, max(t2)), t2 ≠ leaf
⊦ 
</SEQ></SND></PAIR></LE></LIST></NEWGOALS><RULEARGS>[x0lemmaarg: spec-name: 
instance-name: 
lemma-name: max-rec1
antecedent: 
succedent: t ≠ leaf → max(branch(leaf, i, t)) = max(i, max(t))
substlist: [t, i] → [t2, i0]
add preconditions?: F
is rewrite lemma?: T
current spec?: T
rotate lemma?: F
replace all?: T
paths: ((0, 0, 7, 1, 1, 1, 0, 1, 1))
dummy: ()
]</RULEARGS><EXTRAS>[[CONCRETESIMPRULES : ([CSIMPSEQ : ⊦ 
                                   tr(r, leaf) = (emp ∧ ⌜r = null⌝ )], 
                       [CSIMPSEQ :  ⊦ ⌜false⌝  = false], 
                       [CSIMPSEQ :  ⊦ (false ∧ P) = false], 
                       [CSIMPSEQ : ⊦ 
                                   ((P0 ∧ P1) ∧ P2) = (P0 ∧ P1 ∧ P2)], 
                       [CSIMPSEQ :  ⊦ (P0 ∧ P1) = (P1 ∧ P0)], 
                       [CSIMPSEQ :  ⊦ false * P = false], 
                       [CSIMPSEQ :  ⊦ (P0 * P1) * P2 = P0 * P1 * P2], 
                       [CSIMPSEQ :  ⊦ P0 * P1 = P1 * P0], 
                       [CSIMPSEQ :  ⊦ ¬ false(H)])], 
 [EXTRATERMS : (t2, i0)]]</EXTRAS></PROOFNODE>