<?xml version="1.0" encoding="UTF-8"?>
<?xml-stylesheet type="text/xsl" href="../../../../proofnode.xsl"?>
<PROOFNODE proofname="challenge2" previous="30"><NUM>29</NUM><TYPE>step</TYPE><INFO>Heuristic symbolic execution applied rule assign right</INFO><SEQ>〈MAX#(r1; j, H)〉 (j = j0 ∧ H = H0), ⦉MAX#(r1; j, H)⦊ ((tr(r1, t2) * P * r =&gt; mknode(null, i0, r1))(H) ∧ j = max(t2)), 
∀ t0, r, P, H, i. # t0 &lt; # branch(leaf, i0, t2) → (r ≠ null ∧ (tr(r, t0) * P)(H) → ⦉MAX#(r; i, H)⦊ ((tr(r, t0) * P)(H) ∧ i = max(t0))), r ≠ null, 
r1 ≠ null, ((tr(r1, t2) * r =&gt; mknode(null, i0, r1)) * P)(H), (tr(r1, t2) * P * r =&gt; mknode(null, i0, r1))(H0), j0 = max(t2)
⊦ 
⦉i := max(i0, j0)⦊ ((∃ r2. ((tr(r2, t2) * r =&gt; mknode(null, i0, r2)) * P)(H0)) ∧ i = max(branch(leaf, i0, t2)))</SEQ><NEWGOALS><LIST><LE><PAIR><FST>28</FST><SND><SEQ>〈MAX#(r1; j, H)〉 (j = j0 ∧ H = H0), ⦉MAX#(r1; j, H)⦊ ((tr(r1, t2) * P * r =&gt; mknode(null, i0, r1))(H) ∧ j = max(t2)), 
∀ t0, r, P, H, i. # t0 &lt; # branch(leaf, i0, t2) → (r ≠ null ∧ (tr(r, t0) * P)(H) → ⦉MAX#(r; i, H)⦊ ((tr(r, t0) * P)(H) ∧ i = max(t0))), r ≠ null, 
r1 ≠ null, ((tr(r1, t2) * r =&gt; mknode(null, i0, r1)) * P)(H), (tr(r1, t2) * P * r =&gt; mknode(null, i0, r1))(H0), j0 = max(t2), 
(∀ r2. ¬ ((tr(r2, t2) * r =&gt; mknode(null, i0, r2)) * P)(H0)) ∨ max(i0, j0) ≠ max(branch(leaf, i0, t2))
⊦ 
</SEQ></SND></PAIR></LE></LIST></NEWGOALS><RULEARGS>[emptyarg]</RULEARGS><EXTRAS>[[CONCRETESIMPRULES : ()]]</EXTRAS></PROOFNODE>