<?xml version="1.0" encoding="UTF-8"?>
<?xml-stylesheet type="text/xsl" href="../../../../proofnode.xsl"?>
<PROOFNODE proofname="challenge2" previous="4"><NUM>3</NUM><TYPE>step</TYPE><INFO>Heuristic quantifier closing applied rule all left</INFO><SEQ>⦉MAX#(r0; j0, H)⦊ ((tr(r0, t1) * P * tr(r1, t2) * r =&gt; mknode(r0, i0, r1))(H) ∧ j0 = max(t1)), 〈MAX#(r0; j0, H)〉 (j0 = max(t1) ∧ H = H0), 
⦉MAX#(r1; j, H0)⦊ ((tr(r1, t2) * P * r =&gt; mknode(r0, i0, r1) * tr(r0, t1))(H0) ∧ j = max(t2)), 〈MAX#(r1; j, H0)〉 (j = max(t2) ∧ H0 = H1), 
∀ t0, r, P, H, i. # t0 &lt; # branch(t1, i0, t2) → (r ≠ null ∧ (tr(r, t0) * P)(H) → ⦉MAX#(r; i, H)⦊ ((tr(r, t0) * P)(H) ∧ i = max(t0))), r0 ≠ null, 
r ≠ null, r1 ≠ null, t1 ≠ leaf, t2 ≠ leaf, ((r =&gt; mknode(r0, i0, r1) * tr(r0, t1) * tr(r1, t2)) * P)(H), 
(tr(r0, t1) * P * tr(r1, t2) * r =&gt; mknode(r0, i0, r1))(H0), (tr(r1, t2) * P * r =&gt; mknode(r0, i0, r1) * tr(r0, t1))(H1), 
∀ r0, r1. ¬ ((r =&gt; mknode(r0, i0, r1) * tr(r0, t1) * tr(r1, t2)) * P)(H1)
⊦ 
</SEQ><NEWGOALS><LIST></LIST></NEWGOALS><RULEARGS>[EXRARG : pos: left 14, [QUANTTERMLIST : (r0, r1)]]</RULEARGS><EXTRAS>[[CONCRETESIMPRULES : ([CSIMPSEQ :  ⊦ (P0 * P1) * P2 = P0 * P1 * P2], 
                       [CSIMPSEQ :  ⊦ P0 * P1 = P1 * P0])], 
 [EXTRATERMS : (r0, r1)]]</EXTRAS></PROOFNODE>