<?xml version="1.0" encoding="UTF-8"?>
<?xml-stylesheet type="text/xsl" href="../../../../proofnode.xsl"?>
<PROOFNODE proofname="challenge2" previous="32"><NUM>31</NUM><TYPE>step</TYPE><INFO>Heuristic apply ind once applied rule apply induction</INFO><SEQ>∀ t0, r, P, H, i. # t0 &lt; # branch(leaf, i0, t2) → (r ≠ null ∧ (tr(r, t0) * P)(H) → ⦉MAX#(r; i, H)⦊ ((tr(r, t0) * P)(H) ∧ i = max(t0))), r ≠ null, 
r1 ≠ null, ((tr(r1, t2) * r =&gt; mknode(null, i0, r1)) * P)(H)
⊦ 
⦉MAX#(r1; j, H)⦊ ⦉i := max(i0, j)⦊ ((∃ r2. ((tr(r2, t2) * r =&gt; mknode(null, i0, r2)) * P)(H)) ∧ i = max(branch(leaf, i0, t2)))</SEQ><NEWGOALS><LIST><LE><PAIR><FST>30</FST><SND><SEQ>⦉MAX#(r1; j, H)⦊ ((tr(r1, t2) * P * r =&gt; mknode(null, i0, r1))(H) ∧ j = max(t2)), 
∀ t0, r, P, H, i. # t0 &lt; # branch(leaf, i0, t2) → (r ≠ null ∧ (tr(r, t0) * P)(H) → ⦉MAX#(r; i, H)⦊ ((tr(r, t0) * P)(H) ∧ i = max(t0))), r ≠ null, 
r1 ≠ null, ((tr(r1, t2) * r =&gt; mknode(null, i0, r1)) * P)(H)
⊦ 
⦉MAX#(r1; j, H)⦊ ⦉i := max(i0, j)⦊ ((∃ r2. ((tr(r2, t2) * r =&gt; mknode(null, i0, r2)) * P)(H)) ∧ i = max(branch(leaf, i0, t2)))</SEQ></SND></PAIR></LE></LIST></NEWGOALS><RULEARGS>[substlist-arg: [t0, r, P, H, i]
                → [t2, r1, P * r =&gt; mknode(null, i0, r1), H, j]
]</RULEARGS><EXTRAS>[[CONCRETESIMPRULES : ([CSIMPSEQ :  ⊦ P0 * P1 = P1 * P0], 
                       [CSIMPSEQ :  ⊦ (P0 * P1) * P2 = P0 * P1 * P2], 
                       [CSIMPSEQ : ⊦ 
                                     # branch(t, i, t0)
                                   = (# t + # t0) +1], 
                       [CSIMPSEQ :  ⊦ # leaf = 0], 
                       [CSIMPSEQ :  ⊦ 0 + m = m], 
                       [CSIMPSEQ :  ⊦ (m + n0) + n1 = m + n0 + n1], 
                       [CSIMPSEQ :  ⊦ m + n = n + m], 
                       [CSIMPSEQ :  ⊦ m +1 = m + 1], 
                       [CSIMPSEQ :  ⊦ m &lt; n + 1 ↔ ¬ n &lt; m], 
                       [CSIMPSEQ :  ⊦ ¬ n &lt; n])], 
 [EXTRATERMS : (t2, r1, P * r =&gt; mknode(null, i0, r1), H, j)]]</EXTRAS></PROOFNODE>