<?xml version="1.0" encoding="UTF-8"?>
<?xml-stylesheet type="text/xsl" href="../../../../proofnode.xsl"?>
<PROOFNODE proofname="challenge2" previous="36"><NUM>33</NUM><TYPE>step</TYPE><INFO>Heuristic symbolic execution applied rule vardecls right</INFO><SEQ>∀ t0, r, P, H, i. # t0 &lt; # branch(t1, i0, t2) → (r ≠ null ∧ (tr(r, t0) * P)(H) → ⦉MAX#(r; i, H)⦊ ((tr(r, t0) * P)(H) ∧ i = max(t0))), r ≠ null, 
((r =&gt; mknode(r0, i0, r1) * tr(r0, t1) * tr(r1, t2)) * P)(H), i = H[r] .val, H1 = H ∧ r2 = r, ¬ H1[r2] .left ≠ null, H1[r2] .right ≠ null
⊦ 
⦉let j = [?] in { 
                   MAX#(H1[r2] .right; j, H1) ; i := max(j, i)
                }⦊ ((∃ r0, r1. ((r =&gt; mknode(r0, i0, r1) * tr(r0, t1) * tr(r1, t2)) * P)(H1)) ∧ i = max(branch(t1, i0, t2)))</SEQ><NEWGOALS><LIST><LE><PAIR><FST>32</FST><SND><SEQ>∀ t0, r, P, H, i. # t0 &lt; # branch(t1, i0, t2) → (r ≠ null ∧ (tr(r, t0) * P)(H) → ⦉MAX#(r; i, H)⦊ ((tr(r, t0) * P)(H) ∧ i = max(t0))), r ≠ null, 
((r =&gt; mknode(r0, i0, r1) * tr(r0, t1) * tr(r1, t2)) * P)(H), i = H[r] .val, H1 = H ∧ r2 = r, ¬ H1[r2] .left ≠ null, H1[r2] .right ≠ null
⊦ 
∀ j0. 
 ⦉MAX#(H1[r2] .right; j0, H1) ; i := max(j0, i)⦊ 
     ((∃ r0, r1. ((r =&gt; mknode(r0, i0, r1) * tr(r0, t1) * tr(r1, t2)) * P)(H1)) ∧ i = max(branch(t1, i0, t2)))</SEQ></SND></PAIR></LE></LIST></NEWGOALS><RULEARGS>[emptyarg]</RULEARGS><EXTRAS>[[CONCRETESIMPRULES : ()]]</EXTRAS></PROOFNODE>