<?xml version="1.0" encoding="UTF-8"?>
<?xml-stylesheet type="text/xsl" href="../../../../proofnode.xsl"?>
<PROOFNODE proofname="challenge2" previous="36"><NUM>35</NUM><TYPE>step</TYPE><INFO>Heuristic symbolic execution applied rule skip right</INFO><SEQ>∀ t0, r, P, H, i. # t0 &lt; # branch(t1, i0, t2) → (r ≠ null ∧ (tr(r, t0) * P)(H) → ⦉MAX#(r; i, H)⦊ ((tr(r, t0) * P)(H) ∧ i = max(t0))), r ≠ null, 
((r =&gt; mknode(r0, i0, r1) * tr(r0, t1) * tr(r1, t2)) * P)(H), i = H[r] .val, H1 = H ∧ r2 = r, ¬ H1[r2] .left ≠ null, ¬ H1[r2] .right ≠ null
⊦ 
⦉skip⦊ ((∃ r0, r1. ((r =&gt; mknode(r0, i0, r1) * tr(r0, t1) * tr(r1, t2)) * P)(H1)) ∧ i = max(branch(t1, i0, t2)))</SEQ><NEWGOALS><LIST><LE><PAIR><FST>34</FST><SND><SEQ> ⊦ max(branch(leaf, i, leaf)) = i</SEQ></SND></PAIR></LE></LIST></NEWGOALS><RULEARGS>[emptyarg]</RULEARGS><EXTRAS>[[CONCRETESIMPRULES : ([CSIMPSEQ :  ⊦ P0 * P1 = P1 * P0], 
                       [CSIMPSEQ :  ⊦ (P0 * P1) * P2 = P0 * P1 * P2], 
                       [CSIMPSEQ :  ⊦ (r =&gt; nd * P)(H) → H[r] = nd], 
                       [CSIMPSEQ :  ⊦ mknode(r, i, r0) .left = r], 
                       [CSIMPSEQ :  ⊦ mknode(r, i, r0) .right = r0], 
                       [CSIMPSEQ :  ⊦ mknode(r, i, r0) .val = i], 
                       [CSIMPSEQ : ⊦ 
                                   tr(null, t) = (emp ∧ ⌜t = leaf⌝ )], 
                       [CSIMPSEQ : ⊦ 
                                   (⌜p⌝  ∧ P0) * P1 = (⌜p⌝  ∧ P0 * P1)], 
                       [CSIMPSEQ :  ⊦ emp * P = P], 
                       [CSIMPSEQ : ⊦ 
                                   ((P0 ∧ P1) ∧ P2) = (P0 ∧ P1 ∧ P2)], 
                       [CSIMPSEQ :  ⊦ (P0 ∧ P1) = (P1 ∧ P0)], 
                       [CSIMPSEQ : ⊦ 
                                   (P0 ∧ P1)(H) ↔ ¬ ¬ (P0(H) ∧ P1(H))], 
                       [CSIMPSEQ :  ⊦ ⌜bv⌝ (H) ↔ bv], 
                       [CSIMPSEQ : ⊦ 
                                   tr(r, leaf) = (emp ∧ ⌜r = null⌝ )])]]</EXTRAS></PROOFNODE>