<?xml version="1.0" encoding="UTF-8"?>
<?xml-stylesheet type="text/xsl" href="../../../../proofnode.xsl"?>
<PROOFNODE proofname="challenge2" previous="5"><NUM>4</NUM><TYPE>step</TYPE><INFO>Heuristic simplifier applied rule simplifier</INFO><SEQ>⦉MAX#(r0; j0, H)⦊ ((tr(r0, t1) * P * tr(r1, t2) * r =&gt; mknode(r0, i0, r1))(H) ∧ j0 = max(t1)), 〈MAX#(r0; j0, H)〉 (j0 = max(t1) ∧ H = H0), 
⦉MAX#(r1; j, H0)⦊ ((tr(r1, t2) * P * r =&gt; mknode(r0, i0, r1) * tr(r0, t1))(H0) ∧ j = max(t2)), 〈MAX#(r1; j, H0)〉 (j = max(t2) ∧ H0 = H1), 
∀ t0, r, P, H, i. # t0 &lt; # branch(t1, i0, t2) → (r ≠ null ∧ (tr(r, t0) * P)(H) → ⦉MAX#(r; i, H)⦊ ((tr(r, t0) * P)(H) ∧ i = max(t0))), r0 ≠ null, 
r ≠ null, r1 ≠ null, ((r =&gt; mknode(r0, i0, r1) * tr(r0, t1) * tr(r1, t2)) * P)(H), (tr(r0, t1) * P * tr(r1, t2) * r =&gt; mknode(r0, i0, r1))(H0), 
(tr(r1, t2) * P * r =&gt; mknode(r0, i0, r1) * tr(r0, t1))(H1), 
(∀ r0, r1. ¬ ((r =&gt; mknode(r0, i0, r1) * tr(r0, t1) * tr(r1, t2)) * P)(H1)) ∨ max(max(t2), max(i0, max(t1))) ≠ max(max(i0, max(t1)), max(t2)), 
t1 ≠ leaf, t2 ≠ leaf
⊦ 
</SEQ><NEWGOALS><LIST><LE><PAIR><FST>3</FST><SND><SEQ>⦉MAX#(r0; j0, H)⦊ ((tr(r0, t1) * P * tr(r1, t2) * r =&gt; mknode(r0, i0, r1))(H) ∧ j0 = max(t1)), 〈MAX#(r0; j0, H)〉 (j0 = max(t1) ∧ H = H0), 
⦉MAX#(r1; j, H0)⦊ ((tr(r1, t2) * P * r =&gt; mknode(r0, i0, r1) * tr(r0, t1))(H0) ∧ j = max(t2)), 〈MAX#(r1; j, H0)〉 (j = max(t2) ∧ H0 = H1), 
∀ t0, r, P, H, i. # t0 &lt; # branch(t1, i0, t2) → (r ≠ null ∧ (tr(r, t0) * P)(H) → ⦉MAX#(r; i, H)⦊ ((tr(r, t0) * P)(H) ∧ i = max(t0))), r0 ≠ null, 
r ≠ null, r1 ≠ null, t1 ≠ leaf, t2 ≠ leaf, ((r =&gt; mknode(r0, i0, r1) * tr(r0, t1) * tr(r1, t2)) * P)(H), 
(tr(r0, t1) * P * tr(r1, t2) * r =&gt; mknode(r0, i0, r1))(H0), (tr(r1, t2) * P * r =&gt; mknode(r0, i0, r1) * tr(r0, t1))(H1), 
∀ r0, r1. ¬ ((r =&gt; mknode(r0, i0, r1) * tr(r0, t1) * tr(r1, t2)) * P)(H1)
⊦ 
</SEQ></SND></PAIR></LE></LIST></NEWGOALS><RULEARGS>[emptyarg]</RULEARGS><EXTRAS>[[CONCRETESIMPRULES : ([CSIMPSEQ :  ⊦ max(i, j) = max(j, i)], 
                       [CSIMPSEQ : ⊦ 
                                     max(i, max(j, j0))
                                   = max(max(i, j), j0)])]]</EXTRAS></PROOFNODE>