<?xml version="1.0" encoding="UTF-8"?>
<?xml-stylesheet type="text/xsl" href="../../../../proofnode.xsl"?>
<PROOFNODE proofname="challenge2" previous="41"><NUM>40</NUM><TYPE>step</TYPE><INFO>Heuristic symbolic execution applied rule assign right</INFO><SEQ>∀ t0, r, P, H, i. # t0 &lt; # branch(t1, i0, t2) → (r ≠ null ∧ (tr(r, t0) * P)(H) → ⦉MAX#(r; i, H)⦊ ((tr(r, t0) * P)(H) ∧ i = max(t0))), r ≠ null, 
((r =&gt; mknode(r0, i0, r1) * tr(r0, t1) * tr(r1, t2)) * P)(H)
⊦ 
⦉i1 := H[r] .val⦊ 
    ⦉H0 := H, r0 := r ; 
     if H0[r0] .left ≠ null
     then let j = [?] in { 
                            MAX#(H0[r0] .left; j, H0) ; i1 := max(j, i1)
                         } ; 
     if H0[r0] .right ≠ null
     then let j = [?] in { 
                            MAX#(H0[r0] .right; j, H0) ; i1 := max(j, i1)
                         }⦊ ((∃ r0, r1. ((r =&gt; mknode(r0, i0, r1) * tr(r0, t1) * tr(r1, t2)) * P)(H0)) ∧ i1 = max(branch(t1, i0, t2)))</SEQ><NEWGOALS><LIST><LE><PAIR><FST>39</FST><SND><SEQ>∀ t0, r, P, H, i. # t0 &lt; # branch(t1, i0, t2) → (r ≠ null ∧ (tr(r, t0) * P)(H) → ⦉MAX#(r; i, H)⦊ ((tr(r, t0) * P)(H) ∧ i = max(t0))), r ≠ null, 
((r =&gt; mknode(r0, i0, r1) * tr(r0, t1) * tr(r1, t2)) * P)(H), i = H[r] .val
⊦ 
⦉H0 := H, r0 := r⦊ 
    ⦉if H0[r0] .left ≠ null
     then let j = [?] in { 
                            MAX#(H0[r0] .left; j, H0) ; i := max(j, i)
                         }⦊ 
        ⦉if H0[r0] .right ≠ null
         then let j = [?] in { 
                                MAX#(H0[r0] .right; j, H0) ; i := max(j, i)
                             }⦊ ((∃ r0, r1. ((r =&gt; mknode(r0, i0, r1) * tr(r0, t1) * tr(r1, t2)) * P)(H0)) ∧ i = max(branch(t1, i0, t2)))</SEQ></SND></PAIR></LE></LIST></NEWGOALS><RULEARGS>[emptyarg]</RULEARGS><EXTRAS>[[CONCRETESIMPRULES : ()]]</EXTRAS></PROOFNODE>