<?xml version="1.0" encoding="UTF-8"?>
<?xml-stylesheet type="text/xsl" href="../../../../proofnode.xsl"?>
<PROOFNODE proofname="challenge2" previous="43"><NUM>42</NUM><TYPE>step</TYPE><INFO>Heuristic simplifier applied rule simplifier</INFO><SEQ>∀ t0, r, P, H, i. # t0 &lt; # t → (r ≠ null ∧ (tr(r, t0) * P)(H) → ⦉MAX#(r; i, H)⦊ ((tr(r, t0) * P)(H) ∧ i = max(t0))), r ≠ null, (tr(r, t) * P)(H), 
t = branch(t1, i0, t2)
⊦ 
⦉MAX#(r; i, H)⦊ ((tr(r, t) * P)(H) ∧ i = max(t))</SEQ><NEWGOALS><LIST><LE><PAIR><FST>41</FST><SND><SEQ>∀ t0, r, P, H, i. # t0 &lt; # branch(t1, i0, t2) → (r ≠ null ∧ (tr(r, t0) * P)(H) → ⦉MAX#(r; i, H)⦊ ((tr(r, t0) * P)(H) ∧ i = max(t0))), r ≠ null, 
((r =&gt; mknode(r0, i0, r1) * tr(r0, t1) * tr(r1, t2)) * P)(H)
⊦ 
⦉MAX#(r; i, H)⦊ ((∃ r0, r1. ((r =&gt; mknode(r0, i0, r1) * tr(r0, t1) * tr(r1, t2)) * P)(H)) ∧ i = max(branch(t1, i0, t2)))</SEQ></SND></PAIR></LE></LIST></NEWGOALS><RULEARGS>[emptyarg]</RULEARGS><EXTRAS>[[CONCRETESIMPRULES : ([CSIMPSEQ :  ⊦ P0 * P1 = P1 * P0], 
                       [CSIMPSEQ :  ⊦ (P0 * P1) * P2 = P0 * P1 * P2], 
                       [CSIMPSEQ : ⊦ 
                                     (_∃ rrP * P)(H)
                                   ↔ (∃ r0, r1. (rrP(r0, r1) * P)(H))], 
                       [CSIMPSEQ : ⊦ 
                                     tr(r, branch(t0, i, t1))
                                   = _∃
                                     λ r0, r1. 
                                        r =&gt; mknode(r0, i, r1)
                                      * tr(r0, t0)
                                      * tr(r1, t1)])]]</EXTRAS></PROOFNODE>