<?xml version="1.0" encoding="UTF-8"?>
<?xml-stylesheet type="text/xsl" href="../../../../proofnode.xsl"?>
<PROOFNODE proofname="challenge2" previous="44"><NUM>43</NUM><TYPE>step</TYPE><INFO>User applied rule constructor cut</INFO><SEQ>∀ t0, r, P, H, i. # t0 &lt; # t → (r ≠ null ∧ (tr(r, t0) * P)(H) → ⦉MAX#(r; i, H)⦊ ((tr(r, t0) * P)(H) ∧ i = max(t0))), r ≠ null, (tr(r, t) * P)(H)
⊦ 
⦉MAX#(r; i, H)⦊ ((tr(r, t) * P)(H) ∧ i = max(t))</SEQ><NEWGOALS><LIST><LE><PAIR><FST>42</FST><SND><SEQ>∀ t0, r, P, H, i. # t0 &lt; # t → (r ≠ null ∧ (tr(r, t0) * P)(H) → ⦉MAX#(r; i, H)⦊ ((tr(r, t0) * P)(H) ∧ i = max(t0))), r ≠ null, (tr(r, t) * P)(H), 
t = branch(t1, i0, t2)
⊦ 
⦉MAX#(r; i, H)⦊ ((tr(r, t) * P)(H) ∧ i = max(t))</SEQ></SND></PAIR></LE></LIST></NEWGOALS><RULEARGS>[var-arg: t]</RULEARGS><EXTRAS>[[CONCRETESIMPRULES : ([CSIMPGEN : tree generated by leaf, branch;], 
                       [CSIMPSEQ : ⊦ 
                                   tr(r, leaf) = (emp ∧ ⌜r = null⌝ )], 
                       [CSIMPSEQ :  ⊦ ⌜false⌝  = false], 
                       [CSIMPSEQ :  ⊦ (false ∧ P) = false], 
                       [CSIMPSEQ : ⊦ 
                                   ((P0 ∧ P1) ∧ P2) = (P0 ∧ P1 ∧ P2)], 
                       [CSIMPSEQ :  ⊦ (P0 ∧ P1) = (P1 ∧ P0)], 
                       [CSIMPSEQ :  ⊦ false * P = false], 
                       [CSIMPSEQ :  ⊦ (P0 * P1) * P2 = P0 * P1 * P2], 
                       [CSIMPSEQ :  ⊦ P0 * P1 = P1 * P0], 
                       [CSIMPSEQ :  ⊦ ¬ false(H)])]]</EXTRAS></PROOFNODE>