<?xml version="1.0" encoding="UTF-8"?>
<?xml-stylesheet type="text/xsl" href="../../../../proofnode.xsl"?>
<PROOFNODE proofname="challenge2"><NUM>44</NUM><TYPE>step</TYPE><INFO>User applied rule induction</INFO><SEQ>r ≠ null, (tr(r, t) * P)(H) ⊦ ⦉MAX#(r; i, H)⦊ ((tr(r, t) * P)(H) ∧ i = max(t))</SEQ><NEWGOALS><LIST><LE><PAIR><FST>43</FST><SND><SEQ>∀ t0, r, P, H, i. # t0 &lt; # t → (r ≠ null ∧ (tr(r, t0) * P)(H) → ⦉MAX#(r; i, H)⦊ ((tr(r, t0) * P)(H) ∧ i = max(t0))), r ≠ null, (tr(r, t) * P)(H)
⊦ 
⦉MAX#(r; i, H)⦊ ((tr(r, t) * P)(H) ∧ i = max(t))</SEQ></SND></PAIR></LE></LIST></NEWGOALS><RULEARGS>[INDHYPARG : [STANDARDINDUCTIONTYPE : ], true, false, # t, [] → [], &lt;]</RULEARGS><EXTRAS>[[CONCRETESIMPRULES : ([CSIMPLESSPRED : &lt;])], [EXTRATERMS : (# t)]]</EXTRAS></PROOFNODE>