<?xml version="1.0" encoding="UTF-8"?>
<?xml-stylesheet type="text/xsl" href="../../../../proofnode.xsl"?>
<PROOFNODE proofname="challenge2" previous="6"><NUM>5</NUM><TYPE>step</TYPE><INFO>User applied rule insert rewrite lemma</INFO><SEQ>〈MAX#(r1; j, H0)〉 (j = max(t2) ∧ H0 = H1), ⦉MAX#(r1; j, H0)⦊ ((tr(r1, t2) * P * r =&gt; mknode(r0, i0, r1) * tr(r0, t1))(H0) ∧ j = max(t2)), 
〈MAX#(r0; j0, H)〉 (j0 = max(t1) ∧ H = H0), ⦉MAX#(r0; j0, H)⦊ ((tr(r0, t1) * P * tr(r1, t2) * r =&gt; mknode(r0, i0, r1))(H) ∧ j0 = max(t1)), 
∀ t0, r, P, H, i. # t0 &lt; # branch(t1, i0, t2) → (r ≠ null ∧ (tr(r, t0) * P)(H) → ⦉MAX#(r; i, H)⦊ ((tr(r, t0) * P)(H) ∧ i = max(t0))), r0 ≠ null, 
r ≠ null, r1 ≠ null, ((r =&gt; mknode(r0, i0, r1) * tr(r0, t1) * tr(r1, t2)) * P)(H), (tr(r0, t1) * P * tr(r1, t2) * r =&gt; mknode(r0, i0, r1))(H0), 
(tr(r1, t2) * P * r =&gt; mknode(r0, i0, r1) * tr(r0, t1))(H1), 
(∀ r0, r1. ¬ ((r =&gt; mknode(r0, i0, r1) * tr(r0, t1) * tr(r1, t2)) * P)(H1)) ∨ max(max(t2), max(i0, max(t1))) ≠ max(branch(t1, i0, t2))
⊦ 
</SEQ><NEWGOALS><LIST><LE><PAIR><FST>2</FST><SND><SEQ> ⊦ t ≠ leaf ∧ t0 ≠ leaf → max(branch(t, i, t0)) = max(max(i, max(t)), max(t0))</SEQ></SND></PAIR></LE><LE><PAIR><FST>4</FST><SND><SEQ>⦉MAX#(r0; j0, H)⦊ ((tr(r0, t1) * P * tr(r1, t2) * r =&gt; mknode(r0, i0, r1))(H) ∧ j0 = max(t1)), 〈MAX#(r0; j0, H)〉 (j0 = max(t1) ∧ H = H0), 
⦉MAX#(r1; j, H0)⦊ ((tr(r1, t2) * P * r =&gt; mknode(r0, i0, r1) * tr(r0, t1))(H0) ∧ j = max(t2)), 〈MAX#(r1; j, H0)〉 (j = max(t2) ∧ H0 = H1), 
∀ t0, r, P, H, i. # t0 &lt; # branch(t1, i0, t2) → (r ≠ null ∧ (tr(r, t0) * P)(H) → ⦉MAX#(r; i, H)⦊ ((tr(r, t0) * P)(H) ∧ i = max(t0))), r0 ≠ null, 
r ≠ null, r1 ≠ null, ((r =&gt; mknode(r0, i0, r1) * tr(r0, t1) * tr(r1, t2)) * P)(H), (tr(r0, t1) * P * tr(r1, t2) * r =&gt; mknode(r0, i0, r1))(H0), 
(tr(r1, t2) * P * r =&gt; mknode(r0, i0, r1) * tr(r0, t1))(H1), 
(∀ r0, r1. ¬ ((r =&gt; mknode(r0, i0, r1) * tr(r0, t1) * tr(r1, t2)) * P)(H1)) ∨ max(max(t2), max(i0, max(t1))) ≠ max(max(i0, max(t1)), max(t2)), 
t1 ≠ leaf, t2 ≠ leaf
⊦ 
</SEQ></SND></PAIR></LE></LIST></NEWGOALS><RULEARGS>[x0lemmaarg: spec-name: 
instance-name: 
lemma-name: max-rec
antecedent: 
succedent:   t ≠ leaf ∧ t0 ≠ leaf
           → max(branch(t, i, t0)) = max(max(i, max(t)), max(t0))
substlist: [t0, i, t] → [t2, i0, t1]
add preconditions?: F
is rewrite lemma?: T
current spec?: T
rotate lemma?: F
replace all?: T
paths: ((0, 0, 11, 1, 1, 1, 0, 1, 1))
dummy: ()
]</RULEARGS><EXTRAS>[[CONCRETESIMPRULES : ([CSIMPSEQ : ⊦ 
                                   tr(r, leaf) = (emp ∧ ⌜r = null⌝ )], 
                       [CSIMPSEQ :  ⊦ ⌜false⌝  = false], 
                       [CSIMPSEQ :  ⊦ (false ∧ P) = false], 
                       [CSIMPSEQ : ⊦ 
                                   ((P0 ∧ P1) ∧ P2) = (P0 ∧ P1 ∧ P2)], 
                       [CSIMPSEQ :  ⊦ (P0 ∧ P1) = (P1 ∧ P0)], 
                       [CSIMPSEQ :  ⊦ false * P = false], 
                       [CSIMPSEQ :  ⊦ (P0 * P1) * P2 = P0 * P1 * P2], 
                       [CSIMPSEQ :  ⊦ P0 * P1 = P1 * P0], 
                       [CSIMPSEQ :  ⊦ ¬ false(H)])], 
 [EXTRATERMS : (t2, i0, t1)]]</EXTRAS></PROOFNODE>