<?xml version="1.0" encoding="UTF-8"?>
<?xml-stylesheet type="text/xsl" href="../../../../proofnode.xsl"?>
<PROOFNODE proofname="challenge2" previous="10"><NUM>9</NUM><TYPE>step</TYPE><INFO>User applied rule apply induction</INFO><SEQ>〈MAX#(r0; j0, H)〉 (j0 = max(t1) ∧ H = H0), ⦉MAX#(r0; j0, H)⦊ ((tr(r0, t1) * P * tr(r1, t2) * r =&gt; mknode(r0, i0, r1))(H) ∧ j0 = max(t1)), 
∀ t0, r, P, H, i. # t0 &lt; # branch(t1, i0, t2) → (r ≠ null ∧ (tr(r, t0) * P)(H) → ⦉MAX#(r; i, H)⦊ ((tr(r, t0) * P)(H) ∧ i = max(t0))), r0 ≠ null, 
r ≠ null, r1 ≠ null, ((r =&gt; mknode(r0, i0, r1) * tr(r0, t1) * tr(r1, t2)) * P)(H), (tr(r0, t1) * P * tr(r1, t2) * r =&gt; mknode(r0, i0, r1))(H0)
⊦ 
⦉MAX#(r1; j, H0)⦊ 
    ⦉i1 := max(j, max(i0, max(t1)))⦊ ((∃ r0, r1. ((r =&gt; mknode(r0, i0, r1) * tr(r0, t1) * tr(r1, t2)) * P)(H0)) ∧ i1 = max(branch(t1, i0, t2)))</SEQ><NEWGOALS><LIST><LE><PAIR><FST>8</FST><SND><SEQ>⦉MAX#(r1; j, H0)⦊ ((tr(r1, t2) * P * r =&gt; mknode(r0, i0, r1) * tr(r0, t1))(H0) ∧ j = max(t2)), 〈MAX#(r0; j0, H)〉 (j0 = max(t1) ∧ H = H0), 
⦉MAX#(r0; j0, H)⦊ ((tr(r0, t1) * P * tr(r1, t2) * r =&gt; mknode(r0, i0, r1))(H) ∧ j0 = max(t1)), 
∀ t0, r, P, H, i. # t0 &lt; # branch(t1, i0, t2) → (r ≠ null ∧ (tr(r, t0) * P)(H) → ⦉MAX#(r; i, H)⦊ ((tr(r, t0) * P)(H) ∧ i = max(t0))), r0 ≠ null, 
r ≠ null, r1 ≠ null, ((r =&gt; mknode(r0, i0, r1) * tr(r0, t1) * tr(r1, t2)) * P)(H), (tr(r0, t1) * P * tr(r1, t2) * r =&gt; mknode(r0, i0, r1))(H0)
⊦ 
⦉MAX#(r1; j, H0)⦊ 
    ⦉i1 := max(j, max(i0, max(t1)))⦊ ((∃ r0, r1. ((r =&gt; mknode(r0, i0, r1) * tr(r0, t1) * tr(r1, t2)) * P)(H0)) ∧ i1 = max(branch(t1, i0, t2)))</SEQ></SND></PAIR></LE></LIST></NEWGOALS><RULEARGS>[substlist-arg: [t0, r, P, H, i]
                → [t2, r1, P * r =&gt; mknode(r0, i0, r1) * tr(r0, t1), 
                   H0, j]
]</RULEARGS><EXTRAS>[[CONCRETESIMPRULES : ([CSIMPSEQ :  ⊦ P0 * P1 = P1 * P0], 
                       [CSIMPSEQ :  ⊦ (P0 * P1) * P2 = P0 * P1 * P2], 
                       [CSIMPSEQ : ⊦ 
                                     # branch(t, i, t0)
                                   = (# t + # t0) +1], 
                       [CSIMPSEQ :  ⊦ m +1 = m + 1], 
                       [CSIMPSEQ :  ⊦ m &lt; n + 1 ↔ ¬ n &lt; m], 
                       [CSIMPSEQ :  ⊦ ¬ m + n &lt; m], 
                       [CSIMPSEQ :  ⊦ (m + n0) + n1 = m + n0 + n1], 
                       [CSIMPSEQ :  ⊦ m + n = n + m])], 
 [EXTRATERMS : (t2, r1, P * r =&gt; mknode(r0, i0, r1) * tr(r0, t1), H0, 
                j)]]</EXTRAS></PROOFNODE>