<?xml version="1.0" encoding="UTF-8"?>
<?xml-stylesheet type="text/xsl" href="../../../../longlemmainfo.xsl"?>
<LONGLEMMAINFO name="challenge2"><LEMMAINFO state="proved"><LEMMANAME>challenge2</LEMMANAME><LEMMAGOAL><SEQGOAL><GOALSEQ><SEQ>r ≠ null, (tr(r, t) * P)(H) ⊦ ⦉MAX#(r; i, H)⦊ ((tr(r, t) * P)(H) ∧ i = max(t))</SEQ></GOALSEQ></SEQGOAL></LEMMAGOAL><LEMMATYPE><USERLEMMA/></LEMMATYPE><USEDLEMMAS><LIST><LE>max-base</LE><LE>max-rec1</LE><LE>max-rec2</LE><LE>max-rec</LE><LE>max-spec</LE></LIST></USEDLEMMAS><SIDEGOALS><LIST></LIST></SIDEGOALS><MAINGOALS><LIST></LIST></MAINGOALS><USERACTIONS>6</USERACTIONS><PROOFSTEPS>39</PROOFSTEPS><PROVED><T/></PROVED><PROOFEXISTS><T/></PROOFEXISTS><PROOFFILENAME>challenge2-proof</PROOFFILENAME><LEMMAPROOFBAG><DUMMY/></LEMMAPROOFBAG><SAVETREE><F/></SAVETREE><INFOFILENAME>challenge2-proof-info</INFOFILENAME><LEMMAPROOFINFOBAG><DUMMY/></LEMMAPROOFINFOBAG><SAVEINFOS><F/></SAVEINFOS><PRECHARTS><LIST></LIST></PRECHARTS><EXTRALISLOT2><LIST></LIST></EXTRALISLOT2></LEMMAINFO><VALIDITY>The proof is valid.</VALIDITY><FEATURES><LIST></LIST></FEATURES><HISTORY><LIST></LIST></HISTORY><USEDBY><LIST></LIST></USEDBY><USEDBYUNITS><LIST></LIST></USEDBYUNITS><COMMENT></COMMENT><USED_SPECLEMS></USED_SPECLEMS><USED_SIMPRULES><USED_SEQ><SPECNAME><HTMLLINK><HTMLTARGET>../../../../../datastructures/specs/tree/export/unit.xml</HTMLTARGET><HTMLSTRING>tree</HTMLSTRING></HTMLLINK></SPECNAME><INSTNAME>int-tree</INSTNAME><LEMNAME><HTMLLINK><HTMLTARGET>../../../../../datastructures/specs/tree/export/size-01/longlemmainfo.xml</HTMLTARGET><HTMLSTRING>size-01</HTMLSTRING></HTMLLINK></LEMNAME></USED_SEQ><USED_SEQ><SPECNAME><HTMLLINK><HTMLTARGET>../../../../../lib/basic/specs/nat-basic2/export/unit.xml</HTMLTARGET><HTMLSTRING>nat-basic2</HTMLSTRING></HTMLLINK></SPECNAME><INSTNAME>int-tree</INSTNAME><LEMNAME><HTMLLINK><HTMLTARGET>../../../../../lib/basic/specs/nat-basic2/export/z/longlemmainfo.xml</HTMLTARGET><HTMLSTRING>z</HTMLSTRING></HTMLLINK></LEMNAME></USED_SEQ><USED_SEQ><SPECNAME><HTMLLINK><HTMLTARGET>../../../../../lib/basic/specs/nat-basic1/export/unit.xml</HTMLTARGET><HTMLSTRING>nat-basic1</HTMLSTRING></HTMLLINK></SPECNAME><INSTNAME>int-tree-maplet-exec-inst</INSTNAME><LEMNAME><HTMLLINK><HTMLTARGET>../../../../../lib/basic/specs/nat-basic1/export/ref-1/longlemmainfo.xml</HTMLTARGET><HTMLSTRING>ref-1</HTMLSTRING></HTMLLINK></LEMNAME></USED_SEQ><USED_SEQ><SPECNAME><HTMLLINK><HTMLTARGET>../../../../../lib/separation/specs/heap-sep/export/unit.xml</HTMLTARGET><HTMLSTRING>heap-sep</HTMLSTRING></HTMLLINK></SPECNAME><INSTNAME>heap-sep-inst</INSTNAME><LEMNAME><HTMLLINK><HTMLTARGET>../../../../../lib/separation/specs/heap-sep/export/true-and/longlemmainfo.xml</HTMLTARGET><HTMLSTRING>true-and</HTMLSTRING></HTMLLINK></LEMNAME></USED_SEQ><USED_SEQ><SPECNAME><HTMLLINK><HTMLTARGET>../../../../../lib/separation/specs/heap-sep/export/unit.xml</HTMLTARGET><HTMLSTRING>heap-sep</HTMLSTRING></HTMLLINK></SPECNAME><INSTNAME>heap-sep-inst</INSTNAME><LEMNAME><HTMLLINK><HTMLTARGET>../../../../../lib/separation/specs/heap-sep/export/true-rev/longlemmainfo.xml</HTMLTARGET><HTMLSTRING>true-rev</HTMLSTRING></HTMLLINK></LEMNAME></USED_SEQ><USED_SEQ><SPECNAME><HTMLLINK><HTMLTARGET>../../../../../lib/separation/specs/heap-sep/export/unit.xml</HTMLTARGET><HTMLSTRING>heap-sep</HTMLSTRING></HTMLLINK></SPECNAME><INSTNAME>heap-sep-inst</INSTNAME><LEMNAME><HTMLLINK><HTMLTARGET>../../../../../lib/separation/specs/heap-sep/export/prop/longlemmainfo.xml</HTMLTARGET><HTMLSTRING>prop</HTMLSTRING></HTMLLINK></LEMNAME></USED_SEQ><USED_SEQ><SPECNAME><HTMLLINK><HTMLTARGET>../../../../../lib/separation/specs/heap-sep/export/unit.xml</HTMLTARGET><HTMLSTRING>heap-sep</HTMLSTRING></HTMLLINK></SPECNAME><INSTNAME>heap-sep-inst</INSTNAME><LEMNAME><HTMLLINK><HTMLTARGET>../../../../../lib/separation/specs/heap-sep/export/and/longlemmainfo.xml</HTMLTARGET><HTMLSTRING>and</HTMLSTRING></HTMLLINK></LEMNAME></USED_SEQ><USED_SEQ><SPECNAME><HTMLLINK><HTMLTARGET>../../../../../lib/separation/specs/heap-sep/export/unit.xml</HTMLTARGET><HTMLSTRING>heap-sep</HTMLSTRING></HTMLLINK></SPECNAME><INSTNAME>heap-sep-inst</INSTNAME><LEMNAME><HTMLLINK><HTMLTARGET>../../../../../lib/separation/specs/heap-sep/export/emp-sep/longlemmainfo.xml</HTMLTARGET><HTMLSTRING>emp-sep</HTMLSTRING></HTMLLINK></LEMNAME></USED_SEQ><USED_SEQ><SPECNAME><HTMLLINK><HTMLTARGET>../../../../../lib/separation/specs/heap-sep/export/unit.xml</HTMLTARGET><HTMLSTRING>heap-sep</HTMLSTRING></HTMLLINK></SPECNAME><INSTNAME>heap-sep-inst</INSTNAME><LEMNAME><HTMLLINK><HTMLTARGET>../../../../../lib/separation/specs/heap-sep/export/prop-shift/longlemmainfo.xml</HTMLTARGET><HTMLSTRING>prop-shift</HTMLSTRING></HTMLLINK></LEMNAME></USED_SEQ><USED_SEQ><SPECNAME><HTMLLINK><HTMLTARGET>../../../../../datastructures/specs/linked-tree/export/unit.xml</HTMLTARGET><HTMLSTRING>linked-tree</HTMLSTRING></HTMLLINK></SPECNAME><INSTNAME>int-tree</INSTNAME><LEMNAME><HTMLLINK><HTMLTARGET>../../../../../datastructures/specs/linked-tree/export/tr-null/longlemmainfo.xml</HTMLTARGET><HTMLSTRING>tr-null</HTMLSTRING></HTMLLINK></LEMNAME></USED_SEQ><USED_SEQ><SPECNAME><HTMLLINK><HTMLTARGET>../../../../../lib/basic/specs/int-min/export/unit.xml</HTMLTARGET><HTMLSTRING>int-min</HTMLSTRING></HTMLLINK></SPECNAME><INSTNAME></INSTNAME><LEMNAME><HTMLLINK><HTMLTARGET>../../../../../lib/basic/specs/int-min/export/max-c/longlemmainfo.xml</HTMLTARGET><HTMLSTRING>max-c</HTMLSTRING></HTMLLINK></LEMNAME></USED_SEQ><USED_SEQ><SPECNAME><HTMLLINK><HTMLTARGET>../../../../../lib/basic/specs/int-min/export/unit.xml</HTMLTARGET><HTMLSTRING>int-min</HTMLSTRING></HTMLLINK></SPECNAME><INSTNAME></INSTNAME><LEMNAME><HTMLLINK><HTMLTARGET>../../../../../lib/basic/specs/int-min/export/max-a/longlemmainfo.xml</HTMLTARGET><HTMLSTRING>max-a</HTMLSTRING></HTMLLINK></LEMNAME></USED_SEQ><USED_SEQ><SPECNAME><HTMLLINK><HTMLTARGET>../../../../../datastructures/specs/node/export/unit.xml</HTMLTARGET><HTMLSTRING>node</HTMLSTRING></HTMLLINK></SPECNAME><INSTNAME>int-tree</INSTNAME><LEMNAME><HTMLLINK><HTMLTARGET>../../../../../datastructures/specs/node/export/sel-05/longlemmainfo.xml</HTMLTARGET><HTMLSTRING>sel-05</HTMLSTRING></HTMLLINK></LEMNAME></USED_SEQ><USED_SEQ><SPECNAME><HTMLLINK><HTMLTARGET>../../../../../datastructures/specs/tree/export/unit.xml</HTMLTARGET><HTMLSTRING>tree</HTMLSTRING></HTMLLINK></SPECNAME><INSTNAME>int-tree</INSTNAME><LEMNAME><HTMLLINK><HTMLTARGET>../../../../../datastructures/specs/tree/export/size-02/longlemmainfo.xml</HTMLTARGET><HTMLSTRING>size-02</HTMLSTRING></HTMLLINK></LEMNAME></USED_SEQ><USED_SEQ><SPECNAME><HTMLLINK><HTMLTARGET>../../../../../lib/basic/specs/nat-basic2/export/unit.xml</HTMLTARGET><HTMLSTRING>nat-basic2</HTMLSTRING></HTMLLINK></SPECNAME><INSTNAME>int-tree</INSTNAME><LEMNAME><HTMLLINK><HTMLTARGET>../../../../../lib/basic/specs/nat-basic2/export/succ/longlemmainfo.xml</HTMLTARGET><HTMLSTRING>succ</HTMLSTRING></HTMLLINK></LEMNAME></USED_SEQ><USED_SEQ><SPECNAME><HTMLLINK><HTMLTARGET>../../../../../lib/basic/specs/nat-basic2/export/unit.xml</HTMLTARGET><HTMLSTRING>nat-basic2</HTMLSTRING></HTMLLINK></SPECNAME><INSTNAME>int-tree</INSTNAME><LEMNAME><HTMLLINK><HTMLTARGET>../../../../../lib/basic/specs/nat-basic2/export/s/longlemmainfo.xml</HTMLTARGET><HTMLSTRING>s</HTMLSTRING></HTMLLINK></LEMNAME></USED_SEQ><USED_SEQ><SPECNAME><HTMLLINK><HTMLTARGET>../../../../../lib/basic/specs/nat-basic2/export/unit.xml</HTMLTARGET><HTMLSTRING>nat-basic2</HTMLSTRING></HTMLLINK></SPECNAME><INSTNAME>int-tree</INSTNAME><LEMNAME><HTMLLINK><HTMLTARGET>../../../../../lib/basic/specs/nat-basic2/export/l-02/longlemmainfo.xml</HTMLTARGET><HTMLSTRING>l-02</HTMLSTRING></HTMLLINK></LEMNAME></USED_SEQ><USED_SEQ><SPECNAME><HTMLLINK><HTMLTARGET>../../../../../lib/basic/specs/nat-basic2/export/unit.xml</HTMLTARGET><HTMLSTRING>nat-basic2</HTMLSTRING></HTMLLINK></SPECNAME><INSTNAME>int-tree</INSTNAME><LEMNAME><HTMLLINK><HTMLTARGET>../../../../../lib/basic/specs/nat-basic2/export/a/longlemmainfo.xml</HTMLTARGET><HTMLSTRING>a</HTMLSTRING></HTMLLINK></LEMNAME></USED_SEQ><USED_SEQ><SPECNAME><HTMLLINK><HTMLTARGET>../../../../../lib/basic/specs/nat-basic2/export/unit.xml</HTMLTARGET><HTMLSTRING>nat-basic2</HTMLSTRING></HTMLLINK></SPECNAME><INSTNAME>int-tree</INSTNAME><LEMNAME><HTMLLINK><HTMLTARGET>../../../../../lib/basic/specs/nat-basic2/export/c/longlemmainfo.xml</HTMLTARGET><HTMLSTRING>c</HTMLSTRING></HTMLLINK></LEMNAME></USED_SEQ><USED_SEQ><SPECNAME><HTMLLINK><HTMLTARGET>../../../../../datastructures/specs/node/export/unit.xml</HTMLTARGET><HTMLSTRING>node</HTMLSTRING></HTMLLINK></SPECNAME><INSTNAME>int-tree</INSTNAME><LEMNAME><HTMLLINK><HTMLTARGET>../../../../../datastructures/specs/node/export/sel-04/longlemmainfo.xml</HTMLTARGET><HTMLSTRING>sel-04</HTMLSTRING></HTMLLINK></LEMNAME></USED_SEQ><USED_SEQ><SPECNAME><HTMLLINK><HTMLTARGET>../../../../../datastructures/specs/node/export/unit.xml</HTMLTARGET><HTMLSTRING>node</HTMLSTRING></HTMLLINK></SPECNAME><INSTNAME>int-tree</INSTNAME><LEMNAME><HTMLLINK><HTMLTARGET>../../../../../datastructures/specs/node/export/sel-03/longlemmainfo.xml</HTMLTARGET><HTMLSTRING>sel-03</HTMLSTRING></HTMLLINK></LEMNAME></USED_SEQ><USED_SEQ><SPECNAME><HTMLLINK><HTMLTARGET>../../../../../lib/separation/specs/maplet/export/unit.xml</HTMLTARGET><HTMLSTRING>maplet</HTMLSTRING></HTMLLINK></SPECNAME><INSTNAME>node-heap-maplet-exec-inst</INSTNAME><LEMNAME><HTMLLINK><HTMLTARGET>../../../../../lib/separation/specs/maplet/export/at-rewrite/longlemmainfo.xml</HTMLTARGET><HTMLSTRING>at-rewrite</HTMLSTRING></HTMLLINK></LEMNAME></USED_SEQ><USED_SEQ><SPECNAME><HTMLLINK><HTMLTARGET>../../../../../lib/separation/specs/maplet/export/unit.xml</HTMLTARGET><HTMLSTRING>maplet</HTMLSTRING></HTMLLINK></SPECNAME><INSTNAME>node-heap-maplet-exec-inst</INSTNAME><LEMNAME><HTMLLINK><HTMLTARGET>../../../../../lib/separation/specs/maplet/export/ex2-shift/longlemmainfo.xml</HTMLTARGET><HTMLSTRING>ex2-shift</HTMLSTRING></HTMLLINK></LEMNAME></USED_SEQ><USED_SEQ><SPECNAME><HTMLLINK><HTMLTARGET>../../../../../datastructures/specs/linked-tree/export/unit.xml</HTMLTARGET><HTMLSTRING>linked-tree</HTMLSTRING></HTMLLINK></SPECNAME><INSTNAME>int-tree</INSTNAME><LEMNAME><HTMLLINK><HTMLTARGET>../../../../../datastructures/specs/linked-tree/export/tr-rec/longlemmainfo.xml</HTMLTARGET><HTMLSTRING>tr-rec</HTMLSTRING></HTMLLINK></LEMNAME></USED_SEQ><USED_SEQ><SPECNAME><HTMLLINK><HTMLTARGET>../../../../../datastructures/specs/linked-tree/export/unit.xml</HTMLTARGET><HTMLSTRING>linked-tree</HTMLSTRING></HTMLLINK></SPECNAME><INSTNAME>int-tree</INSTNAME><LEMNAME><HTMLLINK><HTMLTARGET>../../../../../datastructures/specs/linked-tree/export/tr-base/longlemmainfo.xml</HTMLTARGET><HTMLSTRING>tr-base</HTMLSTRING></HTMLLINK></LEMNAME></USED_SEQ><USED_SEQ><SPECNAME><HTMLLINK><HTMLTARGET>../../../../../lib/separation/specs/heap-sep/export/unit.xml</HTMLTARGET><HTMLSTRING>heap-sep</HTMLSTRING></HTMLLINK></SPECNAME><INSTNAME>heap-sep-inst</INSTNAME><LEMNAME><HTMLLINK><HTMLTARGET>../../../../../lib/separation/specs/heap-sep/export/false-rev/longlemmainfo.xml</HTMLTARGET><HTMLSTRING>false-rev</HTMLSTRING></HTMLLINK></LEMNAME></USED_SEQ><USED_SEQ><SPECNAME><HTMLLINK><HTMLTARGET>../../../../../lib/separation/specs/heap-sep/export/unit.xml</HTMLTARGET><HTMLSTRING>heap-sep</HTMLSTRING></HTMLLINK></SPECNAME><INSTNAME>heap-sep-inst</INSTNAME><LEMNAME><HTMLLINK><HTMLTARGET>../../../../../lib/separation/specs/heap-sep/export/false-and/longlemmainfo.xml</HTMLTARGET><HTMLSTRING>false-and</HTMLSTRING></HTMLLINK></LEMNAME></USED_SEQ><USED_SEQ><SPECNAME><HTMLLINK><HTMLTARGET>../../../../../lib/separation/specs/heap-sep/export/unit.xml</HTMLTARGET><HTMLSTRING>heap-sep</HTMLSTRING></HTMLLINK></SPECNAME><INSTNAME>heap-sep-inst</INSTNAME><LEMNAME><HTMLLINK><HTMLTARGET>../../../../../lib/separation/specs/heap-sep/export/and-ass/longlemmainfo.xml</HTMLTARGET><HTMLSTRING>and-ass</HTMLSTRING></HTMLLINK></LEMNAME></USED_SEQ><USED_SEQ><SPECNAME><HTMLLINK><HTMLTARGET>../../../../../lib/separation/specs/heap-sep/export/unit.xml</HTMLTARGET><HTMLSTRING>heap-sep</HTMLSTRING></HTMLLINK></SPECNAME><INSTNAME>heap-sep-inst</INSTNAME><LEMNAME><HTMLLINK><HTMLTARGET>../../../../../lib/separation/specs/heap-sep/export/and-com/longlemmainfo.xml</HTMLTARGET><HTMLSTRING>and-com</HTMLSTRING></HTMLLINK></LEMNAME></USED_SEQ><USED_SEQ><SPECNAME><HTMLLINK><HTMLTARGET>../../../../../lib/separation/specs/heap-sep/export/unit.xml</HTMLTARGET><HTMLSTRING>heap-sep</HTMLSTRING></HTMLLINK></SPECNAME><INSTNAME>heap-sep-inst</INSTNAME><LEMNAME><HTMLLINK><HTMLTARGET>../../../../../lib/separation/specs/heap-sep/export/false-sep/longlemmainfo.xml</HTMLTARGET><HTMLSTRING>false-sep</HTMLSTRING></HTMLLINK></LEMNAME></USED_SEQ><USED_SEQ><SPECNAME><HTMLLINK><HTMLTARGET>../../../../../lib/separation/specs/heap-sep/export/unit.xml</HTMLTARGET><HTMLSTRING>heap-sep</HTMLSTRING></HTMLLINK></SPECNAME><INSTNAME>heap-sep-inst</INSTNAME><LEMNAME><HTMLLINK><HTMLTARGET>../../../../../lib/separation/specs/heap-sep/export/sep-ass/longlemmainfo.xml</HTMLTARGET><HTMLSTRING>sep-ass</HTMLSTRING></HTMLLINK></LEMNAME></USED_SEQ><USED_SEQ><SPECNAME><HTMLLINK><HTMLTARGET>../../../../../lib/separation/specs/heap-sep/export/unit.xml</HTMLTARGET><HTMLSTRING>heap-sep</HTMLSTRING></HTMLLINK></SPECNAME><INSTNAME>heap-sep-inst</INSTNAME><LEMNAME><HTMLLINK><HTMLTARGET>../../../../../lib/separation/specs/heap-sep/export/sep-com/longlemmainfo.xml</HTMLTARGET><HTMLSTRING>sep-com</HTMLSTRING></HTMLLINK></LEMNAME></USED_SEQ><USED_SEQ><SPECNAME><HTMLLINK><HTMLTARGET>../../../../../lib/separation/specs/heap-sep/export/unit.xml</HTMLTARGET><HTMLSTRING>heap-sep</HTMLSTRING></HTMLLINK></SPECNAME><INSTNAME>heap-sep-inst</INSTNAME><LEMNAME><HTMLLINK><HTMLTARGET>../../../../../lib/separation/specs/heap-sep/export/falseH/longlemmainfo.xml</HTMLTARGET><HTMLSTRING>falseH</HTMLSTRING></HTMLLINK></LEMNAME></USED_SEQ></USED_SIMPRULES></LONGLEMMAINFO>