<?xml version="1.0" encoding="UTF-8"?>
<?xml-stylesheet type="text/xsl" href="../../../../longlemmainfo.xsl"?>
<LONGLEMMAINFO name="FINDDUPSND"><LEMMAINFO state="axiom"><LEMMANAME>FINDDUPSND</LEMMANAME><LEMMAGOAL><DECLGOAL><GOALDECL><PROCDECL>FINDDUPSND# (ar, a; m0, n0)
  { 
     let m = 0, bv = false
     in while m &lt; # ar ∧ ¬ bv
        do { 
              let n = m + 1 in while n &lt; # ar ∧ ¬ bv do if ar[m] = ar[n] ∧ ar[m] ≠ a
                                                        then m0 := m, n0 := n, bv := true
                                                        else n := n + 1 ; m := m + 1
           }
  }</PROCDECL></GOALDECL></DECLGOAL></LEMMAGOAL><LEMMATYPE><AXIOMLEMMA/></LEMMATYPE><USEDLEMMAS><LIST></LIST></USEDLEMMAS><SIDEGOALS><LIST></LIST></SIDEGOALS><MAINGOALS><LIST></LIST></MAINGOALS><USERACTIONS>0</USERACTIONS><PROOFSTEPS>0</PROOFSTEPS><PROVED><F/></PROVED><PROOFEXISTS><F/></PROOFEXISTS><PROOFFILENAME>FINDDUPSND-proof</PROOFFILENAME><LEMMAPROOFBAG><DUMMY/></LEMMAPROOFBAG><SAVETREE><F/></SAVETREE><INFOFILENAME>FINDDUPSND-proof-info</INFOFILENAME><LEMMAPROOFINFOBAG><DUMMY/></LEMMAPROOFINFOBAG><SAVEINFOS><F/></SAVEINFOS><PRECHARTS><LIST></LIST></PRECHARTS><EXTRALISLOT2><LIST></LIST></EXTRALISLOT2></LEMMAINFO><VALIDITY>The proof is valid.</VALIDITY><FEATURES><LIST></LIST></FEATURES><HISTORY><LIST></LIST></HISTORY><USEDBY><LIST><LE>challenge3b</LE></LIST></USEDBY><USEDBYUNITS><LIST></LIST></USEDBYUNITS><COMMENT></COMMENT></LONGLEMMAINFO>