<?xml version="1.0" encoding="UTF-8"?>
<?xml-stylesheet type="text/xsl" href="../../../dependency.xsl"?>
<LEMMADEPENDENCY name="Specification challenge1"><LE><DEPENTRY><NAME>challenge1</NAME><STATUS>proved</STATUS><SUBSPROVED><T/></SUBSPROVED><USED><LE>max-gt</LE><LE>max-in</LE></USED></DEPENTRY></LE><LE><DEPENTRY><NAME>max-in</NAME><STATUS>axiom</STATUS><SUBSPROVED><F/></SUBSPROVED><USED></USED></DEPENTRY></LE><LE><DEPENTRY><NAME>max-gt</NAME><STATUS>axiom</STATUS><SUBSPROVED><F/></SUBSPROVED><USED></USED></DEPENTRY></LE></LEMMADEPENDENCY>