<?xml version="1.0" encoding="UTF-8"?>
<?xml-stylesheet type="text/xsl" href="../../../lemmasummary.xsl"?>
<LEMMASUMMARY name="Specification challenge1"><STATUS><T/></STATUS><NUMAXIOMS>2</NUMAXIOMS><SEPT2>1</SEPT2><NUMPROVED>1</NUMPROVED><NUMPARTIAL>0</NUMPARTIAL><NUMUNPROVED>0</NUMUNPROVED><NUMINVALID>0</NUMINVALID><NUMSIGINVALID>0</NUMSIGINVALID><NUMPROOFSTEPS>39</NUMPROOFSTEPS><NUMINTERACTIONS>5</NUMINTERACTIONS><LEMMATABLE><ROW><LEMMAINFO state="proved"><LEMMANAME>challenge1</LEMMANAME><LEMMATYPE><USERLEMMA/></LEMMATYPE><USEDLEMMAS><LIST><LE>max-gt</LE><LE>max-in</LE></LIST></USEDLEMMAS><SIDEGOALS><LIST></LIST></SIDEGOALS><MAINGOALS><LIST></LIST></MAINGOALS><USERACTIONS>5</USERACTIONS><PROOFSTEPS>39</PROOFSTEPS><PROVED><T/></PROVED><PROOFEXISTS><T/></PROOFEXISTS><PROOFFILENAME>challenge1-proof</PROOFFILENAME><LEMMAPROOFBAG><DUMMY/></LEMMAPROOFBAG><SAVETREE><F/></SAVETREE><INFOFILENAME>challenge1-proof-info</INFOFILENAME><LEMMAPROOFINFOBAG><DUMMY/></LEMMAPROOFINFOBAG><SAVEINFOS><F/></SAVEINFOS><PRECHARTS><LIST></LIST></PRECHARTS><EXTRALISLOT2><LIST></LIST></EXTRALISLOT2></LEMMAINFO><LEMMAINFO state="axiom"><LEMMANAME>max-in</LEMMANAME><LEMMATYPE><AXIOMLEMMA/></LEMMATYPE><USEDLEMMAS><LIST></LIST></USEDLEMMAS><SIDEGOALS><LIST></LIST></SIDEGOALS><MAINGOALS><LIST></LIST></MAINGOALS><USERACTIONS>0</USERACTIONS><PROOFSTEPS>0</PROOFSTEPS><PROVED><F/></PROVED><PROOFEXISTS><F/></PROOFEXISTS><PROOFFILENAME>max-in-proof</PROOFFILENAME><LEMMAPROOFBAG><DUMMY/></LEMMAPROOFBAG><SAVETREE><F/></SAVETREE><INFOFILENAME>max-in-proof-info</INFOFILENAME><LEMMAPROOFINFOBAG><DUMMY/></LEMMAPROOFINFOBAG><SAVEINFOS><F/></SAVEINFOS><PRECHARTS><LIST></LIST></PRECHARTS><EXTRALISLOT2><LIST></LIST></EXTRALISLOT2></LEMMAINFO></ROW><ROW><LEMMAINFO state="axiom"><LEMMANAME>max-gt</LEMMANAME><LEMMATYPE><AXIOMLEMMA/></LEMMATYPE><USEDLEMMAS><LIST></LIST></USEDLEMMAS><SIDEGOALS><LIST></LIST></SIDEGOALS><MAINGOALS><LIST></LIST></MAINGOALS><USERACTIONS>0</USERACTIONS><PROOFSTEPS>0</PROOFSTEPS><PROVED><F/></PROVED><PROOFEXISTS><F/></PROOFEXISTS><PROOFFILENAME>max-gt-proof</PROOFFILENAME><LEMMAPROOFBAG><DUMMY/></LEMMAPROOFBAG><SAVETREE><F/></SAVETREE><INFOFILENAME>max-gt-proof-info</INFOFILENAME><LEMMAPROOFINFOBAG><DUMMY/></LEMMAPROOFINFOBAG><SAVEINFOS><F/></SAVEINFOS><PRECHARTS><LIST></LIST></PRECHARTS><EXTRALISLOT2><LIST></LIST></EXTRALISLOT2></LEMMAINFO></ROW></LEMMATABLE></LEMMASUMMARY>