<?xml version="1.0" encoding="UTF-8"?>
<?xml-stylesheet type="text/xsl" href="../../../lemmabase.xsl"?>
<LEMMABASE name="Specification challenge1"><LEMMAVERSION><VERSION><THEVERSION>0</THEVERSION></VERSION></LEMMAVERSION><TOFILE><T/></TOFILE><LEMMADIR><DIRECTORY><TRUENAME>specs/challenge1/proofs/</TRUENAME></DIRECTORY></LEMMADIR><VALIDBASE><T/></VALIDBASE><SAVELEMMAS><F/></SAVELEMMAS><BASEDATE>3526721777</BASEDATE><MODIFIEDLEMMAS><LIST></LIST></MODIFIEDLEMMAS><ADDEDLEMMAS><LIST></LIST></ADDEDLEMMAS><OWNLOCKEDLEMMAS><LIST></LIST></OWNLOCKEDLEMMAS><OTHERLOCKEDLEMMAS><LIST></LIST></OTHERLOCKEDLEMMAS><LEMMADECLS><LIST></LIST></LEMMADECLS><THELEMMAS><LIST><LE><LEMMAINFO><LEMMANAME>max-gt</LEMMANAME><LEMMAGOAL><SEQGOAL><GOALSEQ><SEQ> ⊦ n &lt; m ∧ m ≤ # ar → (∀ n0. n ≤ n0 ∧ n0 &lt; m → ar[n0] ≤ max(ar, n, m))</SEQ></GOALSEQ></SEQGOAL></LEMMAGOAL><LEMMATYPE><AXIOMLEMMA/></LEMMATYPE><VALIDITY><LIST></LIST></VALIDITY><USEDLEMMAS><LIST></LIST></USEDLEMMAS><SIDEGOALS><LIST></LIST></SIDEGOALS><MAINGOALS><LIST></LIST></MAINGOALS><USERACTIONS>0</USERACTIONS><PROOFSTEPS>0</PROOFSTEPS><PROVED><F/></PROVED><PROOFEXISTS><F/></PROOFEXISTS><PROOFFILENAME>max-gt-proof</PROOFFILENAME><LEMMAPROOFBAG><DUMMY/></LEMMAPROOFBAG><SAVETREE><F/></SAVETREE><INFOFILENAME>max-gt-proof-info</INFOFILENAME><LEMMAPROOFINFOBAG><DUMMY/></LEMMAPROOFINFOBAG><SAVEINFOS><F/></SAVEINFOS><EXTRALEMMAINFO><EXTRALINFOLIST><THEEXTRALINFOLIST><LIST></LIST></THEEXTRALINFOLIST></EXTRALINFOLIST></EXTRALEMMAINFO><PRECHARTS><LIST></LIST></PRECHARTS><EXTRALISLOT2><LIST></LIST></EXTRALISLOT2></LEMMAINFO></LE><LE><LEMMAINFO><LEMMANAME>max-in</LEMMANAME><LEMMAGOAL><SEQGOAL><GOALSEQ><SEQ> ⊦ n &lt; m ∧ m ≤ # ar → (∃ n0. n ≤ n0 ∧ n0 &lt; m ∧ ar[n0] = max(ar, n, m))</SEQ></GOALSEQ></SEQGOAL></LEMMAGOAL><LEMMATYPE><AXIOMLEMMA/></LEMMATYPE><VALIDITY><LIST></LIST></VALIDITY><USEDLEMMAS><LIST></LIST></USEDLEMMAS><SIDEGOALS><LIST></LIST></SIDEGOALS><MAINGOALS><LIST></LIST></MAINGOALS><USERACTIONS>0</USERACTIONS><PROOFSTEPS>0</PROOFSTEPS><PROVED><F/></PROVED><PROOFEXISTS><F/></PROOFEXISTS><PROOFFILENAME>max-in-proof</PROOFFILENAME><LEMMAPROOFBAG><DUMMY/></LEMMAPROOFBAG><SAVETREE><F/></SAVETREE><INFOFILENAME>max-in-proof-info</INFOFILENAME><LEMMAPROOFINFOBAG><DUMMY/></LEMMAPROOFINFOBAG><SAVEINFOS><F/></SAVEINFOS><EXTRALEMMAINFO><EXTRALINFOLIST><THEEXTRALINFOLIST><LIST></LIST></THEEXTRALINFOLIST></EXTRALINFOLIST></EXTRALEMMAINFO><PRECHARTS><LIST></LIST></PRECHARTS><EXTRALISLOT2><LIST></LIST></EXTRALISLOT2></LEMMAINFO></LE><LE><LEMMAINFO><LEMMANAME>challenge1</LEMMANAME><LEMMAGOAL><SEQGOAL><GOALSEQ><SEQ># ar ≠ 0 ⊦ ⦉m := 0 ; n := # ar - 1 ; while m ≠ n do if ar[m] ≤ ar[n]
                                                    then m := m + 1
                                                    else n := n - 1⦊ (ar[m] = max(ar, 0, # ar) ∧ 0 ≤ m ∧ m &lt; # ar)</SEQ></GOALSEQ></SEQGOAL></LEMMAGOAL><LEMMATYPE><USERLEMMA/></LEMMATYPE><VALIDITY><LIST></LIST></VALIDITY><USEDLEMMAS><LIST><LE>max-gt</LE><LE>max-in</LE></LIST></USEDLEMMAS><SIDEGOALS><LIST></LIST></SIDEGOALS><MAINGOALS><LIST></LIST></MAINGOALS><USERACTIONS>5</USERACTIONS><PROOFSTEPS>39</PROOFSTEPS><PROVED><T/></PROVED><PROOFEXISTS><T/></PROOFEXISTS><PROOFFILENAME>challenge1-proof</PROOFFILENAME><LEMMAPROOFBAG><DUMMY/></LEMMAPROOFBAG><SAVETREE><F/></SAVETREE><INFOFILENAME>challenge1-proof-info</INFOFILENAME><LEMMAPROOFINFOBAG><DUMMY/></LEMMAPROOFINFOBAG><SAVEINFOS><F/></SAVEINFOS><EXTRALEMMAINFO><EXTRALINFOLIST><THEEXTRALINFOLIST><LIST></LIST></THEEXTRALINFOLIST></EXTRALINFOLIST></EXTRALEMMAINFO><PRECHARTS><LIST></LIST></PRECHARTS><EXTRALISLOT2><LIST></LIST></EXTRALISLOT2></LEMMAINFO></LE></LIST></THELEMMAS><EXTRALEMMABASE><EXTRALEMMABASELIST><EXTRALEMMABASELIST><LIST><LE><SPECHEUINFO><PRDSLOT><LIST></LIST></PRDSLOT><SIZESLOT><LIST></LIST></SIZESLOT><CONSTRSLOT><LIST></LIST></CONSTRSLOT><DONOTUSE>0</DONOTUSE></SPECHEUINFO></LE></LIST></EXTRALEMMABASELIST></EXTRALEMMABASELIST></EXTRALEMMABASE><THEFTS><LIST></LIST></THEFTS><EXTRALBSLOT2><LIST></LIST></EXTRALBSLOT2></LEMMABASE>