<?xml version="1.0" encoding="UTF-8"?>
<?xml-stylesheet type="text/xsl" href="../../../symboltable.xsl"?>
<SYMBOLTABLE><SIGENTRY><SYMBOL># .</SYMBOL><SPEC><HTMLLINK><HTMLTARGET>../../../../lib/basic/specs/array/export/unit.xml</HTMLTARGET><HTMLSTRING>array</HTMLSTRING></HTMLLINK></SPEC><TYPE>f</TYPE><ENTRY>array → nat</ENTRY></SIGENTRY><SIGENTRY><SYMBOL>. + .</SYMBOL><SPEC><HTMLLINK><HTMLTARGET>../../../../lib/basic/specs/nat-basic2/export/unit.xml</HTMLTARGET><HTMLSTRING>nat-basic2</HTMLSTRING></HTMLLINK></SPEC><TYPE>f</TYPE><ENTRY>nat × nat → nat</ENTRY></SIGENTRY><SIGENTRY><SYMBOL>. +1</SYMBOL><SPEC><HTMLLINK><HTMLTARGET>../../../../lib/basic/specs/nat-basic1/export/unit.xml</HTMLTARGET><HTMLSTRING>nat-basic1</HTMLSTRING></HTMLLINK></SPEC><TYPE>f</TYPE><ENTRY>nat → nat</ENTRY></SIGENTRY><SIGENTRY><SYMBOL>. - .</SYMBOL><SPEC><HTMLLINK><HTMLTARGET>../../../../lib/basic/specs/nat/export/unit.xml</HTMLTARGET><HTMLSTRING>nat</HTMLSTRING></HTMLLINK></SPEC><TYPE>f</TYPE><ENTRY>nat × nat → nat</ENTRY></SIGENTRY><SIGENTRY><SYMBOL>. -1</SYMBOL><SPEC><HTMLLINK><HTMLTARGET>../../../../lib/basic/specs/nat-basic1/export/unit.xml</HTMLTARGET><HTMLSTRING>nat-basic1</HTMLSTRING></HTMLLINK></SPEC><TYPE>f</TYPE><ENTRY>nat → nat</ENTRY></SIGENTRY><SIGENTRY><SYMBOL>. &lt; .</SYMBOL><SPEC><HTMLLINK><HTMLTARGET>../../../../lib/basic/specs/nat-basic1/export/unit.xml</HTMLTARGET><HTMLSTRING>nat-basic1</HTMLSTRING></HTMLLINK></SPEC><TYPE>p</TYPE><ENTRY>nat × nat</ENTRY></SIGENTRY><SIGENTRY><SYMBOL>. &gt; .</SYMBOL><SPEC><HTMLLINK><HTMLTARGET>../../../../lib/basic/specs/nat/export/unit.xml</HTMLTARGET><HTMLSTRING>nat</HTMLSTRING></HTMLLINK></SPEC><TYPE>p</TYPE><ENTRY>nat × nat</ENTRY></SIGENTRY><SIGENTRY><SYMBOL>. [ . ]</SYMBOL><SPEC><HTMLLINK><HTMLTARGET>../../../specs/nat-array/export/unit.xml</HTMLTARGET><HTMLSTRING>nat-array</HTMLSTRING></HTMLLINK></SPEC><TYPE>f</TYPE><ENTRY>array × nat → nat</ENTRY></SIGENTRY><SIGENTRY><SYMBOL>. [ . ]</SYMBOL><SPEC><HTMLLINK><HTMLTARGET>../../../specs/nat-array/export/unit.xml</HTMLTARGET><HTMLSTRING>nat-array</HTMLSTRING></HTMLLINK></SPEC><TYPE>f</TYPE><ENTRY>array × nat × nat → array</ENTRY></SIGENTRY><SIGENTRY><SYMBOL>. ≤ .</SYMBOL><SPEC><HTMLLINK><HTMLTARGET>../../../../lib/basic/specs/nat/export/unit.xml</HTMLTARGET><HTMLSTRING>nat</HTMLSTRING></HTMLLINK></SPEC><TYPE>p</TYPE><ENTRY>nat × nat</ENTRY></SIGENTRY><SIGENTRY><SYMBOL>. ≥ .</SYMBOL><SPEC><HTMLLINK><HTMLTARGET>../../../../lib/basic/specs/nat/export/unit.xml</HTMLTARGET><HTMLSTRING>nat</HTMLSTRING></HTMLLINK></SPEC><TYPE>p</TYPE><ENTRY>nat × nat</ENTRY></SIGENTRY><SIGENTRY><SYMBOL>ar</SYMBOL><SPEC><HTMLLINK><HTMLTARGET>../../../../lib/basic/specs/array/export/unit.xml</HTMLTARGET><HTMLSTRING>array</HTMLSTRING></HTMLLINK></SPEC><TYPE>v</TYPE><ENTRY>array</ENTRY></SIGENTRY><SIGENTRY><SYMBOL>ar0</SYMBOL><SPEC><HTMLLINK><HTMLTARGET>../../../../lib/basic/specs/array/export/unit.xml</HTMLTARGET><HTMLSTRING>array</HTMLSTRING></HTMLLINK></SPEC><TYPE>v</TYPE><ENTRY>array</ENTRY></SIGENTRY><SIGENTRY><SYMBOL>ar1</SYMBOL><SPEC><HTMLLINK><HTMLTARGET>../../../../lib/basic/specs/array/export/unit.xml</HTMLTARGET><HTMLSTRING>array</HTMLSTRING></HTMLLINK></SPEC><TYPE>v</TYPE><ENTRY>array</ENTRY></SIGENTRY><SIGENTRY><SYMBOL>ar2</SYMBOL><SPEC><HTMLLINK><HTMLTARGET>../../../../lib/basic/specs/array/export/unit.xml</HTMLTARGET><HTMLSTRING>array</HTMLSTRING></HTMLLINK></SPEC><TYPE>v</TYPE><ENTRY>array</ENTRY></SIGENTRY><SIGENTRY><SYMBOL>array</SYMBOL><SPEC><HTMLLINK><HTMLTARGET>../../../../lib/basic/specs/array/export/unit.xml</HTMLTARGET><HTMLSTRING>array</HTMLSTRING></HTMLLINK></SPEC><TYPE>s</TYPE><ENTRY></ENTRY></SIGENTRY><SIGENTRY><SYMBOL>m</SYMBOL><SPEC><HTMLLINK><HTMLTARGET>../../../../lib/basic/specs/nat-basic2/export/unit.xml</HTMLTARGET><HTMLSTRING>nat-basic2</HTMLSTRING></HTMLLINK></SPEC><TYPE>v</TYPE><ENTRY>nat</ENTRY></SIGENTRY><SIGENTRY><SYMBOL>max</SYMBOL><SPEC><HTMLLINK><HTMLTARGET>../../../specs/challenge1/export/unit.xml</HTMLTARGET><HTMLSTRING>challenge1</HTMLSTRING></HTMLLINK></SPEC><TYPE>f</TYPE><ENTRY>array × nat × nat → nat</ENTRY></SIGENTRY><SIGENTRY><SYMBOL>mkarray</SYMBOL><SPEC><HTMLLINK><HTMLTARGET>../../../../lib/basic/specs/array/export/unit.xml</HTMLTARGET><HTMLSTRING>array</HTMLSTRING></HTMLLINK></SPEC><TYPE>f</TYPE><ENTRY>nat → array</ENTRY></SIGENTRY><SIGENTRY><SYMBOL>n</SYMBOL><SPEC><HTMLLINK><HTMLTARGET>../../../../lib/basic/specs/nat-basic1/export/unit.xml</HTMLTARGET><HTMLSTRING>nat-basic1</HTMLSTRING></HTMLLINK></SPEC><TYPE>v</TYPE><ENTRY>nat</ENTRY></SIGENTRY><SIGENTRY><SYMBOL>n0</SYMBOL><SPEC><HTMLLINK><HTMLTARGET>../../../../lib/basic/specs/nat-basic1/export/unit.xml</HTMLTARGET><HTMLSTRING>nat-basic1</HTMLSTRING></HTMLLINK></SPEC><TYPE>v</TYPE><ENTRY>nat</ENTRY></SIGENTRY><SIGENTRY><SYMBOL>n1</SYMBOL><SPEC><HTMLLINK><HTMLTARGET>../../../../lib/basic/specs/nat-basic1/export/unit.xml</HTMLTARGET><HTMLSTRING>nat-basic1</HTMLSTRING></HTMLLINK></SPEC><TYPE>v</TYPE><ENTRY>nat</ENTRY></SIGENTRY><SIGENTRY><SYMBOL>n2</SYMBOL><SPEC><HTMLLINK><HTMLTARGET>../../../specs/nat-array/export/unit.xml</HTMLTARGET><HTMLSTRING>nat-array</HTMLSTRING></HTMLLINK></SPEC><TYPE>v</TYPE><ENTRY>nat</ENTRY></SIGENTRY><SIGENTRY><SYMBOL>n3</SYMBOL><SPEC><HTMLLINK><HTMLTARGET>../../../specs/nat-array/export/unit.xml</HTMLTARGET><HTMLSTRING>nat-array</HTMLSTRING></HTMLLINK></SPEC><TYPE>v</TYPE><ENTRY>nat</ENTRY></SIGENTRY><SIGENTRY><SYMBOL>n4</SYMBOL><SPEC><HTMLLINK><HTMLTARGET>../../../specs/nat-array/export/unit.xml</HTMLTARGET><HTMLSTRING>nat-array</HTMLSTRING></HTMLLINK></SPEC><TYPE>v</TYPE><ENTRY>nat</ENTRY></SIGENTRY><SIGENTRY><SYMBOL>nat</SYMBOL><SPEC><HTMLLINK><HTMLTARGET>../../../../lib/basic/specs/nat-basic1/export/unit.xml</HTMLTARGET><HTMLSTRING>nat-basic1</HTMLSTRING></HTMLLINK></SPEC><TYPE>s</TYPE><ENTRY></ENTRY></SIGENTRY><SIGENTRY><SYMBOL>pos</SYMBOL><SPEC><HTMLLINK><HTMLTARGET>../../../specs/nat-array/export/unit.xml</HTMLTARGET><HTMLSTRING>nat-array</HTMLSTRING></HTMLLINK></SPEC><TYPE>f</TYPE><ENTRY>array × nat → nat</ENTRY></SIGENTRY></SYMBOLTABLE>