<?xml version="1.0" encoding="UTF-8"?>
<?xml-stylesheet type="text/xsl" href="kivsymbols.xsl"?>
<KIVSYMBOLS><ENTRY><NAME>circle</NAME><KFASCII>161</KFASCII><KFOCT>#o241</KFOCT><KFHEX>A1</KFHEX><UNICODE>#x25cb</UNICODE><UTF8>○</UTF8><UTF8CHARS>E2/97/8B</UTF8CHARS></ENTRY><ENTRY><NAME>box</NAME><KFASCII>162</KFASCII><KFOCT>#o242</KFOCT><KFHEX>A2</KFHEX><UNICODE>#x25a1</UNICODE><UTF8>□</UTF8><UTF8CHARS>E2/96/A1</UTF8CHARS></ENTRY><ENTRY><NAME>diamond</NAME><KFASCII>163</KFASCII><KFOCT>#o243</KFOCT><KFHEX>A3</KFHEX><UNICODE>#x25c7</UNICODE><UTF8>◇</UTF8><UTF8CHARS>E2/97/87</UTF8CHARS></ENTRY><ENTRY><NAME>models</NAME><KFASCII>164</KFASCII><KFOCT>#o244</KFOCT><KFHEX>A4</KFHEX><UNICODE>#x22a7</UNICODE><UTF8>⊧</UTF8><UTF8CHARS>E2/8A/A7</UTF8CHARS></ENTRY><ENTRY><NAME>follows</NAME><KFASCII>165</KFASCII><KFOCT>#o245</KFOCT><KFHEX>A5</KFHEX><UNICODE>#x22a6</UNICODE><UTF8>⊦</UTF8><UTF8CHARS>E2/8A/A6</UTF8CHARS></ENTRY><ENTRY><NAME>lsem</NAME><KFASCII>166</KFASCII><KFOCT>#o246</KFOCT><KFHEX>A6</KFHEX><UNICODE>#x301a</UNICODE><UTF8>〚</UTF8><UTF8CHARS>E3/80/9A</UTF8CHARS></ENTRY><ENTRY><NAME>rsem</NAME><KFASCII>167</KFASCII><KFOCT>#o247</KFOCT><KFHEX>A7</KFHEX><UNICODE>#x301b</UNICODE><UTF8>〛</UTF8><UTF8CHARS>E3/80/9B</UTF8CHARS></ENTRY><ENTRY><NAME>le</NAME><KFASCII>168</KFASCII><KFOCT>#o250</KFOCT><KFHEX>A8</KFHEX><UNICODE>#x2264</UNICODE><UTF8>≤</UTF8><UTF8CHARS>E2/89/A4</UTF8CHARS></ENTRY><ENTRY><NAME>ge</NAME><KFASCII>169</KFASCII><KFOCT>#o251</KFOCT><KFHEX>A9</KFHEX><UNICODE>#x2265</UNICODE><UTF8>≥</UTF8><UTF8CHARS>E2/89/A5</UTF8CHARS></ENTRY><ENTRY><NAME>subseteq</NAME><KFASCII>194</KFASCII><KFOCT>#o302</KFOCT><KFHEX>C2</KFHEX><UNICODE>#x2286</UNICODE><UTF8>⊆</UTF8><UTF8CHARS>E2/8A/86</UTF8CHARS></ENTRY><ENTRY><NAME>supseteq</NAME><KFASCII>195</KFASCII><KFOCT>#o303</KFOCT><KFHEX>C3</KFHEX><UNICODE>#x2287</UNICODE><UTF8>⊇</UTF8><UTF8CHARS>E2/8A/87</UTF8CHARS></ENTRY><ENTRY><NAME>subset</NAME><KFASCII>170</KFASCII><KFOCT>#o252</KFOCT><KFHEX>AA</KFHEX><UNICODE>#x2282</UNICODE><UTF8>⊂</UTF8><UTF8CHARS>E2/8A/82</UTF8CHARS></ENTRY><ENTRY><NAME>supset</NAME><KFASCII>171</KFASCII><KFOCT>#o253</KFOCT><KFHEX>AB</KFHEX><UNICODE>#x2283</UNICODE><UTF8>⊃</UTF8><UTF8CHARS>E2/8A/83</UTF8CHARS></ENTRY><ENTRY><NAME>leftarrow</NAME><KFASCII>172</KFASCII><KFOCT>#o254</KFOCT><KFHEX>AC</KFHEX><UNICODE>#x2190</UNICODE><UTF8>←</UTF8><UTF8CHARS>E2/86/90</UTF8CHARS></ENTRY><ENTRY><NAME>implies</NAME><KFASCII>173</KFASCII><KFOCT>#o255</KFOCT><KFHEX>AD</KFHEX><UNICODE>#x2192</UNICODE><UTF8>→</UTF8><UTF8CHARS>E2/86/92</UTF8CHARS></ENTRY><ENTRY><NAME>uparrow</NAME><KFASCII>174</KFASCII><KFOCT>#o256</KFOCT><KFHEX>AE</KFHEX><UNICODE>#x2191</UNICODE><UTF8>↑</UTF8><UTF8CHARS>E2/86/91</UTF8CHARS></ENTRY><ENTRY><NAME>downarrow</NAME><KFASCII>175</KFASCII><KFOCT>#o257</KFOCT><KFHEX>AF</KFHEX><UNICODE>#x2193</UNICODE><UTF8>↓</UTF8><UTF8CHARS>E2/86/93</UTF8CHARS></ENTRY><ENTRY><NAME>equivalent</NAME><KFASCII>176</KFASCII><KFOCT>#o260</KFOCT><KFHEX>B0</KFHEX><UNICODE>#x2194</UNICODE><UTF8>↔</UTF8><UTF8CHARS>E2/86/94</UTF8CHARS></ENTRY><ENTRY><NAME>ni</NAME><KFASCII>177</KFASCII><KFOCT>#o261</KFOCT><KFHEX>B1</KFHEX><UNICODE>#x220b</UNICODE><UTF8>∋</UTF8><UTF8CHARS>E2/88/8B</UTF8CHARS></ENTRY><ENTRY><NAME>all</NAME><KFASCII>179</KFASCII><KFOCT>#o263</KFOCT><KFHEX>B3</KFHEX><UNICODE>#x2200</UNICODE><UTF8>∀</UTF8><UTF8CHARS>E2/88/80</UTF8CHARS></ENTRY><ENTRY><NAME>exists</NAME><KFASCII>180</KFASCII><KFOCT>#o264</KFOCT><KFHEX>B4</KFHEX><UNICODE>#x2203</UNICODE><UTF8>∃</UTF8><UTF8CHARS>E2/88/83</UTF8CHARS></ENTRY><ENTRY><NAME>not</NAME><KFASCII>181</KFASCII><KFOCT>#o265</KFOCT><KFHEX>B5</KFHEX><UNICODE>#x00ac</UNICODE><UTF8>¬</UTF8><UTF8CHARS>C2/AC</UTF8CHARS></ENTRY><ENTRY><NAME>union</NAME><KFASCII>182</KFASCII><KFOCT>#o266</KFOCT><KFHEX>B6</KFHEX><UNICODE>#x222a</UNICODE><UTF8>∪</UTF8><UTF8CHARS>E2/88/AA</UTF8CHARS></ENTRY><ENTRY><NAME>intersection</NAME><KFASCII>183</KFASCII><KFOCT>#o267</KFOCT><KFHEX>B7</KFHEX><UNICODE>#x2229</UNICODE><UTF8>∩</UTF8><UTF8CHARS>E2/88/A9</UTF8CHARS></ENTRY><ENTRY><NAME>and</NAME><KFASCII>184</KFASCII><KFOCT>#o270</KFOCT><KFHEX>B8</KFHEX><UNICODE>#x2227</UNICODE><UTF8>∧</UTF8><UTF8CHARS>E2/88/A7</UTF8CHARS></ENTRY><ENTRY><NAME>or</NAME><KFASCII>185</KFASCII><KFOCT>#o271</KFOCT><KFHEX>B9</KFHEX><UNICODE>#x2228</UNICODE><UTF8>∨</UTF8><UTF8CHARS>E2/88/A8</UTF8CHARS></ENTRY><ENTRY><NAME>top</NAME><KFASCII>186</KFASCII><KFOCT>#o272</KFOCT><KFHEX>BA</KFHEX><UNICODE>#x22a4</UNICODE><UTF8>⊤</UTF8><UTF8CHARS>E2/8A/A4</UTF8CHARS></ENTRY><ENTRY><NAME>bottom</NAME><KFASCII>187</KFASCII><KFOCT>#o273</KFOCT><KFHEX>BB</KFHEX><UNICODE>#x22a5</UNICODE><UTF8>⊥</UTF8><UTF8CHARS>E2/8A/A5</UTF8CHARS></ENTRY><ENTRY><NAME>revsemimp</NAME><KFASCII>188</KFASCII><KFOCT>#o274</KFOCT><KFHEX>BC</KFHEX><UNICODE>#x21d0</UNICODE><UTF8>⇐</UTF8><UTF8CHARS>E2/87/90</UTF8CHARS></ENTRY><ENTRY><NAME>semimp</NAME><KFASCII>189</KFASCII><KFOCT>#o275</KFOCT><KFHEX>BD</KFHEX><UNICODE>#x21d2</UNICODE><UTF8>⇒</UTF8><UTF8CHARS>E2/87/92</UTF8CHARS></ENTRY><ENTRY><NAME>integral</NAME><KFASCII>190</KFASCII><KFOCT>#o276</KFOCT><KFHEX>BE</KFHEX><UNICODE>#x222b</UNICODE><UTF8>∫</UTF8><UTF8CHARS>E2/88/AB</UTF8CHARS></ENTRY><ENTRY><NAME>infinity</NAME><KFASCII>191</KFASCII><KFOCT>#o277</KFOCT><KFHEX>BF</KFHEX><UNICODE>#x221e</UNICODE><UTF8>∞</UTF8><UTF8CHARS>E2/88/9E</UTF8CHARS></ENTRY><ENTRY><NAME>in</NAME><KFASCII>178</KFASCII><KFOCT>#o262</KFOCT><KFHEX>B2</KFHEX><UNICODE>#x2208</UNICODE><UTF8>∈</UTF8><UTF8CHARS>E2/88/88</UTF8CHARS></ENTRY><ENTRY><NAME>lceil</NAME><KFASCII>192</KFASCII><KFOCT>#o300</KFOCT><KFHEX>C0</KFHEX><UNICODE>#x2308</UNICODE><UTF8>⌈</UTF8><UTF8CHARS>E2/8C/88</UTF8CHARS></ENTRY><ENTRY><NAME>rceil</NAME><KFASCII>193</KFASCII><KFOCT>#o301</KFOCT><KFHEX>C1</KFHEX><UNICODE>#x2309</UNICODE><UTF8>⌉</UTF8><UTF8CHARS>E2/8C/89</UTF8CHARS></ENTRY><ENTRY><NAME>Delta</NAME><KFASCII>196</KFASCII><KFOCT>#o304</KFOCT><KFHEX>C4</KFHEX><UNICODE>#x0394</UNICODE><UTF8>Δ</UTF8><UTF8CHARS>CE/94</UTF8CHARS></ENTRY><ENTRY><NAME>congruent</NAME><KFASCII>197</KFASCII><KFOCT>#o305</KFOCT><KFHEX>C5</KFHEX><UNICODE>#x2261</UNICODE><UTF8>≡</UTF8><UTF8CHARS>E2/89/A1</UTF8CHARS></ENTRY><ENTRY><NAME>Phi</NAME><KFASCII>198</KFASCII><KFOCT>#o306</KFOCT><KFHEX>C6</KFHEX><UNICODE>#x03a6</UNICODE><UTF8>Φ</UTF8><UTF8CHARS>CE/A6</UTF8CHARS></ENTRY><ENTRY><NAME>Gamma</NAME><KFASCII>199</KFASCII><KFOCT>#o307</KFOCT><KFHEX>C7</KFHEX><UNICODE>#x0393</UNICODE><UTF8>Γ</UTF8><UTF8CHARS>CE/93</UTF8CHARS></ENTRY><ENTRY><NAME>lfloor</NAME><KFASCII>200</KFASCII><KFOCT>#o310</KFOCT><KFHEX>C8</KFHEX><UNICODE>#x230a</UNICODE><UTF8>⌊</UTF8><UTF8CHARS>E2/8C/8A</UTF8CHARS></ENTRY><ENTRY><NAME>rfloor</NAME><KFASCII>201</KFASCII><KFOCT>#o311</KFOCT><KFHEX>C9</KFHEX><UNICODE>#x230b</UNICODE><UTF8>⌋</UTF8><UTF8CHARS>E2/8C/8B</UTF8CHARS></ENTRY><ENTRY><NAME>lsls</NAME><KFASCII>202</KFASCII><KFOCT>#o312</KFOCT><KFHEX>CA</KFHEX><UNICODE>#x226a</UNICODE><UTF8>≪</UTF8><UTF8CHARS>E2/89/AA</UTF8CHARS></ENTRY><ENTRY><NAME>grgr</NAME><KFASCII>203</KFASCII><KFOCT>#o313</KFOCT><KFHEX>CB</KFHEX><UNICODE>#x226b</UNICODE><UTF8>≫</UTF8><UTF8CHARS>E2/89/AB</UTF8CHARS></ENTRY><ENTRY><NAME>Lambda</NAME><KFASCII>204</KFASCII><KFOCT>#o314</KFOCT><KFHEX>CC</KFHEX><UNICODE>#x039b</UNICODE><UTF8>Λ</UTF8><UTF8CHARS>CE/9B</UTF8CHARS></ENTRY><ENTRY><NAME>glb</NAME><KFASCII>205</KFASCII><KFOCT>#o315</KFOCT><KFHEX>CD</KFHEX><UNICODE>#x2293</UNICODE><UTF8>⊓</UTF8><UTF8CHARS>E2/8A/93</UTF8CHARS></ENTRY><ENTRY><NAME>lub</NAME><KFASCII>206</KFASCII><KFOCT>#o316</KFOCT><KFHEX>CE</KFHEX><UNICODE>#x2294</UNICODE><UTF8>⊔</UTF8><UTF8CHARS>E2/8A/94</UTF8CHARS></ENTRY><ENTRY><NAME>Omega</NAME><KFASCII>207</KFASCII><KFOCT>#o317</KFOCT><KFHEX>CF</KFHEX><UNICODE>#x03a9</UNICODE><UTF8>Ω</UTF8><UTF8CHARS>CE/A9</UTF8CHARS></ENTRY><ENTRY><NAME>Pi</NAME><KFASCII>208</KFASCII><KFOCT>#o320</KFOCT><KFHEX>D0</KFHEX><UNICODE>#x03a0</UNICODE><UTF8>Π</UTF8><UTF8CHARS>CE/A0</UTF8CHARS></ENTRY><ENTRY><NAME>parallel</NAME><KFASCII>209</KFASCII><KFOCT>#o321</KFOCT><KFHEX>D1</KFHEX><UNICODE>#x2225</UNICODE><UTF8>∥</UTF8><UTF8CHARS>E2/88/A5</UTF8CHARS></ENTRY><ENTRY><NAME>triangle</NAME><KFASCII>210</KFASCII><KFOCT>#o322</KFOCT><KFHEX>D2</KFHEX><UNICODE>#x25b3</UNICODE><UTF8>△</UTF8><UTF8CHARS>E2/96/B3</UTF8CHARS></ENTRY><ENTRY><NAME>Sigma</NAME><KFASCII>211</KFASCII><KFOCT>#o323</KFOCT><KFHEX>D3</KFHEX><UNICODE>#x03a3</UNICODE><UTF8>Σ</UTF8><UTF8CHARS>CE/A3</UTF8CHARS></ENTRY><ENTRY><NAME>times</NAME><KFASCII>212</KFASCII><KFOCT>#o324</KFOCT><KFHEX>D4</KFHEX><UNICODE>#x00d7</UNICODE><UTF8>×</UTF8><UTF8CHARS>C3/97</UTF8CHARS></ENTRY><ENTRY><NAME>strongdiaopen</NAME><KFASCII>213</KFASCII><KFOCT>#o325</KFOCT><KFHEX>D5</KFHEX><UNICODE>#x2989</UNICODE><UTF8>⦉</UTF8><UTF8CHARS>E2/A6/89</UTF8CHARS></ENTRY><ENTRY><NAME>lower</NAME><KFASCII>214</KFASCII><KFOCT>#o326</KFOCT><KFHEX>D6</KFHEX><UNICODE>#x2291</UNICODE><UTF8>⊑</UTF8><UTF8CHARS>E2/8A/91</UTF8CHARS></ENTRY><ENTRY><NAME>higher</NAME><KFASCII>215</KFASCII><KFOCT>#o327</KFOCT><KFHEX>D7</KFHEX><UNICODE>#x2292</UNICODE><UTF8>⊒</UTF8><UTF8CHARS>E2/8A/92</UTF8CHARS></ENTRY><ENTRY><NAME>Xi</NAME><KFASCII>216</KFASCII><KFOCT>#o330</KFOCT><KFHEX>D8</KFHEX><UNICODE>#x039e</UNICODE><UTF8>Ξ</UTF8><UTF8CHARS>CE/9E</UTF8CHARS></ENTRY><ENTRY><NAME>Psi</NAME><KFASCII>217</KFASCII><KFOCT>#o331</KFOCT><KFHEX>D9</KFHEX><UNICODE>#x03a8</UNICODE><UTF8>Ψ</UTF8><UTF8CHARS>CE/A8</UTF8CHARS></ENTRY><ENTRY><NAME>semequiv</NAME><KFASCII>218</KFASCII><KFOCT>#o332</KFOCT><KFHEX>DA</KFHEX><UNICODE>#x21d4</UNICODE><UTF8>⇔</UTF8><UTF8CHARS>E2/87/94</UTF8CHARS></ENTRY><ENTRY><NAME>diamondopen</NAME><KFASCII>219</KFASCII><KFOCT>#o333</KFOCT><KFHEX>DB</KFHEX><UNICODE>#x3008</UNICODE><UTF8>〈</UTF8><UTF8CHARS>E3/80/88</UTF8CHARS></ENTRY><ENTRY><NAME>neq</NAME><KFASCII>220</KFASCII><KFOCT>#o334</KFOCT><KFHEX>DC</KFHEX><UNICODE>#x2260</UNICODE><UTF8>≠</UTF8><UTF8CHARS>E2/89/A0</UTF8CHARS></ENTRY><ENTRY><NAME>unequal</NAME><KFASCII>220</KFASCII><KFOCT>#o334</KFOCT><KFHEX>DC</KFHEX><UNICODE>#x2260</UNICODE><UTF8>≠</UTF8><UTF8CHARS>E2/89/A0</UTF8CHARS></ENTRY><ENTRY><NAME>diamondclose</NAME><KFASCII>221</KFASCII><KFOCT>#o335</KFOCT><KFHEX>DD</KFHEX><UNICODE>#x3009</UNICODE><UTF8>〉</UTF8><UTF8CHARS>E3/80/89</UTF8CHARS></ENTRY><ENTRY><NAME>sqless</NAME><KFASCII>222</KFASCII><KFOCT>#o336</KFOCT><KFHEX>DE</KFHEX><UNICODE>#x228f</UNICODE><UTF8>⊏</UTF8><UTF8CHARS>E2/8A/8F</UTF8CHARS></ENTRY><ENTRY><NAME>sqgreater</NAME><KFASCII>223</KFASCII><KFOCT>#o337</KFOCT><KFHEX>DF</KFHEX><UNICODE>#x2290</UNICODE><UTF8>⊐</UTF8><UTF8CHARS>E2/8A/90</UTF8CHARS></ENTRY><ENTRY><NAME>emptyset</NAME><KFASCII>224</KFASCII><KFOCT>#o340</KFOCT><KFHEX>E0</KFHEX><UNICODE>#x2205</UNICODE><UTF8>∅</UTF8><UTF8CHARS>E2/88/85</UTF8CHARS></ENTRY><ENTRY><NAME>alpha</NAME><KFASCII>225</KFASCII><KFOCT>#o341</KFOCT><KFHEX>E1</KFHEX><UNICODE>#x03b1</UNICODE><UTF8>α</UTF8><UTF8CHARS>CE/B1</UTF8CHARS></ENTRY><ENTRY><NAME>beta</NAME><KFASCII>226</KFASCII><KFOCT>#o342</KFOCT><KFHEX>E2</KFHEX><UNICODE>#x03b2</UNICODE><UTF8>β</UTF8><UTF8CHARS>CE/B2</UTF8CHARS></ENTRY><ENTRY><NAME>chi</NAME><KFASCII>227</KFASCII><KFOCT>#o343</KFOCT><KFHEX>E3</KFHEX><UNICODE>#x03c7</UNICODE><UTF8>χ</UTF8><UTF8CHARS>CF/87</UTF8CHARS></ENTRY><ENTRY><NAME>delta</NAME><KFASCII>228</KFASCII><KFOCT>#o344</KFOCT><KFHEX>E4</KFHEX><UNICODE>#x03b4</UNICODE><UTF8>δ</UTF8><UTF8CHARS>CE/B4</UTF8CHARS></ENTRY><ENTRY><NAME>epsilon</NAME><KFASCII>229</KFASCII><KFOCT>#o345</KFOCT><KFHEX>E5</KFHEX><UNICODE>#x03b5</UNICODE><UTF8>ε</UTF8><UTF8CHARS>CE/B5</UTF8CHARS></ENTRY><ENTRY><NAME>phi</NAME><KFASCII>230</KFASCII><KFOCT>#o346</KFOCT><KFHEX>E6</KFHEX><UNICODE>#x03d5</UNICODE><UTF8>φ</UTF8><UTF8CHARS>CF/86</UTF8CHARS></ENTRY><ENTRY><NAME>gamma</NAME><KFASCII>231</KFASCII><KFOCT>#o347</KFOCT><KFHEX>E7</KFHEX><UNICODE>#x03b3</UNICODE><UTF8>γ</UTF8><UTF8CHARS>CE/B3</UTF8CHARS></ENTRY><ENTRY><NAME>eta</NAME><KFASCII>232</KFASCII><KFOCT>#o350</KFOCT><KFHEX>E8</KFHEX><UNICODE>#x03b7</UNICODE><UTF8>η</UTF8><UTF8CHARS>CE/B7</UTF8CHARS></ENTRY><ENTRY><NAME>iota</NAME><KFASCII>233</KFASCII><KFOCT>#o351</KFOCT><KFHEX>E9</KFHEX><UNICODE>#x03b9</UNICODE><UTF8>ι</UTF8><UTF8CHARS>CE/B9</UTF8CHARS></ENTRY><ENTRY><NAME>bullet</NAME><KFASCII>234</KFASCII><KFOCT>#o352</KFOCT><KFHEX>EA</KFHEX><UNICODE>#x2219</UNICODE><UTF8>∙</UTF8><UTF8CHARS>E2/88/99</UTF8CHARS></ENTRY><ENTRY><NAME>kappa</NAME><KFASCII>235</KFASCII><KFOCT>#o353</KFOCT><KFHEX>EB</KFHEX><UNICODE>#x03ba</UNICODE><UTF8>κ</UTF8><UTF8CHARS>CE/BA</UTF8CHARS></ENTRY><ENTRY><NAME>lambda</NAME><KFASCII>236</KFASCII><KFOCT>#o354</KFOCT><KFHEX>EC</KFHEX><UNICODE>#x03bb</UNICODE><UTF8>λ</UTF8><UTF8CHARS>CE/BB</UTF8CHARS></ENTRY><ENTRY><NAME>mu</NAME><KFASCII>237</KFASCII><KFOCT>#o355</KFOCT><KFHEX>ED</KFHEX><UNICODE>#x03bc</UNICODE><UTF8>μ</UTF8><UTF8CHARS>CE/BC</UTF8CHARS></ENTRY><ENTRY><NAME>nu</NAME><KFASCII>238</KFASCII><KFOCT>#o356</KFOCT><KFHEX>EE</KFHEX><UNICODE>#x03bd</UNICODE><UTF8>ν</UTF8><UTF8CHARS>CE/BD</UTF8CHARS></ENTRY><ENTRY><NAME>omega</NAME><KFASCII>239</KFASCII><KFOCT>#o357</KFOCT><KFHEX>EF</KFHEX><UNICODE>#x03c9</UNICODE><UTF8>ω</UTF8><UTF8CHARS>CF/89</UTF8CHARS></ENTRY><ENTRY><NAME>pi</NAME><KFASCII>240</KFASCII><KFOCT>#o360</KFOCT><KFHEX>F0</KFHEX><UNICODE>#x03c0</UNICODE><UTF8>π</UTF8><UTF8CHARS>CF/80</UTF8CHARS></ENTRY><ENTRY><NAME>theta</NAME><KFASCII>241</KFASCII><KFOCT>#o361</KFOCT><KFHEX>F1</KFHEX><UNICODE>#x03b8</UNICODE><UTF8>θ</UTF8><UTF8CHARS>CE/B8</UTF8CHARS></ENTRY><ENTRY><NAME>rho</NAME><KFASCII>242</KFASCII><KFOCT>#o362</KFOCT><KFHEX>F2</KFHEX><UNICODE>#x03c1</UNICODE><UTF8>ρ</UTF8><UTF8CHARS>CF/81</UTF8CHARS></ENTRY><ENTRY><NAME>sigma</NAME><KFASCII>243</KFASCII><KFOCT>#o363</KFOCT><KFHEX>F3</KFHEX><UNICODE>#x03c3</UNICODE><UTF8>σ</UTF8><UTF8CHARS>CF/83</UTF8CHARS></ENTRY><ENTRY><NAME>tau</NAME><KFASCII>244</KFASCII><KFOCT>#o364</KFOCT><KFHEX>F4</KFHEX><UNICODE>#x03c4</UNICODE><UTF8>τ</UTF8><UTF8CHARS>CF/84</UTF8CHARS></ENTRY><ENTRY><NAME>strongdiaclose</NAME><KFASCII>245</KFASCII><KFOCT>#o365</KFOCT><KFHEX>F5</KFHEX><UNICODE>#x298a</UNICODE><UTF8>⦊</UTF8><UTF8CHARS>E2/A6/8A</UTF8CHARS></ENTRY><ENTRY><NAME>lquine</NAME><KFASCII>246</KFASCII><KFOCT>#o366</KFOCT><KFHEX>F6</KFHEX><UNICODE>#x231c</UNICODE><UTF8>⌜</UTF8><UTF8CHARS>E2/8C/9C</UTF8CHARS></ENTRY><ENTRY><NAME>rquine</NAME><KFASCII>247</KFASCII><KFOCT>#o367</KFOCT><KFHEX>F7</KFHEX><UNICODE>#x231d</UNICODE><UTF8>⌝</UTF8><UTF8CHARS>E2/8C/9D</UTF8CHARS></ENTRY><ENTRY><NAME>xi</NAME><KFASCII>248</KFASCII><KFOCT>#o370</KFOCT><KFHEX>F8</KFHEX><UNICODE>#x03be</UNICODE><UTF8>ξ</UTF8><UTF8CHARS>CE/BE</UTF8CHARS></ENTRY><ENTRY><NAME>psi</NAME><KFASCII>249</KFASCII><KFOCT>#o371</KFOCT><KFHEX>F9</KFHEX><UNICODE>#x03c8</UNICODE><UTF8>ψ</UTF8><UTF8CHARS>CF/88</UTF8CHARS></ENTRY><ENTRY><NAME>zeta</NAME><KFASCII>250</KFASCII><KFOCT>#o372</KFOCT><KFHEX>FA</KFHEX><UNICODE>#x03b6</UNICODE><UTF8>ζ</UTF8><UTF8CHARS>CE/B6</UTF8CHARS></ENTRY><ENTRY><NAME>oplus</NAME><KFASCII>251</KFASCII><KFOCT>#o373</KFOCT><KFHEX>FB</KFHEX><UNICODE>#x2295</UNICODE><UTF8>⊕</UTF8><UTF8CHARS>E2/8A/95</UTF8CHARS></ENTRY><ENTRY><NAME>ominus</NAME><KFASCII>252</KFASCII><KFOCT>#o374</KFOCT><KFHEX>FC</KFHEX><UNICODE>#x2296</UNICODE><UTF8>⊖</UTF8><UTF8CHARS>E2/8A/96</UTF8CHARS></ENTRY><ENTRY><NAME>otimes</NAME><KFASCII>253</KFASCII><KFOCT>#o375</KFOCT><KFHEX>FD</KFHEX><UNICODE>#x2297</UNICODE><UTF8>⊗</UTF8><UTF8CHARS>E2/8A/97</UTF8CHARS></ENTRY><ENTRY><NAME>odiv</NAME><KFASCII>254</KFASCII><KFOCT>#o376</KFOCT><KFHEX>FE</KFHEX><UNICODE>#x2298</UNICODE><UTF8>⊘</UTF8><UTF8CHARS>E2/8A/98</UTF8CHARS></ENTRY><ENTRY><NAME>odot</NAME><KFASCII>255</KFASCII><KFOCT>#o377</KFOCT><KFHEX>FF</KFHEX><UNICODE>#x2299</UNICODE><UTF8>⊙</UTF8><UTF8CHARS>E2/8A/99</UTF8CHARS></ENTRY></KIVSYMBOLS>