<?xml version="1.0" encoding="UTF-8"?>
<?xml-stylesheet type="text/xsl" href="project.xsl"?>
<PROJECT><PROJECTNAME>challenge3</PROJECTNAME><EXTUNITNAME><EXTUNITNAME>array</EXTUNITNAME><EXTUNITTYPE>specification</EXTUNITTYPE><EXTUNITSTATUS><UNITINSTALLED/></EXTUNITSTATUS><EXTUNITLIB><T/></EXTUNITLIB><EXTUNITPROJECT>lib-basic</EXTUNITPROJECT><EXTUNITPATH>../lib/basic/specs/array/export/</EXTUNITPATH></EXTUNITNAME><EXTUNITNAME><EXTUNITNAME>elem</EXTUNITNAME><EXTUNITTYPE>specification</EXTUNITTYPE><EXTUNITSTATUS><UNITINSTALLED/></EXTUNITSTATUS><EXTUNITLIB><T/></EXTUNITLIB><EXTUNITPROJECT>lib-basic</EXTUNITPROJECT><EXTUNITPATH>../lib/basic/specs/elem/export/</EXTUNITPATH></EXTUNITNAME><EXTUNITNAME><EXTUNITNAME>finddup</EXTUNITNAME><EXTUNITTYPE>specification</EXTUNITTYPE><EXTUNITSTATUS><UNITPROVED/></EXTUNITSTATUS><EXTUNITLIB><F/></EXTUNITLIB><EXTUNITPROJECT></EXTUNITPROJECT><EXTUNITPATH>specs/finddup/export/</EXTUNITPATH></EXTUNITNAME><EXTUNITNAME><EXTUNITNAME>nat</EXTUNITNAME><EXTUNITTYPE>specification</EXTUNITTYPE><EXTUNITSTATUS><UNITINSTALLED/></EXTUNITSTATUS><EXTUNITLIB><T/></EXTUNITLIB><EXTUNITPROJECT>lib-basic</EXTUNITPROJECT><EXTUNITPATH>../lib/basic/specs/nat/export/</EXTUNITPATH></EXTUNITNAME><EXTUNITNAME><EXTUNITNAME>nat-basic1</EXTUNITNAME><EXTUNITTYPE>specification</EXTUNITTYPE><EXTUNITSTATUS><UNITINSTALLED/></EXTUNITSTATUS><EXTUNITLIB><T/></EXTUNITLIB><EXTUNITPROJECT>lib-basic</EXTUNITPROJECT><EXTUNITPATH>../lib/basic/specs/nat-basic1/export/</EXTUNITPATH></EXTUNITNAME><EXTUNITNAME><EXTUNITNAME>nat-basic2</EXTUNITNAME><EXTUNITTYPE>specification</EXTUNITTYPE><EXTUNITSTATUS><UNITINSTALLED/></EXTUNITSTATUS><EXTUNITLIB><T/></EXTUNITLIB><EXTUNITPROJECT>lib-basic</EXTUNITPROJECT><EXTUNITPATH>../lib/basic/specs/nat-basic2/export/</EXTUNITPATH></EXTUNITNAME></PROJECT>