<?xml version="1.0" encoding="UTF-8"?>
<?xml-stylesheet type="text/xsl" href="projectsymbols.xsl"?>
<PROJECTSYMBOLS><SYMENTRY><SYMBOL>#</SYMBOL><SPECNAME><HTMLLINK><HTMLTARGET>../lib/basic/specs/array/export/unit.xml</HTMLTARGET><HTMLSTRING>array</HTMLSTRING></HTMLLINK></SPECNAME><TYPE>function</TYPE><SIGENTRY>array → nat</SIGENTRY></SYMENTRY><SYMENTRY><SYMBOL>+</SYMBOL><SPECNAME><HTMLLINK><HTMLTARGET>../lib/basic/specs/nat-basic2/export/unit.xml</HTMLTARGET><HTMLSTRING>nat-basic2</HTMLSTRING></HTMLLINK></SPECNAME><TYPE>function</TYPE><SIGENTRY>nat × nat → nat</SIGENTRY></SYMENTRY><SYMENTRY><SYMBOL>+1</SYMBOL><SPECNAME><HTMLLINK><HTMLTARGET>../lib/basic/specs/nat-basic1/export/unit.xml</HTMLTARGET><HTMLSTRING>nat-basic1</HTMLSTRING></HTMLLINK></SPECNAME><TYPE>function</TYPE><SIGENTRY>nat → nat</SIGENTRY></SYMENTRY><SYMENTRY><SYMBOL>-</SYMBOL><SPECNAME><HTMLLINK><HTMLTARGET>../lib/basic/specs/nat/export/unit.xml</HTMLTARGET><HTMLSTRING>nat</HTMLSTRING></HTMLLINK></SPECNAME><TYPE>function</TYPE><SIGENTRY>nat × nat → nat</SIGENTRY></SYMENTRY><SYMENTRY><SYMBOL>-1</SYMBOL><SPECNAME><HTMLLINK><HTMLTARGET>../lib/basic/specs/nat-basic1/export/unit.xml</HTMLTARGET><HTMLSTRING>nat-basic1</HTMLSTRING></HTMLLINK></SPECNAME><TYPE>function</TYPE><SIGENTRY>nat → nat</SIGENTRY></SYMENTRY><SYMENTRY><SYMBOL>&lt;</SYMBOL><SPECNAME><HTMLLINK><HTMLTARGET>../lib/basic/specs/nat-basic1/export/unit.xml</HTMLTARGET><HTMLSTRING>nat-basic1</HTMLSTRING></HTMLLINK></SPECNAME><TYPE>predicate</TYPE><SIGENTRY>nat × nat</SIGENTRY></SYMENTRY><SYMENTRY><SYMBOL>&gt;</SYMBOL><SPECNAME><HTMLLINK><HTMLTARGET>../lib/basic/specs/nat/export/unit.xml</HTMLTARGET><HTMLSTRING>nat</HTMLSTRING></HTMLLINK></SPECNAME><TYPE>predicate</TYPE><SIGENTRY>nat × nat</SIGENTRY></SYMENTRY><SYMENTRY><SYMBOL>FINDDUP#</SYMBOL><SPECNAME><HTMLLINK><HTMLTARGET>specs/finddup/export/unit.xml</HTMLTARGET><HTMLSTRING>finddup</HTMLSTRING></HTMLLINK></SPECNAME><TYPE>procedure</TYPE><SIGENTRY> array : nat × nat</SIGENTRY></SYMENTRY><SYMENTRY><SYMBOL>FINDDUPSND#</SYMBOL><SPECNAME><HTMLLINK><HTMLTARGET>specs/finddup/export/unit.xml</HTMLTARGET><HTMLSTRING>finddup</HTMLSTRING></HTMLLINK></SPECNAME><TYPE>procedure</TYPE><SIGENTRY> array × elem : nat × nat</SIGENTRY></SYMENTRY><SYMENTRY><SYMBOL>]</SYMBOL><SPECNAME><HTMLLINK><HTMLTARGET>../lib/basic/specs/array/export/unit.xml</HTMLTARGET><HTMLSTRING>array</HTMLSTRING></HTMLLINK></SPECNAME><TYPE>function</TYPE><SIGENTRY>array × nat → elem</SIGENTRY></SYMENTRY><SYMENTRY><SYMBOL>]</SYMBOL><SPECNAME><HTMLLINK><HTMLTARGET>../lib/basic/specs/array/export/unit.xml</HTMLTARGET><HTMLSTRING>array</HTMLSTRING></HTMLLINK></SPECNAME><TYPE>function</TYPE><SIGENTRY>array × nat × elem → array</SIGENTRY></SYMENTRY><SYMENTRY><SYMBOL>a</SYMBOL><SPECNAME><HTMLLINK><HTMLTARGET>../lib/basic/specs/elem/export/unit.xml</HTMLTARGET><HTMLSTRING>elem</HTMLSTRING></HTMLLINK></SPECNAME><TYPE>variable</TYPE><SIGENTRY>elem</SIGENTRY></SYMENTRY><SYMENTRY><SYMBOL>ar</SYMBOL><SPECNAME><HTMLLINK><HTMLTARGET>../lib/basic/specs/array/export/unit.xml</HTMLTARGET><HTMLSTRING>array</HTMLSTRING></HTMLLINK></SPECNAME><TYPE>variable</TYPE><SIGENTRY>array</SIGENTRY></SYMENTRY><SYMENTRY><SYMBOL>ar0</SYMBOL><SPECNAME><HTMLLINK><HTMLTARGET>../lib/basic/specs/array/export/unit.xml</HTMLTARGET><HTMLSTRING>array</HTMLSTRING></HTMLLINK></SPECNAME><TYPE>variable</TYPE><SIGENTRY>array</SIGENTRY></SYMENTRY><SYMENTRY><SYMBOL>ar1</SYMBOL><SPECNAME><HTMLLINK><HTMLTARGET>../lib/basic/specs/array/export/unit.xml</HTMLTARGET><HTMLSTRING>array</HTMLSTRING></HTMLLINK></SPECNAME><TYPE>variable</TYPE><SIGENTRY>array</SIGENTRY></SYMENTRY><SYMENTRY><SYMBOL>ar2</SYMBOL><SPECNAME><HTMLLINK><HTMLTARGET>../lib/basic/specs/array/export/unit.xml</HTMLTARGET><HTMLSTRING>array</HTMLSTRING></HTMLLINK></SPECNAME><TYPE>variable</TYPE><SIGENTRY>array</SIGENTRY></SYMENTRY><SYMENTRY><SYMBOL>array</SYMBOL><SPECNAME><HTMLLINK><HTMLTARGET>../lib/basic/specs/array/export/unit.xml</HTMLTARGET><HTMLSTRING>array</HTMLSTRING></HTMLLINK></SPECNAME><TYPE>sort</TYPE><SIGENTRY></SIGENTRY></SYMENTRY><SYMENTRY><SYMBOL>b</SYMBOL><SPECNAME><HTMLLINK><HTMLTARGET>../lib/basic/specs/elem/export/unit.xml</HTMLTARGET><HTMLSTRING>elem</HTMLSTRING></HTMLLINK></SPECNAME><TYPE>variable</TYPE><SIGENTRY>elem</SIGENTRY></SYMENTRY><SYMENTRY><SYMBOL>bv</SYMBOL><SPECNAME><HTMLLINK><HTMLTARGET>specs/finddup/export/unit.xml</HTMLTARGET><HTMLSTRING>finddup</HTMLSTRING></HTMLLINK></SPECNAME><TYPE>variable</TYPE><SIGENTRY>bool</SIGENTRY></SYMENTRY><SYMENTRY><SYMBOL>c</SYMBOL><SPECNAME><HTMLLINK><HTMLTARGET>../lib/basic/specs/elem/export/unit.xml</HTMLTARGET><HTMLSTRING>elem</HTMLSTRING></HTMLLINK></SPECNAME><TYPE>variable</TYPE><SIGENTRY>elem</SIGENTRY></SYMENTRY><SYMENTRY><SYMBOL>elem</SYMBOL><SPECNAME><HTMLLINK><HTMLTARGET>../lib/basic/specs/elem/export/unit.xml</HTMLTARGET><HTMLSTRING>elem</HTMLSTRING></HTMLLINK></SPECNAME><TYPE>sort</TYPE><SIGENTRY></SIGENTRY></SYMENTRY><SYMENTRY><SYMBOL>m</SYMBOL><SPECNAME><HTMLLINK><HTMLTARGET>../lib/basic/specs/nat-basic2/export/unit.xml</HTMLTARGET><HTMLSTRING>nat-basic2</HTMLSTRING></HTMLLINK></SPECNAME><TYPE>variable</TYPE><SIGENTRY>nat</SIGENTRY></SYMENTRY><SYMENTRY><SYMBOL>m0</SYMBOL><SPECNAME><HTMLLINK><HTMLTARGET>specs/finddup/export/unit.xml</HTMLTARGET><HTMLSTRING>finddup</HTMLSTRING></HTMLLINK></SPECNAME><TYPE>variable</TYPE><SIGENTRY>nat</SIGENTRY></SYMENTRY><SYMENTRY><SYMBOL>mkarray</SYMBOL><SPECNAME><HTMLLINK><HTMLTARGET>../lib/basic/specs/array/export/unit.xml</HTMLTARGET><HTMLSTRING>array</HTMLSTRING></HTMLLINK></SPECNAME><TYPE>function</TYPE><SIGENTRY>nat → array</SIGENTRY></SYMENTRY><SYMENTRY><SYMBOL>n</SYMBOL><SPECNAME><HTMLLINK><HTMLTARGET>../lib/basic/specs/nat-basic1/export/unit.xml</HTMLTARGET><HTMLSTRING>nat-basic1</HTMLSTRING></HTMLLINK></SPECNAME><TYPE>variable</TYPE><SIGENTRY>nat</SIGENTRY></SYMENTRY><SYMENTRY><SYMBOL>n0</SYMBOL><SPECNAME><HTMLLINK><HTMLTARGET>../lib/basic/specs/nat-basic1/export/unit.xml</HTMLTARGET><HTMLSTRING>nat-basic1</HTMLSTRING></HTMLLINK></SPECNAME><TYPE>variable</TYPE><SIGENTRY>nat</SIGENTRY></SYMENTRY><SYMENTRY><SYMBOL>n1</SYMBOL><SPECNAME><HTMLLINK><HTMLTARGET>../lib/basic/specs/nat-basic1/export/unit.xml</HTMLTARGET><HTMLSTRING>nat-basic1</HTMLSTRING></HTMLLINK></SPECNAME><TYPE>variable</TYPE><SIGENTRY>nat</SIGENTRY></SYMENTRY><SYMENTRY><SYMBOL>nat</SYMBOL><SPECNAME><HTMLLINK><HTMLTARGET>../lib/basic/specs/nat-basic1/export/unit.xml</HTMLTARGET><HTMLSTRING>nat-basic1</HTMLSTRING></HTMLLINK></SPECNAME><TYPE>sort</TYPE><SIGENTRY></SIGENTRY></SYMENTRY><SYMENTRY><SYMBOL>pos</SYMBOL><SPECNAME><HTMLLINK><HTMLTARGET>../lib/basic/specs/array/export/unit.xml</HTMLTARGET><HTMLSTRING>array</HTMLSTRING></HTMLLINK></SPECNAME><TYPE>function</TYPE><SIGENTRY>array × elem → nat</SIGENTRY></SYMENTRY><SYMENTRY><SYMBOL>≤</SYMBOL><SPECNAME><HTMLLINK><HTMLTARGET>../lib/basic/specs/nat/export/unit.xml</HTMLTARGET><HTMLSTRING>nat</HTMLSTRING></HTMLLINK></SPECNAME><TYPE>predicate</TYPE><SIGENTRY>nat × nat</SIGENTRY></SYMENTRY><SYMENTRY><SYMBOL>≥</SYMBOL><SPECNAME><HTMLLINK><HTMLTARGET>../lib/basic/specs/nat/export/unit.xml</HTMLTARGET><HTMLSTRING>nat</HTMLSTRING></HTMLLINK></SPECNAME><TYPE>predicate</TYPE><SIGENTRY>nat × nat</SIGENTRY></SYMENTRY></PROJECTSYMBOLS>