<?xml version="1.0" encoding="UTF-8"?>
<?xml-stylesheet type="text/xsl" href="statistic.xsl"?>
<PROJECTSTATISTIC><SPECSTATISTIC><ONELINESTAT><NAME>all specs</NAME><IS_DATA><F/></IS_DATA><IS_LIBRARY><F/></IS_LIBRARY><LINES_OF_SPEC>126</LINES_OF_SPEC><NUMBER_OF_AXIOMS>26</NUMBER_OF_AXIOMS><NUMBER_OF_OPERATIONS>13</NUMBER_OF_OPERATIONS><NUMBER_OF_SORTS>3</NUMBER_OF_SORTS></ONELINESTAT><ONELINESTAT><NAME>all lib specs</NAME><IS_DATA><F/></IS_DATA><IS_LIBRARY><F/></IS_LIBRARY><LINES_OF_SPEC>87</LINES_OF_SPEC><NUMBER_OF_AXIOMS>26</NUMBER_OF_AXIOMS><NUMBER_OF_OPERATIONS>13</NUMBER_OF_OPERATIONS><NUMBER_OF_SORTS>3</NUMBER_OF_SORTS></ONELINESTAT><ONELINESTAT><NAME>all nonlib specs</NAME><IS_DATA><F/></IS_DATA><IS_LIBRARY><F/></IS_LIBRARY><LINES_OF_SPEC>39</LINES_OF_SPEC><NUMBER_OF_AXIOMS>0</NUMBER_OF_AXIOMS><NUMBER_OF_OPERATIONS>0</NUMBER_OF_OPERATIONS><NUMBER_OF_SORTS>0</NUMBER_OF_SORTS></ONELINESTAT><ONELINESTAT><NAME>all data specs</NAME><IS_DATA><F/></IS_DATA><IS_LIBRARY><F/></IS_LIBRARY><LINES_OF_SPEC>12</LINES_OF_SPEC><NUMBER_OF_AXIOMS>18</NUMBER_OF_AXIOMS><NUMBER_OF_OPERATIONS>6</NUMBER_OF_OPERATIONS><NUMBER_OF_SORTS>2</NUMBER_OF_SORTS></ONELINESTAT><ONELINESTAT><NAME>all nondata specs</NAME><IS_DATA><F/></IS_DATA><IS_LIBRARY><F/></IS_LIBRARY><LINES_OF_SPEC>120</LINES_OF_SPEC><NUMBER_OF_AXIOMS>17</NUMBER_OF_AXIOMS><NUMBER_OF_OPERATIONS>10</NUMBER_OF_OPERATIONS><NUMBER_OF_SORTS>2</NUMBER_OF_SORTS></ONELINESTAT><ONELINESTAT><NAME>all data lib specs</NAME><IS_DATA><F/></IS_DATA><IS_LIBRARY><F/></IS_LIBRARY><LINES_OF_SPEC>6</LINES_OF_SPEC><NUMBER_OF_AXIOMS>9</NUMBER_OF_AXIOMS><NUMBER_OF_OPERATIONS>3</NUMBER_OF_OPERATIONS><NUMBER_OF_SORTS>1</NUMBER_OF_SORTS></ONELINESTAT><ONELINESTAT><NAME>all nondata lib specs</NAME><IS_DATA><F/></IS_DATA><IS_LIBRARY><F/></IS_LIBRARY><LINES_OF_SPEC>81</LINES_OF_SPEC><NUMBER_OF_AXIOMS>17</NUMBER_OF_AXIOMS><NUMBER_OF_OPERATIONS>10</NUMBER_OF_OPERATIONS><NUMBER_OF_SORTS>2</NUMBER_OF_SORTS></ONELINESTAT><ONELINESTAT><NAME>all data nonlib specs</NAME><IS_DATA><F/></IS_DATA><IS_LIBRARY><F/></IS_LIBRARY><LINES_OF_SPEC>0</LINES_OF_SPEC><NUMBER_OF_AXIOMS>0</NUMBER_OF_AXIOMS><NUMBER_OF_OPERATIONS>0</NUMBER_OF_OPERATIONS><NUMBER_OF_SORTS>0</NUMBER_OF_SORTS></ONELINESTAT><ONELINESTAT><NAME>all nondata nonlib specs</NAME><IS_DATA><F/></IS_DATA><IS_LIBRARY><F/></IS_LIBRARY><LINES_OF_SPEC>39</LINES_OF_SPEC><NUMBER_OF_AXIOMS>0</NUMBER_OF_AXIOMS><NUMBER_OF_OPERATIONS>0</NUMBER_OF_OPERATIONS><NUMBER_OF_SORTS>0</NUMBER_OF_SORTS></ONELINESTAT><ONELINESTAT><NAME><HTMLLINK><HTMLTARGET>specs/finddup/export/unit.xml</HTMLTARGET><HTMLSTRING>finddup</HTMLSTRING></HTMLLINK></NAME><IS_DATA><F/></IS_DATA><IS_LIBRARY><F/></IS_LIBRARY><LINES_OF_SPEC>39</LINES_OF_SPEC><NUMBER_OF_AXIOMS>0</NUMBER_OF_AXIOMS><NUMBER_OF_OPERATIONS>0</NUMBER_OF_OPERATIONS><NUMBER_OF_SORTS>0</NUMBER_OF_SORTS></ONELINESTAT><ONELINESTAT><NAME><HTMLLINK><HTMLTARGET>../lib/basic/specs/array/export/unit.xml</HTMLTARGET><HTMLSTRING>array</HTMLSTRING></HTMLLINK></NAME><IS_DATA><F/></IS_DATA><IS_LIBRARY><T/></IS_LIBRARY><LINES_OF_SPEC>43</LINES_OF_SPEC><NUMBER_OF_AXIOMS>7</NUMBER_OF_AXIOMS><NUMBER_OF_OPERATIONS>5</NUMBER_OF_OPERATIONS><NUMBER_OF_SORTS>1</NUMBER_OF_SORTS></ONELINESTAT><ONELINESTAT><NAME><HTMLLINK><HTMLTARGET>../lib/basic/specs/elem/export/unit.xml</HTMLTARGET><HTMLSTRING>elem</HTMLSTRING></HTMLLINK></NAME><IS_DATA><F/></IS_DATA><IS_LIBRARY><T/></IS_LIBRARY><LINES_OF_SPEC>6</LINES_OF_SPEC><NUMBER_OF_AXIOMS>0</NUMBER_OF_AXIOMS><NUMBER_OF_OPERATIONS>0</NUMBER_OF_OPERATIONS><NUMBER_OF_SORTS>1</NUMBER_OF_SORTS></ONELINESTAT><ONELINESTAT><NAME><HTMLLINK><HTMLTARGET>../lib/basic/specs/nat/export/unit.xml</HTMLTARGET><HTMLSTRING>nat</HTMLSTRING></HTMLLINK></NAME><IS_DATA><F/></IS_DATA><IS_LIBRARY><T/></IS_LIBRARY><LINES_OF_SPEC>17</LINES_OF_SPEC><NUMBER_OF_AXIOMS>5</NUMBER_OF_AXIOMS><NUMBER_OF_OPERATIONS>4</NUMBER_OF_OPERATIONS><NUMBER_OF_SORTS>0</NUMBER_OF_SORTS></ONELINESTAT><ONELINESTAT><NAME><HTMLLINK><HTMLTARGET>../lib/basic/specs/nat-basic1/export/unit.xml</HTMLTARGET><HTMLSTRING>nat-basic1</HTMLSTRING></HTMLLINK></NAME><IS_DATA><T/></IS_DATA><IS_LIBRARY><T/></IS_LIBRARY><LINES_OF_SPEC>6</LINES_OF_SPEC><NUMBER_OF_AXIOMS>9</NUMBER_OF_AXIOMS><NUMBER_OF_OPERATIONS>3</NUMBER_OF_OPERATIONS><NUMBER_OF_SORTS>1</NUMBER_OF_SORTS></ONELINESTAT><ONELINESTAT><NAME><HTMLLINK><HTMLTARGET>../lib/basic/specs/nat-basic2/export/unit.xml</HTMLTARGET><HTMLSTRING>nat-basic2</HTMLSTRING></HTMLLINK></NAME><IS_DATA><F/></IS_DATA><IS_LIBRARY><T/></IS_LIBRARY><LINES_OF_SPEC>15</LINES_OF_SPEC><NUMBER_OF_AXIOMS>5</NUMBER_OF_AXIOMS><NUMBER_OF_OPERATIONS>1</NUMBER_OF_OPERATIONS><NUMBER_OF_SORTS>0</NUMBER_OF_SORTS></ONELINESTAT></SPECSTATISTIC><MODSTATISTIC><ONELINESTAT><NAME>all mods</NAME><LINES_OF_CODE>0</LINES_OF_CODE><NUMBER_OF_INSTRUCTIONS>0</NUMBER_OF_INSTRUCTIONS><NUMBER_OF_PROCEDURES>0</NUMBER_OF_PROCEDURES></ONELINESTAT><ONELINESTAT><NAME>nonlib mods</NAME><LINES_OF_CODE>0</LINES_OF_CODE><NUMBER_OF_INSTRUCTIONS>0</NUMBER_OF_INSTRUCTIONS><NUMBER_OF_PROCEDURES>0</NUMBER_OF_PROCEDURES></ONELINESTAT><ONELINESTAT><NAME>lib mods</NAME><LINES_OF_CODE>0</LINES_OF_CODE><NUMBER_OF_INSTRUCTIONS>0</NUMBER_OF_INSTRUCTIONS><NUMBER_OF_PROCEDURES>0</NUMBER_OF_PROCEDURES></ONELINESTAT></MODSTATISTIC><SUMMARYPROOFS><ONEPROOFSTAT><NAME>nonlib specs</NAME><IS_DATA><F/></IS_DATA><IS_LIBRARY><F/></IS_LIBRARY><NUMBER_OF_THEOREMS>3</NUMBER_OF_THEOREMS><NUMBER_OF_PROOFS>3</NUMBER_OF_PROOFS><NUMBER_OF_PROOFSTEPS>129</NUMBER_OF_PROOFSTEPS><NUMBER_OF_INTERACTIONS>42</NUMBER_OF_INTERACTIONS></ONEPROOFSTAT><ONEPROOFSTAT><NAME>lib specs</NAME><IS_DATA><F/></IS_DATA><IS_LIBRARY><F/></IS_LIBRARY><NUMBER_OF_THEOREMS>262</NUMBER_OF_THEOREMS><NUMBER_OF_PROOFS>262</NUMBER_OF_PROOFS><NUMBER_OF_PROOFSTEPS>530</NUMBER_OF_PROOFSTEPS><NUMBER_OF_INTERACTIONS>127</NUMBER_OF_INTERACTIONS></ONEPROOFSTAT><ONEPROOFSTAT><NAME>total</NAME><IS_DATA><F/></IS_DATA><IS_LIBRARY><F/></IS_LIBRARY><NUMBER_OF_THEOREMS>265</NUMBER_OF_THEOREMS><NUMBER_OF_PROOFS>265</NUMBER_OF_PROOFS><NUMBER_OF_PROOFSTEPS>659</NUMBER_OF_PROOFSTEPS><NUMBER_OF_INTERACTIONS>169</NUMBER_OF_INTERACTIONS></ONEPROOFSTAT></SUMMARYPROOFS><SPECPROOFS><ONEPROOFSTAT><NAME><HTMLLINK><HTMLTARGET>specs/finddup/export/unit.xml</HTMLTARGET><HTMLSTRING>finddup</HTMLSTRING></HTMLLINK></NAME><IS_DATA><F/></IS_DATA><IS_LIBRARY><F/></IS_LIBRARY><NUMBER_OF_THEOREMS>3</NUMBER_OF_THEOREMS><NUMBER_OF_PROOFS>3</NUMBER_OF_PROOFS><NUMBER_OF_PROOFSTEPS>129</NUMBER_OF_PROOFSTEPS><NUMBER_OF_INTERACTIONS>42</NUMBER_OF_INTERACTIONS></ONEPROOFSTAT><ONEPROOFSTAT><NAME><HTMLLINK><HTMLTARGET>../lib/basic/specs/array/export/unit.xml</HTMLTARGET><HTMLSTRING>array</HTMLSTRING></HTMLLINK></NAME><IS_DATA><F/></IS_DATA><IS_LIBRARY><T/></IS_LIBRARY><NUMBER_OF_THEOREMS>14</NUMBER_OF_THEOREMS><NUMBER_OF_PROOFS>14</NUMBER_OF_PROOFS><NUMBER_OF_PROOFSTEPS>16</NUMBER_OF_PROOFSTEPS><NUMBER_OF_INTERACTIONS>1</NUMBER_OF_INTERACTIONS></ONEPROOFSTAT><ONEPROOFSTAT><NAME><HTMLLINK><HTMLTARGET>../lib/basic/specs/elem/export/unit.xml</HTMLTARGET><HTMLSTRING>elem</HTMLSTRING></HTMLLINK></NAME><IS_DATA><F/></IS_DATA><IS_LIBRARY><T/></IS_LIBRARY><NUMBER_OF_THEOREMS>0</NUMBER_OF_THEOREMS><NUMBER_OF_PROOFS>0</NUMBER_OF_PROOFS><NUMBER_OF_PROOFSTEPS>0</NUMBER_OF_PROOFSTEPS><NUMBER_OF_INTERACTIONS>0</NUMBER_OF_INTERACTIONS></ONEPROOFSTAT><ONEPROOFSTAT><NAME><HTMLLINK><HTMLTARGET>../lib/basic/specs/nat/export/unit.xml</HTMLTARGET><HTMLSTRING>nat</HTMLSTRING></HTMLLINK></NAME><IS_DATA><F/></IS_DATA><IS_LIBRARY><T/></IS_LIBRARY><NUMBER_OF_THEOREMS>119</NUMBER_OF_THEOREMS><NUMBER_OF_PROOFS>119</NUMBER_OF_PROOFS><NUMBER_OF_PROOFSTEPS>227</NUMBER_OF_PROOFSTEPS><NUMBER_OF_INTERACTIONS>66</NUMBER_OF_INTERACTIONS></ONEPROOFSTAT><ONEPROOFSTAT><NAME><HTMLLINK><HTMLTARGET>../lib/basic/specs/nat-basic1/export/unit.xml</HTMLTARGET><HTMLSTRING>nat-basic1</HTMLSTRING></HTMLLINK></NAME><IS_DATA><T/></IS_DATA><IS_LIBRARY><T/></IS_LIBRARY><NUMBER_OF_THEOREMS>64</NUMBER_OF_THEOREMS><NUMBER_OF_PROOFS>64</NUMBER_OF_PROOFS><NUMBER_OF_PROOFSTEPS>105</NUMBER_OF_PROOFSTEPS><NUMBER_OF_INTERACTIONS>4</NUMBER_OF_INTERACTIONS></ONEPROOFSTAT><ONEPROOFSTAT><NAME><HTMLLINK><HTMLTARGET>../lib/basic/specs/nat-basic2/export/unit.xml</HTMLTARGET><HTMLSTRING>nat-basic2</HTMLSTRING></HTMLLINK></NAME><IS_DATA><F/></IS_DATA><IS_LIBRARY><T/></IS_LIBRARY><NUMBER_OF_THEOREMS>65</NUMBER_OF_THEOREMS><NUMBER_OF_PROOFS>65</NUMBER_OF_PROOFS><NUMBER_OF_PROOFSTEPS>182</NUMBER_OF_PROOFSTEPS><NUMBER_OF_INTERACTIONS>56</NUMBER_OF_INTERACTIONS></ONEPROOFSTAT></SPECPROOFS><MODPROOFS></MODPROOFS></PROJECTSTATISTIC>