<?xml version="1.0" encoding="UTF-8"?>
<?xml-stylesheet type="text/xsl" href="../../../../longlemmainfo.xsl"?>
<LONGLEMMAINFO name="dummy-spec"><LEMMAINFO state="axiom"><LEMMANAME>dummy-spec</LEMMANAME><LEMMAGOAL><DECLGOAL><GOALDECL><PROCDECL>dummy# (;H)
  { 
     skip
  }</PROCDECL></GOALDECL></DECLGOAL></LEMMAGOAL><LEMMATYPE><AXIOMLEMMA/></LEMMATYPE><USEDLEMMAS><LIST></LIST></USEDLEMMAS><SIDEGOALS><LIST></LIST></SIDEGOALS><MAINGOALS><LIST></LIST></MAINGOALS><USERACTIONS>0</USERACTIONS><PROOFSTEPS>0</PROOFSTEPS><PROVED><F/></PROVED><PROOFEXISTS><F/></PROOFEXISTS><PROOFFILENAME>dummy-spec-proof</PROOFFILENAME><LEMMAPROOFBAG><DUMMY/></LEMMAPROOFBAG><SAVETREE><F/></SAVETREE><INFOFILENAME>dummy-spec-proof-info</INFOFILENAME><LEMMAPROOFINFOBAG><DUMMY/></LEMMAPROOFINFOBAG><SAVEINFOS><F/></SAVEINFOS><PRECHARTS><LIST></LIST></PRECHARTS><EXTRALISLOT2><LIST></LIST></EXTRALISLOT2></LEMMAINFO><VALIDITY>The proof is valid.</VALIDITY><FEATURES><LIST></LIST></FEATURES><HISTORY><LIST></LIST></HISTORY><USEDBY><LIST></LIST></USEDBY><USEDBYUNITS><LIST></LIST></USEDBYUNITS><COMMENT></COMMENT></LONGLEMMAINFO>