<?xml version="1.0" encoding="UTF-8"?>
<?xml-stylesheet type="text/xsl" href="../../../../proofnode.xsl"?>
<PROOFNODE proofname="challenge3a" previous="12"><NUM>10</NUM><TYPE>step</TYPE><INFO>Heuristic simplifier applied rule simplifier</INFO><SEQ>¬ (¬ m0 &lt; m1 → (m1 &lt; n ∧ n &lt; # ar → ar[m1] ≠ ar[n])), ar[m] = ar[n0], m0 &lt; # ar, m &lt; # ar, n0 &lt; # ar, ∀ n0. m0 &lt; n0 ∧ n0 &lt; # ar → ar[n0] ≠ ar[m0], 
∀ m1. m1 &lt; m0 → (∀ n. m1 &lt; n ∧ n &lt; # ar → ar[m1] ≠ ar[n])
⊦ 
m = n0</SEQ><NEWGOALS><LIST><LE><PAIR><FST>9</FST><SND><SEQ>ar[m] = ar[n0], ar[m1] = ar[n], m1 ≤ m0, n0 &lt; # ar, m &lt; # ar, m0 &lt; # ar, n &lt; # ar, m1 &lt; n, m1 &lt; # ar, m1 + 1 &lt; # ar, 
∀ m1. m1 &lt; m0 → (∀ n. m1 &lt; n ∧ n &lt; # ar → ar[m1] ≠ ar[n]), ∀ n0. m0 &lt; n0 ∧ n0 &lt; # ar → ar[n0] ≠ ar[m0]
⊦ 
m = n0</SEQ></SND></PAIR></LE></LIST></NEWGOALS><RULEARGS>[emptyarg]</RULEARGS><EXTRAS>[[CONCRETESIMPRULES : ([CSIMPSEQ :  ⊦ m +1 = m + 1], 
                       [CSIMPSEQ :  ⊦ m &lt; n → n ≠ 0], 
                       [CSIMPFORWARD :  ⊦ m &lt; n → n ≠ 0], 
                       [CSIMPFORWARD :  ⊦ m &lt; n ∧ n &lt; n0 → m +1 &lt; n0], 
                       [CSIMPFORWARD :  ⊦ m ≤ n ∧ n &lt; n0 → m &lt; n0], 
                       [CSIMPSEQ :  ⊦ ¬ m &lt; n ↔ n ≤ m])]]</EXTRAS></PROOFNODE>