<?xml version="1.0" encoding="UTF-8"?>
<?xml-stylesheet type="text/xsl" href="../../../../proofnode.xsl"?>
<PROOFNODE proofname="challenge3a" previous="12"><NUM>11</NUM><TYPE>step</TYPE><INFO>Heuristic quantifier closing applied rule all left</INFO><SEQ>∀ m2, n1. ar[m2] ≠ ar[n1] ∨ m2 = n1 ∨ ¬ m2 &lt; # ar ∨ ¬ n1 &lt; # ar, ar[m] = ar[n0], m0 &lt; # ar, m &lt; # ar, n0 &lt; # ar, 
∀ n0. m0 &lt; n0 ∧ n0 &lt; # ar → ar[n0] ≠ ar[m0], ∀ m1. m1 &lt; m0 → (∀ n. m1 &lt; n ∧ n &lt; # ar → ar[m1] ≠ ar[n])
⊦ 
m = n0</SEQ><NEWGOALS><LIST></LIST></NEWGOALS><RULEARGS>[EXRARG : pos: left 1, [QUANTTERMLIST : (m, n0)]]</RULEARGS><EXTRAS>[[CONCRETESIMPRULES : ()], [EXTRATERMS : (m, n0)]]</EXTRAS></PROOFNODE>