<?xml version="1.0" encoding="UTF-8"?>
<?xml-stylesheet type="text/xsl" href="../../../../proofnode.xsl"?>
<PROOFNODE proofname="challenge3a" previous="13"><NUM>12</NUM><TYPE>step</TYPE><INFO>User applied rule case distinction</INFO><SEQ>ar[m] = ar[n0], m0 &lt; # ar, m &lt; # ar, n0 &lt; # ar, ∀ n0. m0 &lt; n0 ∧ n0 &lt; # ar → ar[n0] ≠ ar[m0], ∀ m1. m1 &lt; m0 → (∀ n. m1 &lt; n ∧ n &lt; # ar → ar[m1] ≠ ar[n]), 
¬ (¬ m0 &lt; m1 → (m1 &lt; n ∧ n &lt; # ar → ar[m1] ≠ ar[n])) ∨ (∀ m2, n1. ar[m2] ≠ ar[n1] ∨ m2 = n1 ∨ ¬ m2 &lt; # ar ∨ ¬ n1 &lt; # ar)
⊦ 
m = n0</SEQ><NEWGOALS><LIST><LE><PAIR><FST>10</FST><SND><SEQ>¬ (¬ m0 &lt; m1 → (m1 &lt; n ∧ n &lt; # ar → ar[m1] ≠ ar[n])), ar[m] = ar[n0], m0 &lt; # ar, m &lt; # ar, n0 &lt; # ar, ∀ n0. m0 &lt; n0 ∧ n0 &lt; # ar → ar[n0] ≠ ar[m0], 
∀ m1. m1 &lt; m0 → (∀ n. m1 &lt; n ∧ n &lt; # ar → ar[m1] ≠ ar[n])
⊦ 
m = n0</SEQ></SND></PAIR></LE><LE><PAIR><FST>11</FST><SND><SEQ>∀ m2, n1. ar[m2] ≠ ar[n1] ∨ m2 = n1 ∨ ¬ m2 &lt; # ar ∨ ¬ n1 &lt; # ar, ar[m] = ar[n0], m0 &lt; # ar, m &lt; # ar, n0 &lt; # ar, 
∀ n0. m0 &lt; n0 ∧ n0 &lt; # ar → ar[n0] ≠ ar[m0], ∀ m1. m1 &lt; m0 → (∀ n. m1 &lt; n ∧ n &lt; # ar → ar[m1] ≠ ar[n])
⊦ 
m = n0</SEQ></SND></PAIR></LE></LIST></NEWGOALS><RULEARGS>[CASEDARG : pos: left 7, ()]</RULEARGS><EXTRAS>[[CONCRETESIMPRULES : ()]]</EXTRAS></PROOFNODE>