<?xml version="1.0" encoding="UTF-8"?>
<?xml-stylesheet type="text/xsl" href="../../../../proofnode.xsl"?>
<PROOFNODE proofname="challenge3a" previous="14"><NUM>13</NUM><TYPE>step</TYPE><INFO>Heuristic simplifier applied rule simplifier</INFO><SEQ>m2 = m0, # ar = n, ¬ bv0, ar1 = ar, ar[m] = ar[n0], m ≠ n0, m0 &lt; # ar, m &lt; # ar, n0 &lt; # ar, ∀ n0. m0 &lt; n0 ∧ n0 &lt; # ar → ar[n0] ≠ ar[m0], 
∀ m1. m1 &lt; m0 → (∀ n. m1 &lt; n ∧ n &lt; # ar → ar[m1] ≠ ar[n]), 
  (bv0 ⊃ (ar[m1] ≠ ar[n2] ∨ m1 = n2 ∨ ¬ m1 &lt; # ar ∨ ¬ n2 &lt; # ar); (∃ m1. ¬ (m1 &lt; m2 + 1 → (∀ n. m1 &lt; n ∧ n &lt; # ar → ar[m1] ≠ ar[n]))))
∨ ¬ m2 + 1 ≤ # ar ∨ (∀ m, n. ¬ (ar1[m] = ar1[n] ∧ m ≠ n ∧ m &lt; # ar1 ∧ n &lt; # ar1)) ∨ m2 + 1 ≤ m0
⊦ 
</SEQ><NEWGOALS><LIST><LE><PAIR><FST>12</FST><SND><SEQ>ar[m] = ar[n0], m0 &lt; # ar, m &lt; # ar, n0 &lt; # ar, ∀ n0. m0 &lt; n0 ∧ n0 &lt; # ar → ar[n0] ≠ ar[m0], ∀ m1. m1 &lt; m0 → (∀ n. m1 &lt; n ∧ n &lt; # ar → ar[m1] ≠ ar[n]), 
¬ (¬ m0 &lt; m1 → (m1 &lt; n ∧ n &lt; # ar → ar[m1] ≠ ar[n])) ∨ (∀ m2, n1. ar[m2] ≠ ar[n1] ∨ m2 = n1 ∨ ¬ m2 &lt; # ar ∨ ¬ n1 &lt; # ar)
⊦ 
m = n0</SEQ></SND></PAIR></LE></LIST></NEWGOALS><RULEARGS>[emptyarg]</RULEARGS><EXTRAS>[[CONCRETESIMPRULES : ([CSIMPSEQ :  ⊦ m + m0 ≤ m ↔ m0 = 0], 
                       [CSIMPSEQ :  ⊦ m &lt; n → (n ≤ m ↔ false)], 
                       [CSIMPSEQ :  ⊦ ¬ m &lt; n ↔ n ≤ m], 
                       [CSIMPSEQ :  ⊦ m + 1 ≤ n ↔ m &lt; n], 
                       [CSIMPSEQ :  ⊦ m + n = n + m], 
                       [CSIMPSEQ :  ⊦ (m + n0) + n1 = m + n0 + n1], 
                       [CSIMPSEQ :  ⊦ m &lt; n + 1 ↔ ¬ n &lt; m])]]</EXTRAS></PROOFNODE>