<?xml version="1.0" encoding="UTF-8"?>
<?xml-stylesheet type="text/xsl" href="../../../../proofnode.xsl"?>
<PROOFNODE proofname="challenge3a" previous="19"><NUM>18</NUM><TYPE>step</TYPE><INFO>Heuristic simplifier applied rule simplifier</INFO><SEQ>∀ n1, m5, ar2, m6, n3, m7, n4. 
     m4 = # ar2 - n1 ∧ ar2[m6] = ar2[n3] ∧ m6 ≠ n3 ∧ n3 &lt; # ar2 ∧ m6 &lt; # ar2 ∧ m5 &lt; # ar2
   ∧ (∀ m1. m1 &lt; m5 → (∀ n. m1 &lt; n ∧ n &lt; # ar2 → ar2[m1] ≠ ar2[n])) ∧ m5 &lt; n1 ∧ n1 ≤ # ar2 ∧ (∀ n0. m5 &lt; n0 ∧ n0 &lt; n1 → ar2[n0] ≠ ar2[m5])
 → ⦉m0 := m5, bv := false, ar0 := ar2 ; while n1 &lt; # ar0 ∧ ¬ bv do if ar0[m0] = ar0[n1]
                                                                   then m7 := m0, n4 := n1, bv := true
                                                                   else n1 := n1 + 1⦊ 
       ⦉m0 := m0 + 1⦊ 
           (  (bv ⊃ (ar2[m7] = ar2[n4] ∧ m7 ≠ n4 ∧ m7 &lt; # ar2 ∧ n4 &lt; # ar2); (∀ m1. m1 &lt; m0 → (∀ n. m1 &lt; n ∧ n &lt; # ar2 → ar2[m1] ≠ ar2[n])))
            ∧ m0 ≤ # ar2 ∧ (∃ m, n. ar0[m] = ar0[n] ∧ m ≠ n ∧ m &lt; # ar0 ∧ n &lt; # ar0) ∧ ¬ m0 ≤ m5), 
m3 = m0, n1 = n, bv, ar[m0] = ar[n], ar[m] = ar[n0], # ar = (m4 + 1) + n, ar1 = ar, m2 = m0, m ≠ n0, m0 ≤ m4 + n, m ≤ m4 + n, n0 ≤ m4 + n, m0 &lt; # ar, 
n ≤ # ar, m0 &lt; n, m &lt; # ar, n0 &lt; # ar, ∀ n0. m0 &lt; n0 ∧ n0 &lt; n → ar[n0] ≠ ar[n], ∀ m1. m1 &lt; m0 → (∀ n. m1 &lt; n ∧ n &lt; # ar → ar[m1] ≠ ar[n]), 
  (bv ⊃ (ar[m3] ≠ ar[n1] ∨ m3 = n1 ∨ ¬ m3 &lt; # ar ∨ ¬ n1 &lt; # ar); (∃ m1. ¬ (m1 &lt; m2 + 1 → (∀ n. m1 &lt; n ∧ n &lt; # ar → ar[m1] ≠ ar[n]))))
∨ ¬ m2 + 1 ≤ # ar ∨ (∀ m, n. ¬ (ar1[m] = ar1[n] ∧ m ≠ n ∧ m &lt; # ar1 ∧ n &lt; # ar1)) ∨ m2 + 1 ≤ m0
⊦ 
</SEQ><NEWGOALS><LIST><LE><PAIR><FST>17</FST><SND><SEQ>∀ n1, m5, ar2, m6, n3, m7, n4. 
     m4 = # ar2 - n1 ∧ ar2[m6] = ar2[n3] ∧ m6 ≠ n3 ∧ n3 &lt; # ar2 ∧ m6 &lt; # ar2 ∧ m5 &lt; # ar2
   ∧ (∀ m1. m1 &lt; m5 → (∀ n. m1 &lt; n ∧ n &lt; # ar2 → ar2[m1] ≠ ar2[n])) ∧ m5 &lt; n1 ∧ n1 ≤ # ar2 ∧ (∀ n0. m5 &lt; n0 ∧ n0 &lt; n1 → ar2[n0] ≠ ar2[m5])
 → ⦉m0 := m5, bv := false, ar0 := ar2 ; while n1 &lt; # ar0 ∧ ¬ bv do if ar0[m0] = ar0[n1]
                                                                   then m7 := m0, n4 := n1, bv := true
                                                                   else n1 := n1 + 1⦊ 
       ⦉m0 := m0 + 1⦊ 
           (  (bv ⊃ (ar2[m7] = ar2[n4] ∧ m7 ≠ n4 ∧ m7 &lt; # ar2 ∧ n4 &lt; # ar2); (∀ m1. m1 &lt; m0 → (∀ n. m1 &lt; n ∧ n &lt; # ar2 → ar2[m1] ≠ ar2[n])))
            ∧ m0 ≤ # ar2 ∧ (∃ m, n. ar0[m] = ar0[n] ∧ m ≠ n ∧ m &lt; # ar0 ∧ n &lt; # ar0) ∧ ¬ m0 ≤ m5), 
# ar = (m4 + 1) + n, ar[m] = ar[n0], ar[m0] = ar[n], m0 ≠ n, m ≠ n0, m0 &lt; m4 + n, n &lt; # ar, n0 &lt; # ar, m &lt; # ar, m0 &lt; n, m0 &lt; # ar, n0 ≤ m4 + n, 
m ≤ m4 + n, ∀ m1, n1. ar[m1] ≠ ar[n1] ∨ m1 = n1 ∨ ¬ m1 &lt; # ar ∨ ¬ n1 &lt; # ar, ∀ m1. m1 &lt; m0 → (∀ n. m1 &lt; n ∧ n &lt; # ar → ar[m1] ≠ ar[n]), 
∀ n0. m0 &lt; n0 ∧ n0 &lt; n → ar[n0] ≠ ar[n]
⊦ 
</SEQ></SND></PAIR></LE></LIST></NEWGOALS><RULEARGS>[emptyarg]</RULEARGS><EXTRAS>[[CONCRETESIMPRULES : ([CSIMPSEQ :  ⊦ m &lt; n → n ≠ 0], 
                       [CSIMPFORWARD :  ⊦ m &lt; n → n ≠ 0], 
                       [CSIMPSEQ : ⊦ 
                                   m = m0 + n0 ∧ n &lt; n0 → m0 + n &lt; m], 
                       [CSIMPSEQ :  ⊦ m + n &lt; m + n0 ↔ n &lt; n0], 
                       [CSIMPSEQ :  ⊦ m +1 = m + 1], 
                       [CSIMPSEQ :  ⊦ ¬ m + n &lt; m], 
                       [CSIMPSEQ :  ⊦ m &lt; n + 1 ↔ ¬ n &lt; m], 
                       [CSIMPFORWARD :  ⊦ m &lt; n ∧ n &lt; n0 → m +1 &lt; n0], 
                       [CSIMPFORWARD :  ⊦ m &lt; n ∧ n = n0 → m &lt; n0], 
                       [CSIMPSEQ :  ⊦ m &lt; n → m ≤ n], 
                       [CSIMPSEQ :  ⊦ m = m0 + 1 + n → m ≠ n], 
                       [CSIMPSEQ :  ⊦ m ≤ n → (n ≤ m ↔ m = n)], 
                       [CSIMPSEQ :  ⊦ ¬ n &lt; n], 
                       [CSIMPSEQ :  ⊦ m + m0 ≤ m ↔ m0 = 0], 
                       [CSIMPSEQ :  ⊦ m + n = n + m], 
                       [CSIMPSEQ :  ⊦ (m + n0) + n1 = m + n0 + n1], 
                       [CSIMPSEQ :  ⊦ m &lt; n → (n ≤ m ↔ false)], 
                       [CSIMPSEQ :  ⊦ ¬ m &lt; n ↔ n ≤ m], 
                       [CSIMPSEQ :  ⊦ m + 1 ≤ n ↔ m &lt; n])]]</EXTRAS></PROOFNODE>