<?xml version="1.0" encoding="UTF-8"?>
<?xml-stylesheet type="text/xsl" href="../../../../proofnode.xsl"?>
<PROOFNODE proofname="challenge3a" previous="24"><NUM>23</NUM><TYPE>step</TYPE><INFO>Heuristic quantifier closing applied rule all left</INFO><SEQ>n1 = n + 1, ¬ bv0, ar[m] = ar[n0], # ar = (n5 + 1) + n, ar1 = ar, ar[n3] = ar[m0], m2 = m0, ar[m0] ≠ ar[n], m ≠ n0, m ≤ n5 + n, n0 ≤ n5 + n, m0 &lt; # ar, 
m &lt; # ar, n0 &lt; # ar, n &lt; # ar, n3 ≤ n, m0 &lt; n3, m0 &lt; n, n3 &lt; # ar, n3 ≤ n5 + n, m0 &lt; n5 + n, ∀ n0. m0 &lt; n0 ∧ n0 &lt; n → ar[n0] ≠ ar[m0], 
∀ m1. m1 &lt; m0 → (∀ n. m1 &lt; n ∧ n &lt; # ar → ar[m1] ≠ ar[n])
⊦ 
⦉while n1 &lt; # ar1 ∧ ¬ bv0 do if ar1[m2] = ar1[n1]
                             then m1 := m2, n2 := n1, bv0 := true
                             else n1 := n1 + 1⦊ 
    ⦉m2 := m2 + 1⦊ 
        (  (bv0 ⊃ (ar[m1] = ar[n2] ∧ m1 ≠ n2 ∧ m1 &lt; # ar ∧ n2 &lt; # ar); (∀ m1. m1 &lt; m2 → (∀ n. m1 &lt; n ∧ n &lt; # ar → ar[m1] ≠ ar[n]))) ∧ m2 ≤ # ar
         ∧ (∃ m, n. ar1[m] = ar1[n] ∧ m ≠ n ∧ m &lt; # ar1 ∧ n &lt; # ar1) ∧ ¬ m2 ≤ m0)</SEQ><NEWGOALS><LIST></LIST></NEWGOALS><RULEARGS>[EXRARG : pos: left 22, [QUANTTERMLIST : (n3)]]</RULEARGS><EXTRAS>[[CONCRETESIMPRULES : ([CSIMPSEQ :  ⊦ ¬ m &lt; n ↔ n ≤ m], 
                       [CSIMPSEQ :  ⊦ m ≤ n → (n ≤ m ↔ m = n)], 
                       [CSIMPSEQ :  ⊦ m + n = n + m], 
                       [CSIMPFORWARD :  ⊦ m &lt; n ∧ m = n0 → n0 &lt; n], 
                       [CSIMPFORWARD :  ⊦ m &lt; n ∧ n = n0 → m &lt; n0], 
                       [CSIMPSEQ :  ⊦ (m + n0) + n1 = m + n0 + n1])], 
 [EXTRATERMS : (n3)]]</EXTRAS></PROOFNODE>