<?xml version="1.0" encoding="UTF-8"?>
<?xml-stylesheet type="text/xsl" href="../../../../proofnode.xsl"?>
<PROOFNODE proofname="challenge3a" previous="28"><NUM>27</NUM><TYPE>step</TYPE><INFO>Heuristic symbolic execution applied rule assign left</INFO><SEQ>⦉m3 := m0, bv := false, ar0 := ar⦊ 
    ⦉n4 := n2, m7 := m1 ; while n1 &lt; # ar0 ∧ ¬ bv do if ar0[m3] = ar0[n1]
                                                     then m7 := m3, n4 := n1, bv := true
                                                     else n1 := n1 + 1⦊ 
        ⦉m3 := m3 + 1⦊ 
            (  (bv ⊃ (ar[m7] = ar[n4] ∧ m7 ≠ n4 ∧ m7 &lt; # ar ∧ n4 &lt; # ar); (∀ m1. m1 &lt; m3 → (∀ n. m1 &lt; n ∧ n &lt; # ar → ar[m1] ≠ ar[n]))) ∧ m3 ≤ # ar
             ∧ (∃ m, n. ar0[m] = ar0[n] ∧ m ≠ n ∧ m &lt; # ar0 ∧ n &lt; # ar0) ∧ ¬ m3 ≤ m0), 
m2 = m0, n1 = n + 1, ar[m] = ar[n0], # ar = (n5 + 1) + n, ar1 = ar, ¬ bv0, ar[m0] ≠ ar[n], m ≠ n0, m0 &lt; n5 + n, m ≤ n5 + n, n0 ≤ n5 + n, m0 &lt; # ar, 
m0 &lt; n, m &lt; # ar, n0 &lt; # ar, n &lt; # ar, ∀ n0. m0 &lt; n0 ∧ n0 &lt; n → ar[n0] ≠ ar[m0], ∀ m1. m1 &lt; m0 → (∀ n. m1 &lt; n ∧ n &lt; # ar → ar[m1] ≠ ar[n])
⊦ 
⦉while n1 &lt; # ar1 ∧ ¬ bv0 do if ar1[m2] = ar1[n1]
                             then m1 := m2, n2 := n1, bv0 := true
                             else n1 := n1 + 1⦊ 
    ⦉m2 := m2 + 1⦊ 
        (  (bv0 ⊃ (ar[m1] = ar[n2] ∧ m1 ≠ n2 ∧ m1 &lt; # ar ∧ n2 &lt; # ar); (∀ m1. m1 &lt; m2 → (∀ n. m1 &lt; n ∧ n &lt; # ar → ar[m1] ≠ ar[n]))) ∧ m2 ≤ # ar
         ∧ (∃ m, n. ar1[m] = ar1[n] ∧ m ≠ n ∧ m &lt; # ar1 ∧ n &lt; # ar1) ∧ ¬ m2 ≤ m0)</SEQ><NEWGOALS><LIST><LE><PAIR><FST>26</FST><SND><SEQ>⦉n4 := n2, m7 := m1⦊ 
    ⦉while n1 &lt; # ar2 ∧ ¬ bv1 do if ar2[m4] = ar2[n1]
                                 then m7 := m4, n4 := n1, bv1 := true
                                 else n1 := n1 + 1⦊ 
        ⦉m4 := m4 + 1⦊ 
            (  (bv1 ⊃ (ar[m7] = ar[n4] ∧ m7 ≠ n4 ∧ m7 &lt; # ar ∧ n4 &lt; # ar); (∀ m1. m1 &lt; m4 → (∀ n. m1 &lt; n ∧ n &lt; # ar → ar[m1] ≠ ar[n]))) ∧ m4 ≤ # ar
             ∧ (∃ m, n. ar2[m] = ar2[n] ∧ m ≠ n ∧ m &lt; # ar2 ∧ n &lt; # ar2) ∧ ¬ m4 ≤ m0), 
m2 = m0, n1 = n + 1, ar[m] = ar[n0], # ar = (n5 + 1) + n, ar1 = ar, ¬ bv0, ar[m0] ≠ ar[n], m ≠ n0, m0 &lt; n5 + n, m ≤ n5 + n, n0 ≤ n5 + n, m0 &lt; # ar, 
m0 &lt; n, m &lt; # ar, n0 &lt; # ar, n &lt; # ar, ∀ n0. m0 &lt; n0 ∧ n0 &lt; n → ar[n0] ≠ ar[m0], ∀ m1. m1 &lt; m0 → (∀ n. m1 &lt; n ∧ n &lt; # ar → ar[m1] ≠ ar[n]), 
m4 = m0 ∧ (bv1 ↔ false) ∧ ar2 = ar
⊦ 
⦉while n1 &lt; # ar1 ∧ ¬ bv0 do if ar1[m2] = ar1[n1]
                             then m1 := m2, n2 := n1, bv0 := true
                             else n1 := n1 + 1⦊ 
    ⦉m2 := m2 + 1⦊ 
        (  (bv0 ⊃ (ar[m1] = ar[n2] ∧ m1 ≠ n2 ∧ m1 &lt; # ar ∧ n2 &lt; # ar); (∀ m1. m1 &lt; m2 → (∀ n. m1 &lt; n ∧ n &lt; # ar → ar[m1] ≠ ar[n]))) ∧ m2 ≤ # ar
         ∧ (∃ m, n. ar1[m] = ar1[n] ∧ m ≠ n ∧ m &lt; # ar1 ∧ n &lt; # ar1) ∧ ¬ m2 ≤ m0)</SEQ></SND></PAIR></LE></LIST></NEWGOALS><RULEARGS>[emptyarg]</RULEARGS><EXTRAS>[[CONCRETESIMPRULES : ()]]</EXTRAS></PROOFNODE>