<?xml version="1.0" encoding="UTF-8"?>
<?xml-stylesheet type="text/xsl" href="../../../../proofnode.xsl"?>
<PROOFNODE proofname="challenge3a" previous="55"><NUM>3</NUM><TYPE>step</TYPE><INFO>Heuristic simplifier applied rule simplifier</INFO><SEQ>m2 = 0, ar1 = ar, ar[m] = ar[n], ¬ bv0, m ≠ n, n &lt; # ar, m &lt; # ar, 
  (bv0 ⊃ (ar1[m1] ≠ ar1[n2] ∨ m1 = n2 ∨ ¬ m1 &lt; # ar1 ∨ ¬ n2 &lt; # ar1); (∃ m1. ¬ (m1 &lt; m2 → (∀ n. m1 &lt; n ∧ n &lt; # ar1 → ar1[m1] ≠ ar1[n]))))
∨ ¬ m2 ≤ # ar1 ∨ ar1 ≠ ar ∨ (∀ m, n. ¬ (ar1[m] = ar1[n] ∧ m ≠ n ∧ m &lt; # ar1 ∧ n &lt; # ar1))
⊦ 
</SEQ><NEWGOALS><LIST><LE><PAIR><FST>2</FST><SND><SEQ>ar[m] = ar[n], n &lt; # ar, m &lt; # ar, ∀ m0, n0. ar[m0] ≠ ar[n0] ∨ m0 = n0 ∨ ¬ m0 &lt; # ar ∨ ¬ n0 &lt; # ar ⊦ m = n</SEQ></SND></PAIR></LE></LIST></NEWGOALS><RULEARGS>[emptyarg]</RULEARGS><EXTRAS>[[CONCRETESIMPRULES : ([CSIMPSEQ :  ⊦ 0 ≤ m], [CSIMPSEQ :  ⊦ ¬ m &lt; 0])]]</EXTRAS></PROOFNODE>