<?xml version="1.0" encoding="UTF-8"?>
<?xml-stylesheet type="text/xsl" href="../../../../proofnode.xsl"?>
<PROOFNODE proofname="challenge3a" previous="40"><NUM>39</NUM><TYPE>step</TYPE><INFO>Heuristic simplifier applied rule simplifier</INFO><SEQ>∀ ar1, n, m2, m0, ar, m, n0, bv0, m1, n2. 
     m4 = # ar1 - n ∧ m2 = m0 ∧ ar[m] = ar[n0] ∧ ¬ bv0 ∧ ar1 = ar ∧ m ≠ n0 ∧ n0 &lt; # ar ∧ m &lt; # ar ∧ m0 &lt; # ar
   ∧ (∀ m1. m1 &lt; m0 → (∀ n. m1 &lt; n ∧ n &lt; # ar → ar[m1] ≠ ar[n])) ∧ m2 &lt; n ∧ n ≤ # ar1 ∧ (∀ n0. m2 &lt; n0 ∧ n0 &lt; n → ar1[n0] ≠ ar1[m2])
 → ⦉while n &lt; # ar1 ∧ ¬ bv0 do if ar1[m2] = ar1[n]
                               then m1 := m2, n2 := n, bv0 := true
                               else n := n + 1⦊ 
       ⦉m2 := m2 + 1⦊ 
           (  (bv0 ⊃ (ar[m1] = ar[n2] ∧ m1 ≠ n2 ∧ m1 &lt; # ar ∧ n2 &lt; # ar); (∀ m1. m1 &lt; m2 → (∀ n. m1 &lt; n ∧ n &lt; # ar → ar[m1] ≠ ar[n]))) ∧ m2 ≤ # ar
            ∧ (∃ m, n. ar1[m] = ar1[n] ∧ m ≠ n ∧ m &lt; # ar1 ∧ n &lt; # ar1) ∧ ¬ m2 ≤ m0), 
m4 +1 = # ar1 - n, m2 = m0, ar[m] = ar[n0], ¬ bv0, ar1 = ar, m ≠ n0, n0 &lt; # ar, m &lt; # ar, m0 &lt; # ar, 
∀ m1. m1 &lt; m0 → (∀ n. m1 &lt; n ∧ n &lt; # ar → ar[m1] ≠ ar[n]), m2 &lt; n, n ≤ # ar1, ∀ n0. m2 &lt; n0 ∧ n0 &lt; n → ar1[n0] ≠ ar1[m2]
⊦ 
⦉while n &lt; # ar1 ∧ ¬ bv0 do if ar1[m2] = ar1[n]
                            then m1 := m2, n2 := n, bv0 := true
                            else n := n + 1⦊ 
    ⦉m2 := m2 + 1⦊ 
        (  (bv0 ⊃ (ar[m1] = ar[n2] ∧ m1 ≠ n2 ∧ m1 &lt; # ar ∧ n2 &lt; # ar); (∀ m1. m1 &lt; m2 → (∀ n. m1 &lt; n ∧ n &lt; # ar → ar[m1] ≠ ar[n]))) ∧ m2 ≤ # ar
         ∧ (∃ m, n. ar1[m] = ar1[n] ∧ m ≠ n ∧ m &lt; # ar1 ∧ n &lt; # ar1) ∧ ¬ m2 ≤ m0)</SEQ><NEWGOALS><LIST><LE><PAIR><FST>38</FST><SND><SEQ>∀ n1, m5, ar2, m6, n3, m7, n4. 
     m4 = # ar2 - n1 ∧ ar2[m6] = ar2[n3] ∧ m6 ≠ n3 ∧ n3 &lt; # ar2 ∧ m6 &lt; # ar2 ∧ m5 &lt; # ar2
   ∧ (∀ m1. m1 &lt; m5 → (∀ n. m1 &lt; n ∧ n &lt; # ar2 → ar2[m1] ≠ ar2[n])) ∧ m5 &lt; n1 ∧ n1 ≤ # ar2 ∧ (∀ n0. m5 &lt; n0 ∧ n0 &lt; n1 → ar2[n0] ≠ ar2[m5])
 → ⦉m3 := m5, bv := false, ar0 := ar2 ; while n1 &lt; # ar0 ∧ ¬ bv do if ar0[m3] = ar0[n1]
                                                                   then m7 := m3, n4 := n1, bv := true
                                                                   else n1 := n1 + 1⦊ 
       ⦉m3 := m3 + 1⦊ 
           (  (bv ⊃ (ar2[m7] = ar2[n4] ∧ m7 ≠ n4 ∧ m7 &lt; # ar2 ∧ n4 &lt; # ar2); (∀ m1. m1 &lt; m3 → (∀ n. m1 &lt; n ∧ n &lt; # ar2 → ar2[m1] ≠ ar2[n])))
            ∧ m3 ≤ # ar2 ∧ (∃ m, n. ar0[m] = ar0[n] ∧ m ≠ n ∧ m &lt; # ar0 ∧ n &lt; # ar0) ∧ ¬ m3 ≤ m5), 
m2 = m0, m4 + 1 = # ar - n, ¬ bv0, ar1 = ar, ar[m] = ar[n0], m ≠ n0, m0 &lt; # ar, n ≤ # ar, m0 &lt; n, m &lt; # ar, n0 &lt; # ar, 
∀ n0. m0 &lt; n0 ∧ n0 &lt; n → ar[n0] ≠ ar[m0], ∀ m1. m1 &lt; m0 → (∀ n. m1 &lt; n ∧ n &lt; # ar → ar[m1] ≠ ar[n])
⊦ 
⦉while n &lt; # ar1 ∧ ¬ bv0 do if ar1[m2] = ar1[n]
                            then m1 := m2, n2 := n, bv0 := true
                            else n := n + 1⦊ 
    ⦉m2 := m2 + 1⦊ 
        (  (bv0 ⊃ (ar[m1] = ar[n2] ∧ m1 ≠ n2 ∧ m1 &lt; # ar ∧ n2 &lt; # ar); (∀ m1. m1 &lt; m2 → (∀ n. m1 &lt; n ∧ n &lt; # ar → ar[m1] ≠ ar[n]))) ∧ m2 ≤ # ar
         ∧ (∃ m, n. ar1[m] = ar1[n] ∧ m ≠ n ∧ m &lt; # ar1 ∧ n &lt; # ar1) ∧ ¬ m2 ≤ m0)</SEQ></SND></PAIR></LE></LIST></NEWGOALS><RULEARGS>[emptyarg]</RULEARGS><EXTRAS>[[CONCRETESIMPRULES : ([CSIMPSEQ :  ⊦ m &lt; n → n ≠ 0], 
                       [CSIMPFORWARD :  ⊦ m &lt; n → n ≠ 0], 
                       [CSIMPFORWARD :  ⊦ m &lt; n ∧ m = n0 → n0 &lt; n], 
                       [CSIMPFORWARD :  ⊦ m &lt; n ∧ n ≤ n0 → m &lt; n0], 
                       [CSIMPSEQ :  ⊦ m +1 = m + 1])]]</EXTRAS></PROOFNODE>