<?xml version="1.0" encoding="UTF-8"?>
<?xml-stylesheet type="text/xsl" href="../../../../proofnode.xsl"?>
<PROOFNODE proofname="challenge3a" previous="42"><NUM>41</NUM><TYPE>step</TYPE><INFO>User applied rule weakening</INFO><SEQ>m2 = m0, n = m0 + 1, ar[m] = ar[n0], ¬ bv0, ar1 = ar, m ≠ n0, n0 &lt; # ar, m &lt; # ar, m0 &lt; # ar, 
∀ m1. m1 &lt; m0 → (∀ n. m1 &lt; n ∧ n &lt; # ar → ar[m1] ≠ ar[n]), m2 &lt; n, n ≤ # ar1, ∀ n0. m2 &lt; n0 ∧ n0 &lt; n → ar1[n0] ≠ ar1[m2]
⊦ 
⦉while n &lt; # ar1 ∧ ¬ bv0 do if ar1[m2] = ar1[n]
                            then m1 := m2, n2 := n, bv0 := true
                            else n := n + 1⦊ 
    ⦉m2 := m2 + 1⦊ 
        (  (bv0 ⊃ (ar[m1] = ar[n2] ∧ m1 ≠ n2 ∧ m1 &lt; # ar ∧ n2 &lt; # ar); (∀ m1. m1 &lt; m2 → (∀ n. m1 &lt; n ∧ n &lt; # ar → ar[m1] ≠ ar[n]))) ∧ m2 ≤ # ar
         ∧ (∃ m, n. ar1[m] = ar1[n] ∧ m ≠ n ∧ m &lt; # ar1 ∧ n &lt; # ar1) ∧ ¬ m2 ≤ m0)</SEQ><NEWGOALS><LIST><LE><PAIR><FST>40</FST><SND><SEQ>m2 = m0, ar[m] = ar[n0], ¬ bv0, ar1 = ar, m ≠ n0, n0 &lt; # ar, m &lt; # ar, m0 &lt; # ar, ∀ m1. m1 &lt; m0 → (∀ n. m1 &lt; n ∧ n &lt; # ar → ar[m1] ≠ ar[n]), m2 &lt; n, 
n ≤ # ar1, ∀ n0. m2 &lt; n0 ∧ n0 &lt; n → ar1[n0] ≠ ar1[m2]
⊦ 
⦉while n &lt; # ar1 ∧ ¬ bv0 do if ar1[m2] = ar1[n]
                            then m1 := m2, n2 := n, bv0 := true
                            else n := n + 1⦊ 
    ⦉m2 := m2 + 1⦊ 
        (  (bv0 ⊃ (ar[m1] = ar[n2] ∧ m1 ≠ n2 ∧ m1 &lt; # ar ∧ n2 &lt; # ar); (∀ m1. m1 &lt; m2 → (∀ n. m1 &lt; n ∧ n &lt; # ar → ar[m1] ≠ ar[n]))) ∧ m2 ≤ # ar
         ∧ (∃ m, n. ar1[m] = ar1[n] ∧ m ≠ n ∧ m &lt; # ar1 ∧ n &lt; # ar1) ∧ ¬ m2 ≤ m0)</SEQ></SND></PAIR></LE></LIST></NEWGOALS><RULEARGS>[fmaposlist-arg: (pos: left 2)]</RULEARGS><EXTRAS>[[CONCRETESIMPRULES : ()]]</EXTRAS></PROOFNODE>