<?xml version="1.0" encoding="UTF-8"?>
<?xml-stylesheet type="text/xsl" href="../../../../proofnode.xsl"?>
<PROOFNODE proofname="challenge3a" previous="46"><NUM>45</NUM><TYPE>step</TYPE><INFO>User applied rule all left</INFO><SEQ>ar[m] = ar[n], n &lt; # ar, n &lt; m, m &lt; # ar, n + 1 &lt; # ar, ar[m1] ≠ ar[n2] ∨ m1 = n2 ∨ ¬ m1 &lt; # ar ∨ ¬ n2 &lt; # ar, 
∀ n0. n &lt; n0 ∧ n0 &lt; # ar → ar[n] ≠ ar[n0]
⊦ 
m = n</SEQ><NEWGOALS><LIST></LIST></NEWGOALS><RULEARGS>[EXRARG : pos: left 7, 
          [extquanttermlist: (m)abort:F, discard:T, computed:T]]</RULEARGS><EXTRAS>[[CONCRETESIMPRULES : ()], [EXTRATERMS : (m)]]</EXTRAS></PROOFNODE>