<?xml version="1.0" encoding="UTF-8"?>
<?xml-stylesheet type="text/xsl" href="../../../../proofnode.xsl"?>
<PROOFNODE proofname="challenge3a" previous="47"><NUM>46</NUM><TYPE>step</TYPE><INFO>Heuristic simplifier applied rule simplifier</INFO><SEQ>ar[m] = ar[n], n &lt; # ar, n &lt; m, m &lt; # ar, n + 1 &lt; # ar, ar[m1] ≠ ar[n2] ∨ m1 = n2 ∨ ¬ m1 &lt; # ar ∨ ¬ n2 &lt; # ar, 
n &lt; # ar → (∀ n0. n &lt; n0 ∧ n0 &lt; # ar → ar[n] ≠ ar[n0])
⊦ 
m = n</SEQ><NEWGOALS><LIST><LE><PAIR><FST>45</FST><SND><SEQ>ar[m] = ar[n], n &lt; # ar, n &lt; m, m &lt; # ar, n + 1 &lt; # ar, ar[m1] ≠ ar[n2] ∨ m1 = n2 ∨ ¬ m1 &lt; # ar ∨ ¬ n2 &lt; # ar, 
∀ n0. n &lt; n0 ∧ n0 &lt; # ar → ar[n] ≠ ar[n0]
⊦ 
m = n</SEQ></SND></PAIR></LE></LIST></NEWGOALS><RULEARGS>[emptyarg]</RULEARGS><EXTRAS>[[CONCRETESIMPRULES : ()]]</EXTRAS></PROOFNODE>