<?xml version="1.0" encoding="UTF-8"?>
<?xml-stylesheet type="text/xsl" href="../../../../proofnode.xsl"?>
<PROOFNODE proofname="challenge3a" previous="48"><NUM>47</NUM><TYPE>step</TYPE><INFO>User applied rule all left</INFO><SEQ>ar[m] = ar[n], n &lt; # ar, n &lt; m, m &lt; # ar, n + 1 &lt; # ar, ar[m1] ≠ ar[n2] ∨ m1 = n2 ∨ ¬ m1 &lt; # ar ∨ ¬ n2 &lt; # ar, 
∀ m1. m1 &lt; # ar → (∀ n. m1 &lt; n ∧ n &lt; # ar → ar[m1] ≠ ar[n])
⊦ 
m = n</SEQ><NEWGOALS><LIST><LE><PAIR><FST>46</FST><SND><SEQ>ar[m] = ar[n], n &lt; # ar, n &lt; m, m &lt; # ar, n + 1 &lt; # ar, ar[m1] ≠ ar[n2] ∨ m1 = n2 ∨ ¬ m1 &lt; # ar ∨ ¬ n2 &lt; # ar, 
n &lt; # ar → (∀ n0. n &lt; n0 ∧ n0 &lt; # ar → ar[n] ≠ ar[n0])
⊦ 
m = n</SEQ></SND></PAIR></LE></LIST></NEWGOALS><RULEARGS>[EXRARG : pos: left 7, 
          [extquanttermlist: (n)abort:F, discard:T, computed:T]]</RULEARGS><EXTRAS>[[CONCRETESIMPRULES : ()], [EXTRATERMS : (n)]]</EXTRAS></PROOFNODE>