<?xml version="1.0" encoding="UTF-8"?>
<?xml-stylesheet type="text/xsl" href="../../../../proofnode.xsl"?>
<PROOFNODE proofname="challenge3a" previous="52"><NUM>51</NUM><TYPE>step</TYPE><INFO>User applied rule all left</INFO><SEQ>ar[m] = ar[n], n &lt; # ar, m &lt; # ar, ∀ m1. m1 &lt; # ar → (∀ n. m1 &lt; n ∧ n &lt; # ar → ar[m1] ≠ ar[n]), ar[m1] ≠ ar[n2] ∨ m1 = n2 ∨ ¬ m1 &lt; # ar ∨ ¬ n2 &lt; # ar
⊦ 
m = n</SEQ><NEWGOALS><LIST><LE><PAIR><FST>50</FST><SND><SEQ>ar[m] = ar[n], n &lt; # ar, m &lt; # ar, m &lt; # ar → (∀ n. m &lt; n ∧ n &lt; # ar → ar[m] ≠ ar[n]), ∀ m1. m1 &lt; # ar → (∀ n. m1 &lt; n ∧ n &lt; # ar → ar[m1] ≠ ar[n]), 
ar[m1] ≠ ar[n2] ∨ m1 = n2 ∨ ¬ m1 &lt; # ar ∨ ¬ n2 &lt; # ar
⊦ 
m = n</SEQ></SND></PAIR></LE></LIST></NEWGOALS><RULEARGS>[EXRARG : pos: left 4, 
          [extquanttermlist: (m)abort:F, discard:F, computed:T]]</RULEARGS><EXTRAS>[[CONCRETESIMPRULES : ()], [EXTRATERMS : (m)]]</EXTRAS></PROOFNODE>