<?xml version="1.0" encoding="UTF-8"?>
<?xml-stylesheet type="text/xsl" href="../../../../proofnode.xsl"?>
<PROOFNODE proofname="challenge3a" previous="53"><NUM>52</NUM><TYPE>step</TYPE><INFO>Heuristic simplifier applied rule simplifier</INFO><SEQ>ar[m] = ar[n], m2 ≤ # ar, m &lt; # ar, n &lt; # ar, 
bv0 ⊃ (ar[m1] = ar[n2] ∧ m1 ≠ n2 ∧ m1 &lt; # ar ∧ n2 &lt; # ar) ; (∀ m1. m1 &lt; m2 → (∀ n. m1 &lt; n ∧ n &lt; # ar → ar[m1] ≠ ar[n])), 
ar[m1] ≠ ar[n2] ∨ m1 = n2 ∨ ¬ m1 &lt; # ar ∨ ¬ n2 &lt; # ar
⊦ 
bv0, m = n, m2 &lt; # ar ∧ ¬ bv0</SEQ><NEWGOALS><LIST><LE><PAIR><FST>51</FST><SND><SEQ>ar[m] = ar[n], n &lt; # ar, m &lt; # ar, ∀ m1. m1 &lt; # ar → (∀ n. m1 &lt; n ∧ n &lt; # ar → ar[m1] ≠ ar[n]), ar[m1] ≠ ar[n2] ∨ m1 = n2 ∨ ¬ m1 &lt; # ar ∨ ¬ n2 &lt; # ar
⊦ 
m = n</SEQ></SND></PAIR></LE></LIST></NEWGOALS><RULEARGS>[emptyarg]</RULEARGS><EXTRAS>[[CONCRETESIMPRULES : ([CSIMPSEQ :  ⊦ m ≤ m], 
                       [CSIMPFORWARD :  ⊦ m &lt; n ∧ n = n0 → m &lt; n0], 
                       [CSIMPSEQ :  ⊦ m ≤ n → (n ≤ m ↔ m = n)], 
                       [CSIMPSEQ :  ⊦ ¬ m &lt; n ↔ n ≤ m])]]</EXTRAS></PROOFNODE>