<?xml version="1.0" encoding="UTF-8"?>
<?xml-stylesheet type="text/xsl" href="../../../../proofnode.xsl"?>
<PROOFNODE proofname="challenge3a" previous="57"><NUM>56</NUM><TYPE>step</TYPE><INFO>Heuristic simplifier applied rule simplifier</INFO><SEQ>ar[m] = ar[n], m ≠ n, n &lt; # ar, m &lt; # ar, bv0 ↔ false, m2 = 0, n2 = n0 ∧ m1 = m0 ∧ ar1 = ar
⊦ 
⦉while m2 &lt; # ar1 ∧ ¬ bv0
 do { 
       let n1 = m2 + 1 in while n1 &lt; # ar1 ∧ ¬ bv0 do if ar1[m2] = ar1[n1]
                                                      then m1 := m2, n2 := n1, bv0 := true
                                                      else n1 := n1 + 1 ; m2 := m2 + 1
    }⦊ (ar[m1] = ar[n2] ∧ m1 ≠ n2 ∧ m1 &lt; # ar ∧ n2 &lt; # ar)</SEQ><NEWGOALS><LIST><LE><PAIR><FST>55</FST><SND><SEQ>m2 = 0, ar1 = ar, ar[m] = ar[n], ¬ bv0, m ≠ n, n &lt; # ar, m &lt; # ar
⊦ 
⦉while m2 &lt; # ar1 ∧ ¬ bv0
 do { 
       let n1 = m2 + 1 in while n1 &lt; # ar1 ∧ ¬ bv0 do if ar1[m2] = ar1[n1]
                                                      then m1 := m2, n2 := n1, bv0 := true
                                                      else n1 := n1 + 1 ; m2 := m2 + 1
    }⦊ (ar[m1] = ar[n2] ∧ m1 ≠ n2 ∧ m1 &lt; # ar ∧ n2 &lt; # ar)</SEQ></SND></PAIR></LE></LIST></NEWGOALS><RULEARGS>[emptyarg]</RULEARGS><EXTRAS>[[CONCRETESIMPRULES : ()]]</EXTRAS></PROOFNODE>