<?xml version="1.0" encoding="UTF-8"?>
<?xml-stylesheet type="text/xsl" href="../../../../proofnode.xsl"?>
<PROOFNODE proofname="challenge3a" previous="7"><NUM>6</NUM><TYPE>step</TYPE><INFO>Heuristic quantifier closing applied rule all left</INFO><SEQ>ar[m1] = ar[n], ar[m] = ar[n0], m1 &lt; m0, m1 + 1 &lt; # ar, m1 &lt; # ar, m1 &lt; n, n &lt; # ar, m0 &lt; # ar, m &lt; # ar, n0 &lt; # ar, 
∀ n. m1 &lt; n ∧ n &lt; # ar → ar[m1] ≠ ar[n], ∀ n0. m0 &lt; n0 ∧ n0 &lt; # ar → ar[n0] ≠ ar[m0], ∀ m1. m1 &lt; m0 → (∀ n. m1 &lt; n ∧ n &lt; # ar → ar[m1] ≠ ar[n])
⊦ 
m = n0, m1 = m0</SEQ><NEWGOALS><LIST></LIST></NEWGOALS><RULEARGS>[EXRARG : pos: left 11, [QUANTTERMLIST : (n)]]</RULEARGS><EXTRAS>[[CONCRETESIMPRULES : ()], [EXTRATERMS : (n)]]</EXTRAS></PROOFNODE>