<?xml version="1.0" encoding="UTF-8"?>
<?xml-stylesheet type="text/xsl" href="../../../../proofnode.xsl"?>
<PROOFNODE proofname="challenge3a" previous="9"><NUM>8</NUM><TYPE>step</TYPE><INFO>User applied rule cut formula</INFO><SEQ>ar[m] = ar[n0], ar[m1] = ar[n], m1 ≤ m0, n0 &lt; # ar, m &lt; # ar, m0 &lt; # ar, n &lt; # ar, m1 &lt; n, m1 &lt; # ar, m1 + 1 &lt; # ar, 
m1 &lt; m0 → (∀ n. m1 &lt; n ∧ n &lt; # ar → ar[m1] ≠ ar[n]), ∀ m1. m1 &lt; m0 → (∀ n. m1 &lt; n ∧ n &lt; # ar → ar[m1] ≠ ar[n]), 
∀ n0. m0 &lt; n0 ∧ n0 &lt; # ar → ar[n0] ≠ ar[m0]
⊦ 
m = n0</SEQ><NEWGOALS><LIST><LE><PAIR><FST>5</FST><SND><SEQ>m1 = m0, ar[m] = ar[n0], ar[m1] = ar[n], m1 ≤ m0, n0 &lt; # ar, m &lt; # ar, m0 &lt; # ar, n &lt; # ar, m1 &lt; n, m1 &lt; # ar, m1 + 1 &lt; # ar, 
m1 &lt; m0 → (∀ n. m1 &lt; n ∧ n &lt; # ar → ar[m1] ≠ ar[n]), ∀ m1. m1 &lt; m0 → (∀ n. m1 &lt; n ∧ n &lt; # ar → ar[m1] ≠ ar[n]), 
∀ n0. m0 &lt; n0 ∧ n0 &lt; # ar → ar[n0] ≠ ar[m0]
⊦ 
m = n0</SEQ></SND></PAIR></LE><LE><PAIR><FST>7</FST><SND><SEQ>ar[m] = ar[n0], ar[m1] = ar[n], m1 ≤ m0, n0 &lt; # ar, m &lt; # ar, m0 &lt; # ar, n &lt; # ar, m1 &lt; n, m1 &lt; # ar, m1 + 1 &lt; # ar, 
m1 &lt; m0 → (∀ n. m1 &lt; n ∧ n &lt; # ar → ar[m1] ≠ ar[n]), ∀ m1. m1 &lt; m0 → (∀ n. m1 &lt; n ∧ n &lt; # ar → ar[m1] ≠ ar[n]), 
∀ n0. m0 &lt; n0 ∧ n0 &lt; # ar → ar[n0] ≠ ar[m0]
⊦ 
m1 = m0, m = n0</SEQ></SND></PAIR></LE></LIST></NEWGOALS><RULEARGS>[fma-arg: m1 = m0]</RULEARGS><EXTRAS>[[CONCRETESIMPRULES : ()], [EXTRAFMAS : (m1 = m0)]]</EXTRAS></PROOFNODE>