<?xml version="1.0" encoding="UTF-8"?>
<?xml-stylesheet type="text/xsl" href="../../../../proofnode.xsl"?>
<PROOFNODE proofname="challenge3a" previous="10"><NUM>9</NUM><TYPE>step</TYPE><INFO>User applied rule all left</INFO><SEQ>ar[m] = ar[n0], ar[m1] = ar[n], m1 ≤ m0, n0 &lt; # ar, m &lt; # ar, m0 &lt; # ar, n &lt; # ar, m1 &lt; n, m1 &lt; # ar, m1 + 1 &lt; # ar, 
∀ m1. m1 &lt; m0 → (∀ n. m1 &lt; n ∧ n &lt; # ar → ar[m1] ≠ ar[n]), ∀ n0. m0 &lt; n0 ∧ n0 &lt; # ar → ar[n0] ≠ ar[m0]
⊦ 
m = n0</SEQ><NEWGOALS><LIST><LE><PAIR><FST>8</FST><SND><SEQ>ar[m] = ar[n0], ar[m1] = ar[n], m1 ≤ m0, n0 &lt; # ar, m &lt; # ar, m0 &lt; # ar, n &lt; # ar, m1 &lt; n, m1 &lt; # ar, m1 + 1 &lt; # ar, 
m1 &lt; m0 → (∀ n. m1 &lt; n ∧ n &lt; # ar → ar[m1] ≠ ar[n]), ∀ m1. m1 &lt; m0 → (∀ n. m1 &lt; n ∧ n &lt; # ar → ar[m1] ≠ ar[n]), 
∀ n0. m0 &lt; n0 ∧ n0 &lt; # ar → ar[n0] ≠ ar[m0]
⊦ 
m = n0</SEQ></SND></PAIR></LE></LIST></NEWGOALS><RULEARGS>[EXRARG : pos: left 11, 
          [extquanttermlist: (m1)abort:F, discard:F, computed:F]]</RULEARGS><EXTRAS>[[CONCRETESIMPRULES : ()], [EXTRATERMS : (m1)]]</EXTRAS></PROOFNODE>