<?xml version="1.0" encoding="UTF-8"?>
<?xml-stylesheet type="text/xsl" href="../../../../proof.xsl"?>
<COORDINATES><NAME>challenge3a</NAME><CONCLUSION>60</CONCLUSION><IMAGE>proof-tree.png</IMAGE><WIDTH>230</WIDTH><HEIGHT>1070</HEIGHT><LIST><NODE><X>65</X><Y>1025</Y><NUM>60</NUM></NODE><NODE><X>65</X><Y>985</Y><NUM>59</NUM></NODE><NODE><X>105</X><Y>945</Y><NUM>58</NUM></NODE><NODE><X>105</X><Y>905</Y><NUM>57</NUM></NODE><NODE><X>105</X><Y>865</Y><NUM>56</NUM></NODE><NODE><X>105</X><Y>825</Y><NUM>55</NUM></NODE><NODE><X>185</X><Y>785</Y><NUM>54</NUM></NODE><NODE><X>185</X><Y>745</Y><NUM>53</NUM></NODE><NODE><X>185</X><Y>705</Y><NUM>52</NUM></NODE><NODE><X>185</X><Y>665</Y><NUM>51</NUM></NODE><NODE><X>185</X><Y>625</Y><NUM>50</NUM></NODE><NODE><X>185</X><Y>585</Y><NUM>49</NUM></NODE><NODE><X>185</X><Y>545</Y><NUM>48</NUM></NODE><NODE><X>185</X><Y>505</Y><NUM>47</NUM></NODE><NODE><X>185</X><Y>465</Y><NUM>46</NUM></NODE><NODE><X>185</X><Y>425</Y><NUM>45</NUM></NODE><NODE><X>105</X><Y>785</Y><NUM>44</NUM></NODE><NODE><X>105</X><Y>745</Y><NUM>43</NUM></NODE><NODE><X>105</X><Y>705</Y><NUM>42</NUM></NODE><NODE><X>105</X><Y>665</Y><NUM>41</NUM></NODE><NODE><X>105</X><Y>625</Y><NUM>40</NUM></NODE><NODE><X>145</X><Y>585</Y><NUM>39</NUM></NODE><NODE><X>145</X><Y>545</Y><NUM>38</NUM></NODE><NODE><X>145</X><Y>505</Y><NUM>37</NUM></NODE><NODE><X>145</X><Y>465</Y><NUM>36</NUM></NODE><NODE><X>145</X><Y>425</Y><NUM>35</NUM></NODE><NODE><X>165</X><Y>385</Y><NUM>34</NUM></NODE><NODE><X>165</X><Y>345</Y><NUM>33</NUM></NODE><NODE><X>165</X><Y>305</Y><NUM>32</NUM></NODE><NODE><X>165</X><Y>265</Y><NUM>31</NUM></NODE><NODE><X>165</X><Y>225</Y><NUM>30</NUM></NODE><NODE><X>165</X><Y>185</Y><NUM>29</NUM></NODE><NODE><X>165</X><Y>145</Y><NUM>28</NUM></NODE><NODE><X>185</X><Y>105</Y><NUM>27</NUM></NODE><NODE><X>185</X><Y>65</Y><NUM>26</NUM></NODE><NODE><X>185</X><Y>25</Y><NUM>25</NUM></NODE><NODE><X>145</X><Y>105</Y><NUM>24</NUM></NODE><NODE><X>145</X><Y>65</Y><NUM>23</NUM></NODE><NODE><X>125</X><Y>385</Y><NUM>22</NUM></NODE><NODE><X>125</X><Y>345</Y><NUM>21</NUM></NODE><NODE><X>125</X><Y>305</Y><NUM>20</NUM></NODE><NODE><X>125</X><Y>265</Y><NUM>19</NUM></NODE><NODE><X>125</X><Y>225</Y><NUM>18</NUM></NODE><NODE><X>125</X><Y>185</Y><NUM>17</NUM></NODE><NODE><X>65</X><Y>585</Y><NUM>16</NUM></NODE><NODE><X>65</X><Y>545</Y><NUM>15</NUM></NODE><NODE><X>65</X><Y>505</Y><NUM>14</NUM></NODE><NODE><X>65</X><Y>465</Y><NUM>13</NUM></NODE><NODE><X>65</X><Y>425</Y><NUM>12</NUM></NODE><NODE><X>85</X><Y>385</Y><NUM>11</NUM></NODE><NODE><X>45</X><Y>385</Y><NUM>10</NUM></NODE><NODE><X>45</X><Y>345</Y><NUM>9</NUM></NODE><NODE><X>45</X><Y>305</Y><NUM>8</NUM></NODE><NODE><X>65</X><Y>265</Y><NUM>7</NUM></NODE><NODE><X>65</X><Y>225</Y><NUM>6</NUM></NODE><NODE><X>25</X><Y>265</Y><NUM>5</NUM></NODE><NODE><X>25</X><Y>225</Y><NUM>4</NUM></NODE><NODE><X>25</X><Y>785</Y><NUM>3</NUM></NODE><NODE><X>25</X><Y>745</Y><NUM>2</NUM></NODE><NODE><X>25</X><Y>945</Y><NUM>1</NUM></NODE></LIST></COORDINATES>