<?xml version="1.0" encoding="UTF-8"?>
<?xml-stylesheet type="text/xsl" href="../../../dependency.xsl"?>
<LEMMADEPENDENCY name="Specification finddup"><LE><DEPENTRY><NAME>challenge3</NAME><STATUS>proved</STATUS><SUBSPROVED><T/></SUBSPROVED><USED><LE>challenge3b</LE><LE>challenge3a</LE></USED></DEPENTRY></LE><LE><DEPENTRY><NAME>challenge3b</NAME><STATUS>proved</STATUS><SUBSPROVED><T/></SUBSPROVED><USED><LE>FINDDUPSND</LE></USED></DEPENTRY></LE><LE><DEPENTRY><NAME>challenge3a</NAME><STATUS>proved</STATUS><SUBSPROVED><T/></SUBSPROVED><USED><LE>FINDDUP</LE></USED></DEPENTRY></LE><LE><DEPENTRY><NAME>FINDDUPSND</NAME><STATUS>axiom</STATUS><SUBSPROVED><F/></SUBSPROVED><USED></USED></DEPENTRY></LE><LE><DEPENTRY><NAME>FINDDUP</NAME><STATUS>axiom</STATUS><SUBSPROVED><F/></SUBSPROVED><USED></USED></DEPENTRY></LE></LEMMADEPENDENCY>