<?xml version="1.0" encoding="UTF-8"?>
<?xml-stylesheet type="text/xsl" href="../../../lemmabase.xsl"?>
<LEMMABASE name="Specification finddup"><LEMMAVERSION><VERSION><THEVERSION>0</THEVERSION></VERSION></LEMMAVERSION><TOFILE><T/></TOFILE><LEMMADIR><DIRECTORY><TRUENAME>specs/finddup/proofs/</TRUENAME></DIRECTORY></LEMMADIR><VALIDBASE><T/></VALIDBASE><SAVELEMMAS><F/></SAVELEMMAS><BASEDATE>3526735380</BASEDATE><MODIFIEDLEMMAS><LIST></LIST></MODIFIEDLEMMAS><ADDEDLEMMAS><LIST></LIST></ADDEDLEMMAS><OWNLOCKEDLEMMAS><LIST></LIST></OWNLOCKEDLEMMAS><OTHERLOCKEDLEMMAS><LIST></LIST></OTHERLOCKEDLEMMAS><LEMMADECLS><LIST></LIST></LEMMADECLS><THELEMMAS><LIST><LE><LEMMAINFO><LEMMANAME>FINDDUP</LEMMANAME><LEMMAGOAL><DECLGOAL><GOALDECL><PROCDECL>FINDDUP# (ar; m0, n0)
  { 
     let m = 0, bv = false
     in while m &lt; # ar ∧ ¬ bv
        do { 
              let n = m + 1 in while n &lt; # ar ∧ ¬ bv do if ar[m] = ar[n]
                                                        then m0 := m, n0 := n, bv := true
                                                        else n := n + 1 ; m := m + 1
           }
  }</PROCDECL></GOALDECL></DECLGOAL></LEMMAGOAL><LEMMATYPE><AXIOMLEMMA/></LEMMATYPE><VALIDITY><LIST></LIST></VALIDITY><USEDLEMMAS><LIST></LIST></USEDLEMMAS><SIDEGOALS><LIST></LIST></SIDEGOALS><MAINGOALS><LIST></LIST></MAINGOALS><USERACTIONS>0</USERACTIONS><PROOFSTEPS>0</PROOFSTEPS><PROVED><F/></PROVED><PROOFEXISTS><F/></PROOFEXISTS><PROOFFILENAME>FINDDUP-proof</PROOFFILENAME><LEMMAPROOFBAG><DUMMY/></LEMMAPROOFBAG><SAVETREE><F/></SAVETREE><INFOFILENAME>FINDDUP-proof-info</INFOFILENAME><LEMMAPROOFINFOBAG><DUMMY/></LEMMAPROOFINFOBAG><SAVEINFOS><F/></SAVEINFOS><EXTRALEMMAINFO><EXTRALINFOLIST><THEEXTRALINFOLIST><LIST></LIST></THEEXTRALINFOLIST></EXTRALINFOLIST></EXTRALEMMAINFO><PRECHARTS><LIST></LIST></PRECHARTS><EXTRALISLOT2><LIST></LIST></EXTRALISLOT2></LEMMAINFO></LE><LE><LEMMAINFO><LEMMANAME>FINDDUPSND</LEMMANAME><LEMMAGOAL><DECLGOAL><GOALDECL><PROCDECL>FINDDUPSND# (ar, a; m0, n0)
  { 
     let m = 0, bv = false
     in while m &lt; # ar ∧ ¬ bv
        do { 
              let n = m + 1 in while n &lt; # ar ∧ ¬ bv do if ar[m] = ar[n] ∧ ar[m] ≠ a
                                                        then m0 := m, n0 := n, bv := true
                                                        else n := n + 1 ; m := m + 1
           }
  }</PROCDECL></GOALDECL></DECLGOAL></LEMMAGOAL><LEMMATYPE><AXIOMLEMMA/></LEMMATYPE><VALIDITY><LIST></LIST></VALIDITY><USEDLEMMAS><LIST></LIST></USEDLEMMAS><SIDEGOALS><LIST></LIST></SIDEGOALS><MAINGOALS><LIST></LIST></MAINGOALS><USERACTIONS>0</USERACTIONS><PROOFSTEPS>0</PROOFSTEPS><PROVED><F/></PROVED><PROOFEXISTS><F/></PROOFEXISTS><PROOFFILENAME>FINDDUPSND-proof</PROOFFILENAME><LEMMAPROOFBAG><DUMMY/></LEMMAPROOFBAG><SAVETREE><F/></SAVETREE><INFOFILENAME>FINDDUPSND-proof-info</INFOFILENAME><LEMMAPROOFINFOBAG><DUMMY/></LEMMAPROOFINFOBAG><SAVEINFOS><F/></SAVEINFOS><EXTRALEMMAINFO><EXTRALINFOLIST><THEEXTRALINFOLIST><LIST></LIST></THEEXTRALINFOLIST></EXTRALINFOLIST></EXTRALEMMAINFO><PRECHARTS><LIST></LIST></PRECHARTS><EXTRALISLOT2><LIST></LIST></EXTRALISLOT2></LEMMAINFO></LE><LE><LEMMAINFO><LEMMANAME>challenge3</LEMMANAME><LEMMAGOAL><SEQGOAL><GOALSEQ><SEQ>∃ m, n, m0, n0. ar[m] = ar[n] ∧ m ≠ n ∧ m &lt; # ar ∧ n &lt; # ar ∧ ar[m0] = ar[n0] ∧ m0 ≠ n0 ∧ m0 &lt; # ar ∧ n0 &lt; # ar ∧ ar[m] ≠ ar[m0]
⊦ 
⦉FINDDUP#(ar; m0, n0)⦊ 
    ⦉FINDDUPSND#(ar, ar[m0]; m1, n1)⦊ 
        (ar[m0] = ar[n0] ∧ m0 ≠ n0 ∧ m0 &lt; # ar ∧ n0 &lt; # ar ∧ ar[m1] = ar[n1] ∧ m1 ≠ n1 ∧ m1 &lt; # ar ∧ n1 &lt; # ar ∧ ar[m0] ≠ ar[m1])</SEQ></GOALSEQ></SEQGOAL></LEMMAGOAL><LEMMATYPE><USERLEMMA/></LEMMATYPE><VALIDITY><LIST></LIST></VALIDITY><USEDLEMMAS><LIST><LE>challenge3b</LE><LE>challenge3a</LE></LIST></USEDLEMMAS><SIDEGOALS><LIST></LIST></SIDEGOALS><MAINGOALS><LIST></LIST></MAINGOALS><USERACTIONS>4</USERACTIONS><PROOFSTEPS>12</PROOFSTEPS><PROVED><T/></PROVED><PROOFEXISTS><T/></PROOFEXISTS><PROOFFILENAME>challenge3-proof</PROOFFILENAME><LEMMAPROOFBAG><DUMMY/></LEMMAPROOFBAG><SAVETREE><F/></SAVETREE><INFOFILENAME>challenge3-proof-info</INFOFILENAME><LEMMAPROOFINFOBAG><DUMMY/></LEMMAPROOFINFOBAG><SAVEINFOS><F/></SAVEINFOS><EXTRALEMMAINFO><EXTRALINFOLIST><THEEXTRALINFOLIST><LIST></LIST></THEEXTRALINFOLIST></EXTRALINFOLIST></EXTRALEMMAINFO><PRECHARTS><LIST></LIST></PRECHARTS><EXTRALISLOT2><LIST></LIST></EXTRALISLOT2></LEMMAINFO></LE><LE><LEMMAINFO><LEMMANAME>challenge3a</LEMMANAME><LEMMAGOAL><SEQGOAL><GOALSEQ><SEQ>∃ m, n. ar[m] = ar[n] ∧ m ≠ n ∧ m &lt; # ar ∧ n &lt; # ar ⊦ ⦉FINDDUP#(ar; m0, n0)⦊ (ar[m0] = ar[n0] ∧ m0 ≠ n0 ∧ m0 &lt; # ar ∧ n0 &lt; # ar)</SEQ></GOALSEQ></SEQGOAL></LEMMAGOAL><LEMMATYPE><USERLEMMA/></LEMMATYPE><VALIDITY><LIST></LIST></VALIDITY><USEDLEMMAS><LIST><LE>FINDDUP</LE></LIST></USEDLEMMAS><SIDEGOALS><LIST></LIST></SIDEGOALS><MAINGOALS><LIST></LIST></MAINGOALS><USERACTIONS>19</USERACTIONS><PROOFSTEPS>59</PROOFSTEPS><PROVED><T/></PROVED><PROOFEXISTS><T/></PROOFEXISTS><PROOFFILENAME>challenge3a-proof</PROOFFILENAME><LEMMAPROOFBAG><DUMMY/></LEMMAPROOFBAG><SAVETREE><F/></SAVETREE><INFOFILENAME>challenge3a-proof-info</INFOFILENAME><LEMMAPROOFINFOBAG><DUMMY/></LEMMAPROOFINFOBAG><SAVEINFOS><F/></SAVEINFOS><EXTRALEMMAINFO><EXTRALINFOLIST><THEEXTRALINFOLIST><LIST></LIST></THEEXTRALINFOLIST></EXTRALINFOLIST></EXTRALEMMAINFO><PRECHARTS><LIST></LIST></PRECHARTS><EXTRALISLOT2><LIST></LIST></EXTRALISLOT2></LEMMAINFO></LE><LE><LEMMAINFO><LEMMANAME>challenge3b</LEMMANAME><LEMMAGOAL><SEQGOAL><GOALSEQ><SEQ>∃ m, n. ar[m] = ar[n] ∧ m ≠ n ∧ m &lt; # ar ∧ n &lt; # ar ∧ ar[m] ≠ a
⊦ 
⦉FINDDUPSND#(ar, a; m0, n0)⦊ (ar[m0] = ar[n0] ∧ ar[m0] ≠ a ∧ m0 ≠ n0 ∧ m0 &lt; # ar ∧ n0 &lt; # ar)</SEQ></GOALSEQ></SEQGOAL></LEMMAGOAL><LEMMATYPE><USERLEMMA/></LEMMATYPE><VALIDITY><LIST></LIST></VALIDITY><USEDLEMMAS><LIST><LE>FINDDUPSND</LE></LIST></USEDLEMMAS><SIDEGOALS><LIST></LIST></SIDEGOALS><MAINGOALS><LIST></LIST></MAINGOALS><USERACTIONS>19</USERACTIONS><PROOFSTEPS>58</PROOFSTEPS><PROVED><T/></PROVED><PROOFEXISTS><T/></PROOFEXISTS><PROOFFILENAME>challenge3b-proof</PROOFFILENAME><LEMMAPROOFBAG><DUMMY/></LEMMAPROOFBAG><SAVETREE><F/></SAVETREE><INFOFILENAME>challenge3b-proof-info</INFOFILENAME><LEMMAPROOFINFOBAG><DUMMY/></LEMMAPROOFINFOBAG><SAVEINFOS><F/></SAVEINFOS><EXTRALEMMAINFO><EXTRALINFOLIST><THEEXTRALINFOLIST><LIST></LIST></THEEXTRALINFOLIST></EXTRALINFOLIST></EXTRALEMMAINFO><PRECHARTS><LIST></LIST></PRECHARTS><EXTRALISLOT2><LIST></LIST></EXTRALISLOT2></LEMMAINFO></LE></LIST></THELEMMAS><EXTRALEMMABASE><EXTRALEMMABASELIST><EXTRALEMMABASELIST><LIST><LE><SPECHEUINFO><PRDSLOT><LIST></LIST></PRDSLOT><SIZESLOT><LIST></LIST></SIZESLOT><CONSTRSLOT><LIST></LIST></CONSTRSLOT><DONOTUSE>0</DONOTUSE></SPECHEUINFO></LE></LIST></EXTRALEMMABASELIST></EXTRALEMMABASELIST></EXTRALEMMABASE><THEFTS><LIST></LIST></THEFTS><EXTRALBSLOT2><LIST></LIST></EXTRALBSLOT2></LEMMABASE>