<?xml version="1.0" encoding="UTF-8"?>
<?xml-stylesheet type="text/xsl" href="../../../lemmasummary.xsl"?>
<LEMMASUMMARY name="Specification finddup"><STATUS><T/></STATUS><NUMAXIOMS>2</NUMAXIOMS><SEPT2>3</SEPT2><NUMPROVED>3</NUMPROVED><NUMPARTIAL>0</NUMPARTIAL><NUMUNPROVED>0</NUMUNPROVED><NUMINVALID>0</NUMINVALID><NUMSIGINVALID>0</NUMSIGINVALID><NUMPROOFSTEPS>129</NUMPROOFSTEPS><NUMINTERACTIONS>42</NUMINTERACTIONS><LEMMATABLE><ROW><LEMMAINFO state="axiom"><LEMMANAME>FINDDUP</LEMMANAME><LEMMATYPE><AXIOMLEMMA/></LEMMATYPE><USEDLEMMAS><LIST></LIST></USEDLEMMAS><SIDEGOALS><LIST></LIST></SIDEGOALS><MAINGOALS><LIST></LIST></MAINGOALS><USERACTIONS>0</USERACTIONS><PROOFSTEPS>0</PROOFSTEPS><PROVED><F/></PROVED><PROOFEXISTS><F/></PROOFEXISTS><PROOFFILENAME>FINDDUP-proof</PROOFFILENAME><LEMMAPROOFBAG><DUMMY/></LEMMAPROOFBAG><SAVETREE><F/></SAVETREE><INFOFILENAME>FINDDUP-proof-info</INFOFILENAME><LEMMAPROOFINFOBAG><DUMMY/></LEMMAPROOFINFOBAG><SAVEINFOS><F/></SAVEINFOS><PRECHARTS><LIST></LIST></PRECHARTS><EXTRALISLOT2><LIST></LIST></EXTRALISLOT2></LEMMAINFO><LEMMAINFO state="proved"><LEMMANAME>challenge3</LEMMANAME><LEMMATYPE><USERLEMMA/></LEMMATYPE><USEDLEMMAS><LIST><LE>challenge3b</LE><LE>challenge3a</LE></LIST></USEDLEMMAS><SIDEGOALS><LIST></LIST></SIDEGOALS><MAINGOALS><LIST></LIST></MAINGOALS><USERACTIONS>4</USERACTIONS><PROOFSTEPS>12</PROOFSTEPS><PROVED><T/></PROVED><PROOFEXISTS><T/></PROOFEXISTS><PROOFFILENAME>challenge3-proof</PROOFFILENAME><LEMMAPROOFBAG><DUMMY/></LEMMAPROOFBAG><SAVETREE><F/></SAVETREE><INFOFILENAME>challenge3-proof-info</INFOFILENAME><LEMMAPROOFINFOBAG><DUMMY/></LEMMAPROOFINFOBAG><SAVEINFOS><F/></SAVEINFOS><PRECHARTS><LIST></LIST></PRECHARTS><EXTRALISLOT2><LIST></LIST></EXTRALISLOT2></LEMMAINFO><LEMMAINFO state="proved"><LEMMANAME>challenge3b</LEMMANAME><LEMMATYPE><USERLEMMA/></LEMMATYPE><USEDLEMMAS><LIST><LE>FINDDUPSND</LE></LIST></USEDLEMMAS><SIDEGOALS><LIST></LIST></SIDEGOALS><MAINGOALS><LIST></LIST></MAINGOALS><USERACTIONS>19</USERACTIONS><PROOFSTEPS>58</PROOFSTEPS><PROVED><T/></PROVED><PROOFEXISTS><T/></PROOFEXISTS><PROOFFILENAME>challenge3b-proof</PROOFFILENAME><LEMMAPROOFBAG><DUMMY/></LEMMAPROOFBAG><SAVETREE><F/></SAVETREE><INFOFILENAME>challenge3b-proof-info</INFOFILENAME><LEMMAPROOFINFOBAG><DUMMY/></LEMMAPROOFINFOBAG><SAVEINFOS><F/></SAVEINFOS><PRECHARTS><LIST></LIST></PRECHARTS><EXTRALISLOT2><LIST></LIST></EXTRALISLOT2></LEMMAINFO></ROW><ROW><LEMMAINFO state="axiom"><LEMMANAME>FINDDUPSND</LEMMANAME><LEMMATYPE><AXIOMLEMMA/></LEMMATYPE><USEDLEMMAS><LIST></LIST></USEDLEMMAS><SIDEGOALS><LIST></LIST></SIDEGOALS><MAINGOALS><LIST></LIST></MAINGOALS><USERACTIONS>0</USERACTIONS><PROOFSTEPS>0</PROOFSTEPS><PROVED><F/></PROVED><PROOFEXISTS><F/></PROOFEXISTS><PROOFFILENAME>FINDDUPSND-proof</PROOFFILENAME><LEMMAPROOFBAG><DUMMY/></LEMMAPROOFBAG><SAVETREE><F/></SAVETREE><INFOFILENAME>FINDDUPSND-proof-info</INFOFILENAME><LEMMAPROOFINFOBAG><DUMMY/></LEMMAPROOFINFOBAG><SAVEINFOS><F/></SAVEINFOS><PRECHARTS><LIST></LIST></PRECHARTS><EXTRALISLOT2><LIST></LIST></EXTRALISLOT2></LEMMAINFO><LEMMAINFO state="proved"><LEMMANAME>challenge3a</LEMMANAME><LEMMATYPE><USERLEMMA/></LEMMATYPE><USEDLEMMAS><LIST><LE>FINDDUP</LE></LIST></USEDLEMMAS><SIDEGOALS><LIST></LIST></SIDEGOALS><MAINGOALS><LIST></LIST></MAINGOALS><USERACTIONS>19</USERACTIONS><PROOFSTEPS>59</PROOFSTEPS><PROVED><T/></PROVED><PROOFEXISTS><T/></PROOFEXISTS><PROOFFILENAME>challenge3a-proof</PROOFFILENAME><LEMMAPROOFBAG><DUMMY/></LEMMAPROOFBAG><SAVETREE><F/></SAVETREE><INFOFILENAME>challenge3a-proof-info</INFOFILENAME><LEMMAPROOFINFOBAG><DUMMY/></LEMMAPROOFINFOBAG><SAVEINFOS><F/></SAVEINFOS><PRECHARTS><LIST></LIST></PRECHARTS><EXTRALISLOT2><LIST></LIST></EXTRALISLOT2></LEMMAINFO></ROW></LEMMATABLE></LEMMASUMMARY>