<?xml version="1.0" encoding="UTF-8"?>
<?xml-stylesheet type="text/xsl" href="../../../../proofnode.xsl"?>
<PROOFNODE proofname="challenge3b" previous="16"><NUM>15</NUM><TYPE>step</TYPE><INFO>User applied rule while exit right</INFO><SEQ>m2 = m0, # ar = n, ¬ bv0, ar1 = ar, a1 = a, ar[m] = ar[n0], m ≠ n0, ar[n0] ≠ a, m0 &lt; # ar, m &lt; # ar, n0 &lt; # ar, 
∀ n0. m0 &lt; n0 ∧ n0 &lt; # ar → ar[n0] ≠ ar[m0] ∨ ar[n0] = a, ∀ m1. m1 &lt; m0 → (∀ n. m1 &lt; n ∧ n &lt; # ar → ar[m1] ≠ ar[n] ∨ ar[m1] = a)
⊦ 
⦉while n &lt; # ar1 ∧ ¬ bv0 do if ar1[m2] = ar1[n] ∧ ar1[m2] ≠ a1
                            then m1 := m2, n2 := n, bv0 := true
                            else n := n + 1⦊ 
    ⦉m2 := m2 + 1⦊ 
        (  (bv0
           ⊃ (ar[m1] = ar[n2] ∧ ar[m1] ≠ a ∧ m1 ≠ n2 ∧ m1 &lt; # ar ∧ n2 &lt; # ar)
           ; (∀ m1. m1 &lt; m2 → (∀ n. m1 &lt; n ∧ n &lt; # ar → ar[m1] ≠ ar[n] ∨ ar[m1] = a))
           )
         ∧ m2 ≤ # ar ∧ (∃ m, n. ar1[m] = ar1[n] ∧ ar[m] ≠ a1 ∧ m ≠ n ∧ m &lt; # ar1 ∧ n &lt; # ar1) ∧ ¬ m2 ≤ m0)</SEQ><NEWGOALS><LIST><LE><PAIR><FST>14</FST><SND><SEQ>m2 = m0, # ar = n, ¬ bv0, ar1 = ar, a1 = a, ar[m] = ar[n0], m ≠ n0, ar[n0] ≠ a, m0 &lt; # ar, m &lt; # ar, n0 &lt; # ar, 
∀ n0. m0 &lt; n0 ∧ n0 &lt; # ar → ar[n0] ≠ ar[m0] ∨ ar[n0] = a, ∀ m1. m1 &lt; m0 → (∀ n. m1 &lt; n ∧ n &lt; # ar → ar[m1] ≠ ar[n] ∨ ar[m1] = a)
⊦ 
⦉m2 := m2 + 1⦊ 
    (  (bv0
       ⊃ (ar[m1] = ar[n2] ∧ ar[m1] ≠ a ∧ m1 ≠ n2 ∧ m1 &lt; # ar ∧ n2 &lt; # ar)
       ; (∀ m1. m1 &lt; m2 → (∀ n. m1 &lt; n ∧ n &lt; # ar → ar[m1] ≠ ar[n] ∨ ar[m1] = a))
       )
     ∧ m2 ≤ # ar ∧ (∃ m, n. ar1[m] = ar1[n] ∧ ar[m] ≠ a1 ∧ m ≠ n ∧ m &lt; # ar1 ∧ n &lt; # ar1) ∧ ¬ m2 ≤ m0)</SEQ></SND></PAIR></LE></LIST></NEWGOALS><RULEARGS>[emptyarg]</RULEARGS><EXTRAS>[[CONCRETESIMPRULES : ([CSIMPSEQ :  ⊦ ¬ n &lt; n])]]</EXTRAS></PROOFNODE>