<?xml version="1.0" encoding="UTF-8"?>
<?xml-stylesheet type="text/xsl" href="../../../../proofnode.xsl"?>
<PROOFNODE proofname="challenge3b" previous="3"><NUM>2</NUM><TYPE>step</TYPE><INFO>Heuristic quantifier closing applied rule all left</INFO><SEQ>ar[m] = ar[n], n &lt; # ar, m &lt; # ar, ∀ m0, n0. ar[m0] ≠ ar[n0] ∨ ar[m0] = a ∨ m0 = n0 ∨ ¬ m0 &lt; # ar ∨ ¬ n0 &lt; # ar ⊦ ar[n] = a, m = n</SEQ><NEWGOALS><LIST></LIST></NEWGOALS><RULEARGS>[EXRARG : pos: left 4, [QUANTTERMLIST : (n, m)]]</RULEARGS><EXTRAS>[[CONCRETESIMPRULES : ()], [EXTRATERMS : (n, m)]]</EXTRAS></PROOFNODE>