<?xml version="1.0" encoding="UTF-8"?>
<?xml-stylesheet type="text/xsl" href="../../../../proofnode.xsl"?>
<PROOFNODE proofname="challenge3b" previous="28"><NUM>24</NUM><TYPE>step</TYPE><INFO>Heuristic simplifier applied rule simplifier</INFO><SEQ>m2 = m0, n1 = n + 1, ar[m] = ar[n0], # ar = (n5 + 1) + n, a1 = a, ar1 = ar, ¬ bv0, m ≠ n0, ar[n0] ≠ a, m0 &lt; n5 + n, m ≤ n5 + n, n0 ≤ n5 + n, m0 &lt; # ar, 
m0 &lt; n, m &lt; # ar, n0 &lt; # ar, n &lt; # ar, ∀ n0. m0 &lt; n0 ∧ n0 &lt; n → ar[n0] ≠ ar[m0] ∨ ar[n0] = a, 
∀ m1. m1 &lt; m0 → (∀ n. m1 &lt; n ∧ n &lt; # ar → ar[m1] ≠ ar[n] ∨ ar[m1] = a), ¬ (ar[m0] = ar[n] ∧ ar[m0] ≠ a), 
¬ m0 &lt; n1 ∨ ¬ n1 ≤ # ar ∨ ¬ (m0 &lt; n3 ∧ n3 &lt; n1 → ar[n3] ≠ ar[m0] ∨ ar[n3] = a)
⊦ 
⦉while n1 &lt; # ar1 ∧ ¬ bv0 do if ar1[m2] = ar1[n1] ∧ ar1[m2] ≠ a1
                             then m1 := m2, n2 := n1, bv0 := true
                             else n1 := n1 + 1⦊ 
    ⦉m2 := m2 + 1⦊ 
        (  (bv0
           ⊃ (ar[m1] = ar[n2] ∧ ar[m1] ≠ a ∧ m1 ≠ n2 ∧ m1 &lt; # ar ∧ n2 &lt; # ar)
           ; (∀ m1. m1 &lt; m2 → (∀ n. m1 &lt; n ∧ n &lt; # ar → ar[m1] ≠ ar[n] ∨ ar[m1] = a))
           )
         ∧ m2 ≤ # ar ∧ (∃ m, n. ar1[m] = ar1[n] ∧ ar[m] ≠ a1 ∧ m ≠ n ∧ m &lt; # ar1 ∧ n &lt; # ar1) ∧ ¬ m2 ≤ m0)</SEQ><NEWGOALS><LIST><LE><PAIR><FST>23</FST><SND><SEQ>n1 = n + 1, ¬ bv0, ar[m] = ar[n0], # ar = (n5 + 1) + n, a1 = a, ar1 = ar, ar[n3] = ar[m0], m2 = m0, m ≠ n0, ar[n0] ≠ a, ar[m0] ≠ a, ar[m0] ≠ ar[n], 
m ≤ n5 + n, n0 ≤ n5 + n, m0 &lt; # ar, m &lt; # ar, n0 &lt; # ar, n &lt; # ar, n3 ≤ n, m0 &lt; n3, m0 &lt; n, n3 &lt; # ar, n3 ≤ n5 + n, m0 &lt; n5 + n, 
∀ n0. m0 &lt; n0 ∧ n0 &lt; n → ar[n0] ≠ ar[m0] ∨ ar[n0] = a, ∀ m1. m1 &lt; m0 → (∀ n. m1 &lt; n ∧ n &lt; # ar → ar[m1] ≠ ar[n] ∨ ar[m1] = a)
⊦ 
⦉while n1 &lt; # ar1 ∧ ¬ bv0 do if ar1[m2] = ar1[n1] ∧ ar1[m2] ≠ a1
                             then m1 := m2, n2 := n1, bv0 := true
                             else n1 := n1 + 1⦊ 
    ⦉m2 := m2 + 1⦊ 
        (  (bv0
           ⊃ (ar[m1] = ar[n2] ∧ ar[m1] ≠ a ∧ m1 ≠ n2 ∧ m1 &lt; # ar ∧ n2 &lt; # ar)
           ; (∀ m1. m1 &lt; m2 → (∀ n. m1 &lt; n ∧ n &lt; # ar → ar[m1] ≠ ar[n] ∨ ar[m1] = a))
           )
         ∧ m2 ≤ # ar ∧ (∃ m, n. ar1[m] = ar1[n] ∧ ar[m] ≠ a1 ∧ m ≠ n ∧ m &lt; # ar1 ∧ n &lt; # ar1) ∧ ¬ m2 ≤ m0)</SEQ></SND></PAIR></LE></LIST></NEWGOALS><RULEARGS>[emptyarg]</RULEARGS><EXTRAS>[[CONCRETESIMPRULES : ([CSIMPFORWARD :  ⊦ m &lt; n ∧ n = n0 → m &lt; n0], 
                       [CSIMPSEQ :  ⊦ m &lt; n → n ≠ 0], 
                       [CSIMPFORWARD :  ⊦ m &lt; n → n ≠ 0], 
                       [CSIMPFORWARD :  ⊦ m &lt; n ∧ m = n0 → n0 &lt; n], 
                       [CSIMPFORWARD :  ⊦ m &lt; n ∧ n ≤ n0 → m &lt; n0], 
                       [CSIMPFORWARD :  ⊦ m ≤ n ∧ n &lt; n0 → m &lt; n0], 
                       [CSIMPSEQ :  ⊦ m &lt; n → (n ≤ m ↔ false)], 
                       [CSIMPSEQ :  ⊦ ¬ m &lt; n ↔ n ≤ m], 
                       [CSIMPSEQ :  ⊦ m + 1 ≤ n ↔ m &lt; n], 
                       [CSIMPSEQ :  ⊦ m + n = n + m], 
                       [CSIMPSEQ :  ⊦ (m + n0) + n1 = m + n0 + n1], 
                       [CSIMPSEQ :  ⊦ m &lt; n → ¬ n &lt; m], 
                       [CSIMPSEQ :  ⊦ m &lt; n + 1 ↔ ¬ n &lt; m])]]</EXTRAS></PROOFNODE>