<?xml version="1.0" encoding="UTF-8"?>
<?xml-stylesheet type="text/xsl" href="../../../../proofnode.xsl"?>
<PROOFNODE proofname="challenge3b" previous="26"><NUM>25</NUM><TYPE>step</TYPE><INFO>Heuristic simplifier applied rule simplifier</INFO><SEQ>⦉while n1 &lt; # ar2 ∧ ¬ bv1 do if ar2[m4] = ar2[n1] ∧ ar2[m4] ≠ a2
                             then m3 := m4, n3 := n1, bv1 := true
                             else n1 := n1 + 1⦊ 
    ⦉m4 := m4 + 1⦊ 
        (  (bv1
           ⊃ (ar[m3] = ar[n3] ∧ ar[m3] ≠ a ∧ m3 ≠ n3 ∧ m3 &lt; # ar ∧ n3 &lt; # ar)
           ; (∀ m1. m1 &lt; m4 → (∀ n. m1 &lt; n ∧ n &lt; # ar → ar[m1] ≠ ar[n] ∨ ar[m1] = a))
           )
         ∧ m4 ≤ # ar ∧ (∃ m, n. ar2[m] = ar2[n] ∧ ar[m] ≠ a2 ∧ m ≠ n ∧ m &lt; # ar2 ∧ n &lt; # ar2) ∧ ¬ m4 ≤ m0), 
m2 = m0, n1 = n + 1, ar[m] = ar[n0], # ar = (n5 + 1) + n, a1 = a, ar1 = ar, ¬ bv0, m ≠ n0, ar[n0] ≠ a, m0 &lt; n5 + n, m ≤ n5 + n, n0 ≤ n5 + n, m0 &lt; # ar, 
m0 &lt; n, m &lt; # ar, n0 &lt; # ar, n &lt; # ar, ∀ n0. m0 &lt; n0 ∧ n0 &lt; n → ar[n0] ≠ ar[m0] ∨ ar[n0] = a, 
∀ m1. m1 &lt; m0 → (∀ n. m1 &lt; n ∧ n &lt; # ar → ar[m1] ≠ ar[n] ∨ ar[m1] = a), ¬ (ar[m0] = ar[n] ∧ ar[m0] ≠ a), m4 = m0 ∧ (bv1 ↔ false) ∧ ar2 = ar ∧ a2 = a, 
n3 = n2 ∧ m3 = m1
⊦ 
⦉while n1 &lt; # ar1 ∧ ¬ bv0 do if ar1[m2] = ar1[n1] ∧ ar1[m2] ≠ a1
                             then m1 := m2, n2 := n1, bv0 := true
                             else n1 := n1 + 1⦊ 
    ⦉m2 := m2 + 1⦊ 
        (  (bv0
           ⊃ (ar[m1] = ar[n2] ∧ ar[m1] ≠ a ∧ m1 ≠ n2 ∧ m1 &lt; # ar ∧ n2 &lt; # ar)
           ; (∀ m1. m1 &lt; m2 → (∀ n. m1 &lt; n ∧ n &lt; # ar → ar[m1] ≠ ar[n] ∨ ar[m1] = a))
           )
         ∧ m2 ≤ # ar ∧ (∃ m, n. ar1[m] = ar1[n] ∧ ar[m] ≠ a1 ∧ m ≠ n ∧ m &lt; # ar1 ∧ n &lt; # ar1) ∧ ¬ m2 ≤ m0)</SEQ><NEWGOALS><LIST></LIST></NEWGOALS><RULEARGS>[emptyarg]</RULEARGS><EXTRAS>[[CONCRETESIMPRULES : ()]]</EXTRAS></PROOFNODE>