<?xml version="1.0" encoding="UTF-8"?>
<?xml-stylesheet type="text/xsl" href="../../../../proofnode.xsl"?>
<PROOFNODE proofname="challenge3b" previous="55"><NUM>3</NUM><TYPE>step</TYPE><INFO>Heuristic simplifier applied rule simplifier</INFO><SEQ>¬ bv0, ar[m] = ar[n], ar1 = ar, a1 = a, m2 = 0, m ≠ n, ar[n] ≠ a, n &lt; # ar, m &lt; # ar, 
  (bv0
  ⊃ (ar1[m1] ≠ ar1[n2] ∨ ar[m1] = a1 ∨ m1 = n2 ∨ ¬ m1 &lt; # ar1 ∨ ¬ n2 &lt; # ar1)
  ; (∃ m1. ¬ (m1 &lt; m2 → (∀ n. m1 &lt; n ∧ n &lt; # ar1 → ar1[m1] ≠ ar1[n] ∨ ar[m1] = a1)))
  )
∨ ¬ m2 ≤ # ar1 ∨ ar1 ≠ ar ∨ a1 ≠ a ∨ (∀ m, n. ¬ (ar1[m] = ar1[n] ∧ ar[m] ≠ a1 ∧ m ≠ n ∧ m &lt; # ar1 ∧ n &lt; # ar1))
⊦ 
</SEQ><NEWGOALS><LIST><LE><PAIR><FST>2</FST><SND><SEQ>ar[m] = ar[n], n &lt; # ar, m &lt; # ar, ∀ m0, n0. ar[m0] ≠ ar[n0] ∨ ar[m0] = a ∨ m0 = n0 ∨ ¬ m0 &lt; # ar ∨ ¬ n0 &lt; # ar ⊦ ar[n] = a, m = n</SEQ></SND></PAIR></LE></LIST></NEWGOALS><RULEARGS>[emptyarg]</RULEARGS><EXTRAS>[[CONCRETESIMPRULES : ([CSIMPSEQ :  ⊦ 0 ≤ m], [CSIMPSEQ :  ⊦ ¬ m &lt; 0])]]</EXTRAS></PROOFNODE>