<?xml version="1.0" encoding="UTF-8"?>
<?xml-stylesheet type="text/xsl" href="../../../../proofnode.xsl"?>
<PROOFNODE proofname="challenge3b" previous="36"><NUM>35</NUM><TYPE>step</TYPE><INFO>User applied rule if right</INFO><SEQ>∀ n1, m5, ar2, m6, n3, a2, m7, n4. 
     m4 = # ar2 - n1 ∧ ar2[m6] = ar2[n3] ∧ ar2[n3] ≠ a2 ∧ m6 ≠ n3 ∧ n3 &lt; # ar2 ∧ m6 &lt; # ar2 ∧ m5 &lt; # ar2
   ∧ (∀ m1. m1 &lt; m5 → (∀ n. m1 &lt; n ∧ n &lt; # ar2 → ar2[m1] ≠ ar2[n] ∨ ar2[m1] = a2)) ∧ m5 &lt; n1 ∧ n1 ≤ # ar2
   ∧ (∀ n0. m5 &lt; n0 ∧ n0 &lt; n1 → ar2[n0] ≠ ar2[m5] ∨ ar2[n0] = a2)
 → ⦉m3 := m5, bv := false, ar0 := ar2, a0 := a2 ; 
    while n1 &lt; # ar0 ∧ ¬ bv do if ar0[m3] = ar0[n1] ∧ ar0[m3] ≠ a0
                               then m7 := m3, n4 := n1, bv := true
                               else n1 := n1 + 1⦊ 
       ⦉m3 := m3 + 1⦊ 
           (  (bv
              ⊃ (ar2[m7] = ar2[n4] ∧ ar2[m7] ≠ a2 ∧ m7 ≠ n4 ∧ m7 &lt; # ar2 ∧ n4 &lt; # ar2)
              ; (∀ m1. m1 &lt; m3 → (∀ n. m1 &lt; n ∧ n &lt; # ar2 → ar2[m1] ≠ ar2[n] ∨ ar2[m1] = a2))
              )
            ∧ m3 ≤ # ar2 ∧ (∃ m, n. ar0[m] = ar0[n] ∧ ar2[m] ≠ a0 ∧ m ≠ n ∧ m &lt; # ar0 ∧ n &lt; # ar0) ∧ ¬ m3 ≤ m5), 
# ar = (m4 + 1) + n, ar[m] = ar[n0], a1 = a, ar1 = ar, m2 = m0, ¬ bv0, ar[n0] ≠ a, m ≠ n0, n0 &lt; # ar, m &lt; # ar, m0 &lt; n, n ≤ # ar, m0 &lt; # ar, 
n0 ≤ m4 + n, m ≤ m4 + n, m0 ≤ m4 + n, ∀ m1. m1 &lt; m0 → (∀ n. m1 &lt; n ∧ n &lt; # ar → ar[m1] ≠ ar[n] ∨ ar[m1] = a), 
∀ n0. m0 &lt; n0 ∧ n0 &lt; n → ar[n0] ≠ ar[m0] ∨ ar[n0] = a
⊦ 
⦉if ar1[m2] = ar1[n] ∧ ar1[m2] ≠ a1
 then m1 := m2, n2 := n, bv0 := true
 else n := n + 1⦊ 
    ⦉while n &lt; # ar1 ∧ ¬ bv0 do if ar1[m2] = ar1[n] ∧ ar1[m2] ≠ a1
                                then m1 := m2, n2 := n, bv0 := true
                                else n := n + 1⦊ 
        ⦉m2 := m2 + 1⦊ 
            (  (bv0
               ⊃ (ar[m1] = ar[n2] ∧ ar[m1] ≠ a ∧ m1 ≠ n2 ∧ m1 &lt; # ar ∧ n2 &lt; # ar)
               ; (∀ m1. m1 &lt; m2 → (∀ n. m1 &lt; n ∧ n &lt; # ar → ar[m1] ≠ ar[n] ∨ ar[m1] = a))
               )
             ∧ m2 ≤ # ar ∧ (∃ m, n. ar1[m] = ar1[n] ∧ ar[m] ≠ a1 ∧ m ≠ n ∧ m &lt; # ar1 ∧ n &lt; # ar1) ∧ ¬ m2 ≤ m0)</SEQ><NEWGOALS><LIST><LE><PAIR><FST>22</FST><SND><SEQ>∀ n1, m5, ar2, m6, n3, a2, m7, n4. 
     m4 = # ar2 - n1 ∧ ar2[m6] = ar2[n3] ∧ ar2[n3] ≠ a2 ∧ m6 ≠ n3 ∧ n3 &lt; # ar2 ∧ m6 &lt; # ar2 ∧ m5 &lt; # ar2
   ∧ (∀ m1. m1 &lt; m5 → (∀ n. m1 &lt; n ∧ n &lt; # ar2 → ar2[m1] ≠ ar2[n] ∨ ar2[m1] = a2)) ∧ m5 &lt; n1 ∧ n1 ≤ # ar2
   ∧ (∀ n0. m5 &lt; n0 ∧ n0 &lt; n1 → ar2[n0] ≠ ar2[m5] ∨ ar2[n0] = a2)
 → ⦉m3 := m5, bv := false, ar0 := ar2, a0 := a2 ; 
    while n1 &lt; # ar0 ∧ ¬ bv do if ar0[m3] = ar0[n1] ∧ ar0[m3] ≠ a0
                               then m7 := m3, n4 := n1, bv := true
                               else n1 := n1 + 1⦊ 
       ⦉m3 := m3 + 1⦊ 
           (  (bv
              ⊃ (ar2[m7] = ar2[n4] ∧ ar2[m7] ≠ a2 ∧ m7 ≠ n4 ∧ m7 &lt; # ar2 ∧ n4 &lt; # ar2)
              ; (∀ m1. m1 &lt; m3 → (∀ n. m1 &lt; n ∧ n &lt; # ar2 → ar2[m1] ≠ ar2[n] ∨ ar2[m1] = a2))
              )
            ∧ m3 ≤ # ar2 ∧ (∃ m, n. ar0[m] = ar0[n] ∧ ar2[m] ≠ a0 ∧ m ≠ n ∧ m &lt; # ar0 ∧ n &lt; # ar0) ∧ ¬ m3 ≤ m5), 
# ar = (m4 + 1) + n, ar[m] = ar[n0], a1 = a, ar1 = ar, m2 = m0, ¬ bv0, ar[n0] ≠ a, m ≠ n0, n0 &lt; # ar, m &lt; # ar, m0 &lt; n, n ≤ # ar, m0 &lt; # ar, 
n0 ≤ m4 + n, m ≤ m4 + n, m0 ≤ m4 + n, ∀ m1. m1 &lt; m0 → (∀ n. m1 &lt; n ∧ n &lt; # ar → ar[m1] ≠ ar[n] ∨ ar[m1] = a), 
∀ n0. m0 &lt; n0 ∧ n0 &lt; n → ar[n0] ≠ ar[m0] ∨ ar[n0] = a, ar1[m2] = ar1[n] ∧ ar1[m2] ≠ a1
⊦ 
⦉m1 := m2, n2 := n, bv0 := true⦊ 
    ⦉while n &lt; # ar1 ∧ ¬ bv0 do if ar1[m2] = ar1[n] ∧ ar1[m2] ≠ a1
                                then m1 := m2, n2 := n, bv0 := true
                                else n := n + 1⦊ 
        ⦉m2 := m2 + 1⦊ 
            (  (bv0
               ⊃ (ar[m1] = ar[n2] ∧ ar[m1] ≠ a ∧ m1 ≠ n2 ∧ m1 &lt; # ar ∧ n2 &lt; # ar)
               ; (∀ m1. m1 &lt; m2 → (∀ n. m1 &lt; n ∧ n &lt; # ar → ar[m1] ≠ ar[n] ∨ ar[m1] = a))
               )
             ∧ m2 ≤ # ar ∧ (∃ m, n. ar1[m] = ar1[n] ∧ ar[m] ≠ a1 ∧ m ≠ n ∧ m &lt; # ar1 ∧ n &lt; # ar1) ∧ ¬ m2 ≤ m0)</SEQ></SND></PAIR></LE><LE><PAIR><FST>34</FST><SND><SEQ>∀ n1, m5, ar2, m6, n3, a2, m7, n4. 
     m4 = # ar2 - n1 ∧ ar2[m6] = ar2[n3] ∧ ar2[n3] ≠ a2 ∧ m6 ≠ n3 ∧ n3 &lt; # ar2 ∧ m6 &lt; # ar2 ∧ m5 &lt; # ar2
   ∧ (∀ m1. m1 &lt; m5 → (∀ n. m1 &lt; n ∧ n &lt; # ar2 → ar2[m1] ≠ ar2[n] ∨ ar2[m1] = a2)) ∧ m5 &lt; n1 ∧ n1 ≤ # ar2
   ∧ (∀ n0. m5 &lt; n0 ∧ n0 &lt; n1 → ar2[n0] ≠ ar2[m5] ∨ ar2[n0] = a2)
 → ⦉m3 := m5, bv := false, ar0 := ar2, a0 := a2 ; 
    while n1 &lt; # ar0 ∧ ¬ bv do if ar0[m3] = ar0[n1] ∧ ar0[m3] ≠ a0
                               then m7 := m3, n4 := n1, bv := true
                               else n1 := n1 + 1⦊ 
       ⦉m3 := m3 + 1⦊ 
           (  (bv
              ⊃ (ar2[m7] = ar2[n4] ∧ ar2[m7] ≠ a2 ∧ m7 ≠ n4 ∧ m7 &lt; # ar2 ∧ n4 &lt; # ar2)
              ; (∀ m1. m1 &lt; m3 → (∀ n. m1 &lt; n ∧ n &lt; # ar2 → ar2[m1] ≠ ar2[n] ∨ ar2[m1] = a2))
              )
            ∧ m3 ≤ # ar2 ∧ (∃ m, n. ar0[m] = ar0[n] ∧ ar2[m] ≠ a0 ∧ m ≠ n ∧ m &lt; # ar0 ∧ n &lt; # ar0) ∧ ¬ m3 ≤ m5), 
# ar = (m4 + 1) + n, ar[m] = ar[n0], a1 = a, ar1 = ar, m2 = m0, ¬ bv0, ar[n0] ≠ a, m ≠ n0, n0 &lt; # ar, m &lt; # ar, m0 &lt; n, n ≤ # ar, m0 &lt; # ar, 
n0 ≤ m4 + n, m ≤ m4 + n, m0 ≤ m4 + n, ∀ m1. m1 &lt; m0 → (∀ n. m1 &lt; n ∧ n &lt; # ar → ar[m1] ≠ ar[n] ∨ ar[m1] = a), 
∀ n0. m0 &lt; n0 ∧ n0 &lt; n → ar[n0] ≠ ar[m0] ∨ ar[n0] = a, ¬ (ar1[m2] = ar1[n] ∧ ar1[m2] ≠ a1)
⊦ 
⦉n := n + 1⦊ 
    ⦉while n &lt; # ar1 ∧ ¬ bv0 do if ar1[m2] = ar1[n] ∧ ar1[m2] ≠ a1
                                then m1 := m2, n2 := n, bv0 := true
                                else n := n + 1⦊ 
        ⦉m2 := m2 + 1⦊ 
            (  (bv0
               ⊃ (ar[m1] = ar[n2] ∧ ar[m1] ≠ a ∧ m1 ≠ n2 ∧ m1 &lt; # ar ∧ n2 &lt; # ar)
               ; (∀ m1. m1 &lt; m2 → (∀ n. m1 &lt; n ∧ n &lt; # ar → ar[m1] ≠ ar[n] ∨ ar[m1] = a))
               )
             ∧ m2 ≤ # ar ∧ (∃ m, n. ar1[m] = ar1[n] ∧ ar[m] ≠ a1 ∧ m ≠ n ∧ m &lt; # ar1 ∧ n &lt; # ar1) ∧ ¬ m2 ≤ m0)</SEQ></SND></PAIR></LE></LIST></NEWGOALS><RULEARGS>[fmapos-arg: pos: right 1]</RULEARGS><EXTRAS>[[CONCRETESIMPRULES : ()]]</EXTRAS></PROOFNODE>