<?xml version="1.0" encoding="UTF-8"?>
<?xml-stylesheet type="text/xsl" href="../../../../proofnode.xsl"?>
<PROOFNODE proofname="challenge3b" previous="5"><NUM>4</NUM><TYPE>step</TYPE><INFO>Heuristic quantifier closing applied rule all left</INFO><SEQ>ar[m0] = ar[n], ar[m] = ar[n0], m0 &lt; n, n &lt; # ar, m0 &lt; # ar, m &lt; # ar, n0 &lt; # ar, m0 + 1 &lt; # ar, 
∀ n0. m0 &lt; n0 ∧ n0 &lt; # ar → ar[n0] ≠ ar[n] ∨ ar[n0] = a, ∀ m1. m1 &lt; m0 → (∀ n. m1 &lt; n ∧ n &lt; # ar → ar[m1] ≠ ar[n] ∨ ar[m1] = a)
⊦ 
ar[n0] = a, m = n0, ar[n] = a</SEQ><NEWGOALS><LIST></LIST></NEWGOALS><RULEARGS>[EXRARG : pos: left 9, [QUANTTERMLIST : (n)]]</RULEARGS><EXTRAS>[[CONCRETESIMPRULES : ()], [EXTRATERMS : (n)]]</EXTRAS></PROOFNODE>