<?xml version="1.0" encoding="UTF-8"?>
<?xml-stylesheet type="text/xsl" href="../../../../proofnode.xsl"?>
<PROOFNODE proofname="challenge3b" previous="41"><NUM>40</NUM><TYPE>step</TYPE><INFO>User applied rule structural induction</INFO><SEQ>m2 = m0, ar[m] = ar[n0], ¬ bv0, ar1 = ar, a1 = a, ar[n0] ≠ a, m ≠ n0, n0 &lt; # ar, m &lt; # ar, m0 &lt; # ar, 
∀ m1. m1 &lt; m0 → (∀ n. m1 &lt; n ∧ n &lt; # ar → ar[m1] ≠ ar[n] ∨ ar[m1] = a), m2 &lt; n, n ≤ # ar1, ∀ n0. m2 &lt; n0 ∧ n0 &lt; n → ar1[n0] ≠ ar1[m2] ∨ ar1[n0] = a1
⊦ 
⦉while n &lt; # ar1 ∧ ¬ bv0 do if ar1[m2] = ar1[n] ∧ ar1[m2] ≠ a1
                            then m1 := m2, n2 := n, bv0 := true
                            else n := n + 1⦊ 
    ⦉m2 := m2 + 1⦊ 
        (  (bv0
           ⊃ (ar[m1] = ar[n2] ∧ ar[m1] ≠ a ∧ m1 ≠ n2 ∧ m1 &lt; # ar ∧ n2 &lt; # ar)
           ; (∀ m1. m1 &lt; m2 → (∀ n. m1 &lt; n ∧ n &lt; # ar → ar[m1] ≠ ar[n] ∨ ar[m1] = a))
           )
         ∧ m2 ≤ # ar ∧ (∃ m, n. ar1[m] = ar1[n] ∧ ar[m] ≠ a1 ∧ m ≠ n ∧ m &lt; # ar1 ∧ n &lt; # ar1) ∧ ¬ m2 ≤ m0)</SEQ><NEWGOALS><LIST><LE><PAIR><FST>16</FST><SND><SEQ>0 = # ar1 - n, m2 = m0, ar[m] = ar[n0], ¬ bv0, ar1 = ar, a1 = a, ar[n0] ≠ a, m ≠ n0, n0 &lt; # ar, m &lt; # ar, m0 &lt; # ar, 
∀ m1. m1 &lt; m0 → (∀ n. m1 &lt; n ∧ n &lt; # ar → ar[m1] ≠ ar[n] ∨ ar[m1] = a), m2 &lt; n, n ≤ # ar1, ∀ n0. m2 &lt; n0 ∧ n0 &lt; n → ar1[n0] ≠ ar1[m2] ∨ ar1[n0] = a1
⊦ 
⦉while n &lt; # ar1 ∧ ¬ bv0 do if ar1[m2] = ar1[n] ∧ ar1[m2] ≠ a1
                            then m1 := m2, n2 := n, bv0 := true
                            else n := n + 1⦊ 
    ⦉m2 := m2 + 1⦊ 
        (  (bv0
           ⊃ (ar[m1] = ar[n2] ∧ ar[m1] ≠ a ∧ m1 ≠ n2 ∧ m1 &lt; # ar ∧ n2 &lt; # ar)
           ; (∀ m1. m1 &lt; m2 → (∀ n. m1 &lt; n ∧ n &lt; # ar → ar[m1] ≠ ar[n] ∨ ar[m1] = a))
           )
         ∧ m2 ≤ # ar ∧ (∃ m, n. ar1[m] = ar1[n] ∧ ar[m] ≠ a1 ∧ m ≠ n ∧ m &lt; # ar1 ∧ n &lt; # ar1) ∧ ¬ m2 ≤ m0)</SEQ></SND></PAIR></LE><LE><PAIR><FST>39</FST><SND><SEQ>∀ ar1, n, m2, m0, ar, m, n0, bv0, a1, a, m1, n2. 
     m4 = # ar1 - n ∧ m2 = m0 ∧ ar[m] = ar[n0] ∧ ¬ bv0 ∧ ar1 = ar ∧ a1 = a ∧ ar[n0] ≠ a ∧ m ≠ n0 ∧ n0 &lt; # ar ∧ m &lt; # ar ∧ m0 &lt; # ar
   ∧ (∀ m1. m1 &lt; m0 → (∀ n. m1 &lt; n ∧ n &lt; # ar → ar[m1] ≠ ar[n] ∨ ar[m1] = a)) ∧ m2 &lt; n ∧ n ≤ # ar1
   ∧ (∀ n0. m2 &lt; n0 ∧ n0 &lt; n → ar1[n0] ≠ ar1[m2] ∨ ar1[n0] = a1)
 → ⦉while n &lt; # ar1 ∧ ¬ bv0 do if ar1[m2] = ar1[n] ∧ ar1[m2] ≠ a1
                               then m1 := m2, n2 := n, bv0 := true
                               else n := n + 1⦊ 
       ⦉m2 := m2 + 1⦊ 
           (  (bv0
              ⊃ (ar[m1] = ar[n2] ∧ ar[m1] ≠ a ∧ m1 ≠ n2 ∧ m1 &lt; # ar ∧ n2 &lt; # ar)
              ; (∀ m1. m1 &lt; m2 → (∀ n. m1 &lt; n ∧ n &lt; # ar → ar[m1] ≠ ar[n] ∨ ar[m1] = a))
              )
            ∧ m2 ≤ # ar ∧ (∃ m, n. ar1[m] = ar1[n] ∧ ar[m] ≠ a1 ∧ m ≠ n ∧ m &lt; # ar1 ∧ n &lt; # ar1) ∧ ¬ m2 ≤ m0), 
m4 +1 = # ar1 - n, m2 = m0, ar[m] = ar[n0], ¬ bv0, ar1 = ar, a1 = a, ar[n0] ≠ a, m ≠ n0, n0 &lt; # ar, m &lt; # ar, m0 &lt; # ar, 
∀ m1. m1 &lt; m0 → (∀ n. m1 &lt; n ∧ n &lt; # ar → ar[m1] ≠ ar[n] ∨ ar[m1] = a), m2 &lt; n, n ≤ # ar1, ∀ n0. m2 &lt; n0 ∧ n0 &lt; n → ar1[n0] ≠ ar1[m2] ∨ ar1[n0] = a1
⊦ 
⦉while n &lt; # ar1 ∧ ¬ bv0 do if ar1[m2] = ar1[n] ∧ ar1[m2] ≠ a1
                            then m1 := m2, n2 := n, bv0 := true
                            else n := n + 1⦊ 
    ⦉m2 := m2 + 1⦊ 
        (  (bv0
           ⊃ (ar[m1] = ar[n2] ∧ ar[m1] ≠ a ∧ m1 ≠ n2 ∧ m1 &lt; # ar ∧ n2 &lt; # ar)
           ; (∀ m1. m1 &lt; m2 → (∀ n. m1 &lt; n ∧ n &lt; # ar → ar[m1] ≠ ar[n] ∨ ar[m1] = a))
           )
         ∧ m2 ≤ # ar ∧ (∃ m, n. ar1[m] = ar1[n] ∧ ar[m] ≠ a1 ∧ m ≠ n ∧ m &lt; # ar1 ∧ n &lt; # ar1) ∧ ¬ m2 ≤ m0)</SEQ></SND></PAIR></LE></LIST></NEWGOALS><RULEARGS>[term-arg: # ar1 - n]</RULEARGS><EXTRAS>[[CONCRETESIMPRULES : ([CSIMPGEN : nat generated by 0, +1;])]]</EXTRAS></PROOFNODE>