<?xml version="1.0" encoding="UTF-8"?>
<?xml-stylesheet type="text/xsl" href="../../../../proofnode.xsl"?>
<PROOFNODE proofname="challenge3b" previous="55"><NUM>44</NUM><TYPE>step</TYPE><INFO>Heuristic symbolic execution applied rule vardecls right</INFO><SEQ>m2 &lt; # ar1 ∧ ¬ bv0, 
bv0
⊃ (ar1[m1] = ar1[n2] ∧ ar[m1] ≠ a1 ∧ m1 ≠ n2 ∧ m1 &lt; # ar1 ∧ n2 &lt; # ar1)
; (∀ m1. m1 &lt; m2 → (∀ n. m1 &lt; n ∧ n &lt; # ar1 → ar1[m1] ≠ ar1[n] ∨ ar[m1] = a1)), 
m2 ≤ # ar1, ar1 = ar, a1 = a, ∃ m, n. ar1[m] = ar1[n] ∧ ar[m] ≠ a1 ∧ m ≠ n ∧ m &lt; # ar1 ∧ n &lt; # ar1, m2 = m0
⊦ 
⦉let n1 = m2 + 1 in while n1 &lt; # ar1 ∧ ¬ bv0 do if ar1[m2] = ar1[n1] ∧ ar1[m2] ≠ a1
                                                then m1 := m2, n2 := n1, bv0 := true
                                                else n1 := n1 + 1⦊ 
    ⦉m2 := m2 + 1⦊ 
        (  (bv0
           ⊃ (ar1[m1] = ar1[n2] ∧ ar[m1] ≠ a1 ∧ m1 ≠ n2 ∧ m1 &lt; # ar1 ∧ n2 &lt; # ar1)
           ; (∀ m1. m1 &lt; m2 → (∀ n. m1 &lt; n ∧ n &lt; # ar1 → ar1[m1] ≠ ar1[n] ∨ ar[m1] = a1))
           )
         ∧ m2 ≤ # ar1 ∧ ar1 = ar ∧ a1 = a ∧ (∃ m, n. ar1[m] = ar1[n] ∧ ar[m] ≠ a1 ∧ m ≠ n ∧ m &lt; # ar1 ∧ n &lt; # ar1) ∧ # ar - m2 &lt; # ar - m0)</SEQ><NEWGOALS><LIST><LE><PAIR><FST>43</FST><SND><SEQ>m2 &lt; # ar1 ∧ ¬ bv0, 
bv0
⊃ (ar1[m1] = ar1[n2] ∧ ar[m1] ≠ a1 ∧ m1 ≠ n2 ∧ m1 &lt; # ar1 ∧ n2 &lt; # ar1)
; (∀ m1. m1 &lt; m2 → (∀ n. m1 &lt; n ∧ n &lt; # ar1 → ar1[m1] ≠ ar1[n] ∨ ar[m1] = a1)), 
m2 ≤ # ar1, ar1 = ar, a1 = a, ∃ m, n. ar1[m] = ar1[n] ∧ ar[m] ≠ a1 ∧ m ≠ n ∧ m &lt; # ar1 ∧ n &lt; # ar1, m2 = m0, n = m2 + 1
⊦ 
⦉while n &lt; # ar1 ∧ ¬ bv0 do if ar1[m2] = ar1[n] ∧ ar1[m2] ≠ a1
                            then m1 := m2, n2 := n, bv0 := true
                            else n := n + 1⦊ 
    ⦉m2 := m2 + 1⦊ 
        (  (bv0
           ⊃ (ar1[m1] = ar1[n2] ∧ ar[m1] ≠ a1 ∧ m1 ≠ n2 ∧ m1 &lt; # ar1 ∧ n2 &lt; # ar1)
           ; (∀ m1. m1 &lt; m2 → (∀ n. m1 &lt; n ∧ n &lt; # ar1 → ar1[m1] ≠ ar1[n] ∨ ar[m1] = a1))
           )
         ∧ m2 ≤ # ar1 ∧ ar1 = ar ∧ a1 = a ∧ (∃ m, n. ar1[m] = ar1[n] ∧ ar[m] ≠ a1 ∧ m ≠ n ∧ m &lt; # ar1 ∧ n &lt; # ar1) ∧ # ar - m2 &lt; # ar - m0)</SEQ></SND></PAIR></LE></LIST></NEWGOALS><RULEARGS>[emptyarg]</RULEARGS><EXTRAS>[[CONCRETESIMPRULES : ()]]</EXTRAS></PROOFNODE>