<?xml version="1.0" encoding="UTF-8"?>
<?xml-stylesheet type="text/xsl" href="../../../../proofnode.xsl"?>
<PROOFNODE proofname="challenge3b" previous="49"><NUM>48</NUM><TYPE>step</TYPE><INFO>Heuristic simplifier applied rule simplifier</INFO><SEQ>ar[m] = ar[n], n &lt; # ar, m &lt; # ar, ∀ m1. m1 &lt; # ar → (∀ n. m1 &lt; n ∧ n &lt; # ar → ar[m1] ≠ ar[n] ∨ ar[m1] = a), 
ar[m1] ≠ ar[n2] ∨ ar[m1] = a ∨ m1 = n2 ∨ ¬ m1 &lt; # ar ∨ ¬ n2 &lt; # ar, m &lt; n ∧ n &lt; # ar → ar[m] ≠ ar[n] ∨ ar[m] = a
⊦ 
ar[n] = a, m = n</SEQ><NEWGOALS><LIST><LE><PAIR><FST>47</FST><SND><SEQ>ar[m] = ar[n], n &lt; # ar, n &lt; m, m &lt; # ar, n + 1 &lt; # ar, ar[m1] ≠ ar[n2] ∨ ar[m1] = a ∨ m1 = n2 ∨ ¬ m1 &lt; # ar ∨ ¬ n2 &lt; # ar, 
∀ m1. m1 &lt; # ar → (∀ n. m1 &lt; n ∧ n &lt; # ar → ar[m1] ≠ ar[n] ∨ ar[m1] = a)
⊦ 
ar[n] = a, m = n</SEQ></SND></PAIR></LE></LIST></NEWGOALS><RULEARGS>[emptyarg]</RULEARGS><EXTRAS>[[CONCRETESIMPRULES : ([CSIMPSEQ :  ⊦ m +1 = m + 1], 
                       [CSIMPSEQ :  ⊦ m &lt; n → n ≠ 0], 
                       [CSIMPFORWARD :  ⊦ n &lt; n0 ∧ n0 &lt; n1 → n &lt; n1], 
                       [CSIMPFORWARD :  ⊦ m &lt; n → n ≠ 0], 
                       [CSIMPFORWARD :  ⊦ m &lt; n ∧ n &lt; n0 → m +1 &lt; n0], 
                       [CSIMPSEQ :  ⊦ m ≠ n → (¬ m &lt; n ↔ n &lt; m)])]]</EXTRAS></PROOFNODE>