<?xml version="1.0" encoding="UTF-8"?>
<?xml-stylesheet type="text/xsl" href="../../../../proofnode.xsl"?>
<PROOFNODE proofname="challenge3b" previous="51"><NUM>50</NUM><TYPE>step</TYPE><INFO>Heuristic simplifier applied rule simplifier</INFO><SEQ>ar[m] = ar[n], n &lt; # ar, m &lt; # ar, m &lt; # ar → (∀ n. m &lt; n ∧ n &lt; # ar → ar[m] ≠ ar[n] ∨ ar[m] = a), 
∀ m1. m1 &lt; # ar → (∀ n. m1 &lt; n ∧ n &lt; # ar → ar[m1] ≠ ar[n] ∨ ar[m1] = a), ar[m1] ≠ ar[n2] ∨ ar[m1] = a ∨ m1 = n2 ∨ ¬ m1 &lt; # ar ∨ ¬ n2 &lt; # ar
⊦ 
ar[n] = a, m = n</SEQ><NEWGOALS><LIST><LE><PAIR><FST>49</FST><SND><SEQ>ar[m] = ar[n], n &lt; # ar, m &lt; # ar, ∀ m1. m1 &lt; # ar → (∀ n. m1 &lt; n ∧ n &lt; # ar → ar[m1] ≠ ar[n] ∨ ar[m1] = a), 
ar[m1] ≠ ar[n2] ∨ ar[m1] = a ∨ m1 = n2 ∨ ¬ m1 &lt; # ar ∨ ¬ n2 &lt; # ar, ∀ n. m &lt; n ∧ n &lt; # ar → ar[m] ≠ ar[n] ∨ ar[m] = a
⊦ 
ar[n] = a, m = n</SEQ></SND></PAIR></LE></LIST></NEWGOALS><RULEARGS>[emptyarg]</RULEARGS><EXTRAS>[[CONCRETESIMPRULES : ()]]</EXTRAS></PROOFNODE>