<?xml version="1.0" encoding="UTF-8"?>
<?xml-stylesheet type="text/xsl" href="../../../../proofnode.xsl"?>
<PROOFNODE proofname="challenge3b" previous="54"><NUM>53</NUM><TYPE>step</TYPE><INFO>User applied rule cut formula</INFO><SEQ>ar[m] = ar[n], m2 ≤ # ar, m &lt; # ar, n &lt; # ar, 
bv0 ⊃ (ar[m1] = ar[n2] ∧ ar[m1] ≠ a ∧ m1 ≠ n2 ∧ m1 &lt; # ar ∧ n2 &lt; # ar) ; (∀ m1. m1 &lt; m2 → (∀ n. m1 &lt; n ∧ n &lt; # ar → ar[m1] ≠ ar[n] ∨ ar[m1] = a)), 
ar[m1] ≠ ar[n2] ∨ ar[m1] = a ∨ m1 = n2 ∨ ¬ m1 &lt; # ar ∨ ¬ n2 &lt; # ar
⊦ 
m = n, ar[n] = a, m2 &lt; # ar ∧ ¬ bv0</SEQ><NEWGOALS><LIST><LE><PAIR><FST>52</FST><SND><SEQ>ar[m] = ar[n], m2 ≤ # ar, m &lt; # ar, n &lt; # ar, 
bv0 ⊃ (ar[m1] = ar[n2] ∧ ar[m1] ≠ a ∧ m1 ≠ n2 ∧ m1 &lt; # ar ∧ n2 &lt; # ar) ; (∀ m1. m1 &lt; m2 → (∀ n. m1 &lt; n ∧ n &lt; # ar → ar[m1] ≠ ar[n] ∨ ar[m1] = a)), 
ar[m1] ≠ ar[n2] ∨ ar[m1] = a ∨ m1 = n2 ∨ ¬ m1 &lt; # ar ∨ ¬ n2 &lt; # ar
⊦ 
bv0, m = n, ar[n] = a, m2 &lt; # ar ∧ ¬ bv0</SEQ></SND></PAIR></LE></LIST></NEWGOALS><RULEARGS>[fma-arg: bv0]</RULEARGS><EXTRAS>[[CONCRETESIMPRULES : ()], [EXTRAFMAS : (bv0)]]</EXTRAS></PROOFNODE>