<?xml version="1.0" encoding="UTF-8"?>
<?xml-stylesheet type="text/xsl" href="../../../../proofnode.xsl"?>
<PROOFNODE proofname="challenge3b" previous="55"><NUM>54</NUM><TYPE>step</TYPE><INFO>Heuristic simplifier applied rule simplifier</INFO><SEQ>¬ (m2 &lt; # ar1 ∧ ¬ bv0), 
bv0
⊃ (ar1[m1] = ar1[n2] ∧ ar[m1] ≠ a1 ∧ m1 ≠ n2 ∧ m1 &lt; # ar1 ∧ n2 &lt; # ar1)
; (∀ m1. m1 &lt; m2 → (∀ n. m1 &lt; n ∧ n &lt; # ar1 → ar1[m1] ≠ ar1[n] ∨ ar[m1] = a1)), 
m2 ≤ # ar1, ar1 = ar, a1 = a, ∃ m, n. ar1[m] = ar1[n] ∧ ar[m] ≠ a1 ∧ m ≠ n ∧ m &lt; # ar1 ∧ n &lt; # ar1, 
ar[m1] ≠ ar[n2] ∨ ar[m1] = a ∨ m1 = n2 ∨ ¬ m1 &lt; # ar ∨ ¬ n2 &lt; # ar
⊦ 
</SEQ><NEWGOALS><LIST><LE><PAIR><FST>53</FST><SND><SEQ>ar[m] = ar[n], m2 ≤ # ar, m &lt; # ar, n &lt; # ar, 
bv0 ⊃ (ar[m1] = ar[n2] ∧ ar[m1] ≠ a ∧ m1 ≠ n2 ∧ m1 &lt; # ar ∧ n2 &lt; # ar) ; (∀ m1. m1 &lt; m2 → (∀ n. m1 &lt; n ∧ n &lt; # ar → ar[m1] ≠ ar[n] ∨ ar[m1] = a)), 
ar[m1] ≠ ar[n2] ∨ ar[m1] = a ∨ m1 = n2 ∨ ¬ m1 &lt; # ar ∨ ¬ n2 &lt; # ar
⊦ 
m = n, ar[n] = a, m2 &lt; # ar ∧ ¬ bv0</SEQ></SND></PAIR></LE></LIST></NEWGOALS><RULEARGS>[emptyarg]</RULEARGS><EXTRAS>[[CONCRETESIMPRULES : ()]]</EXTRAS></PROOFNODE>