<?xml version="1.0" encoding="UTF-8"?>
<?xml-stylesheet type="text/xsl" href="../../../../proofnode.xsl"?>
<PROOFNODE proofname="challenge3b" previous="56"><NUM>55</NUM><TYPE>step</TYPE><INFO>User applied rule invariant right</INFO><SEQ>¬ bv0, ar[m] = ar[n], ar1 = ar, a1 = a, m2 = 0, m ≠ n, ar[n] ≠ a, n &lt; # ar, m &lt; # ar
⊦ 
⦉while m2 &lt; # ar1 ∧ ¬ bv0
 do { 
       let n1 = m2 + 1 in while n1 &lt; # ar1 ∧ ¬ bv0 do if ar1[m2] = ar1[n1] ∧ ar1[m2] ≠ a1
                                                      then m1 := m2, n2 := n1, bv0 := true
                                                      else n1 := n1 + 1 ; 
       m2 := m2 + 1
    }⦊ (ar[m1] = ar[n2] ∧ ar[m1] ≠ a ∧ m1 ≠ n2 ∧ m1 &lt; # ar ∧ n2 &lt; # ar)</SEQ><NEWGOALS><LIST><LE><PAIR><FST>3</FST><SND><SEQ>¬ bv0, ar[m] = ar[n], ar1 = ar, a1 = a, m2 = 0, m ≠ n, ar[n] ≠ a, n &lt; # ar, m &lt; # ar, 
  (bv0
  ⊃ (ar1[m1] ≠ ar1[n2] ∨ ar[m1] = a1 ∨ m1 = n2 ∨ ¬ m1 &lt; # ar1 ∨ ¬ n2 &lt; # ar1)
  ; (∃ m1. ¬ (m1 &lt; m2 → (∀ n. m1 &lt; n ∧ n &lt; # ar1 → ar1[m1] ≠ ar1[n] ∨ ar[m1] = a1)))
  )
∨ ¬ m2 ≤ # ar1 ∨ ar1 ≠ ar ∨ a1 ≠ a ∨ (∀ m, n. ¬ (ar1[m] = ar1[n] ∧ ar[m] ≠ a1 ∧ m ≠ n ∧ m &lt; # ar1 ∧ n &lt; # ar1))
⊦ 
</SEQ></SND></PAIR></LE><LE><PAIR><FST>44</FST><SND><SEQ>m2 &lt; # ar1 ∧ ¬ bv0, 
bv0
⊃ (ar1[m1] = ar1[n2] ∧ ar[m1] ≠ a1 ∧ m1 ≠ n2 ∧ m1 &lt; # ar1 ∧ n2 &lt; # ar1)
; (∀ m1. m1 &lt; m2 → (∀ n. m1 &lt; n ∧ n &lt; # ar1 → ar1[m1] ≠ ar1[n] ∨ ar[m1] = a1)), 
m2 ≤ # ar1, ar1 = ar, a1 = a, ∃ m, n. ar1[m] = ar1[n] ∧ ar[m] ≠ a1 ∧ m ≠ n ∧ m &lt; # ar1 ∧ n &lt; # ar1, m2 = m0
⊦ 
⦉let n1 = m2 + 1 in while n1 &lt; # ar1 ∧ ¬ bv0 do if ar1[m2] = ar1[n1] ∧ ar1[m2] ≠ a1
                                                then m1 := m2, n2 := n1, bv0 := true
                                                else n1 := n1 + 1⦊ 
    ⦉m2 := m2 + 1⦊ 
        (  (bv0
           ⊃ (ar1[m1] = ar1[n2] ∧ ar[m1] ≠ a1 ∧ m1 ≠ n2 ∧ m1 &lt; # ar1 ∧ n2 &lt; # ar1)
           ; (∀ m1. m1 &lt; m2 → (∀ n. m1 &lt; n ∧ n &lt; # ar1 → ar1[m1] ≠ ar1[n] ∨ ar[m1] = a1))
           )
         ∧ m2 ≤ # ar1 ∧ ar1 = ar ∧ a1 = a ∧ (∃ m, n. ar1[m] = ar1[n] ∧ ar[m] ≠ a1 ∧ m ≠ n ∧ m &lt; # ar1 ∧ n &lt; # ar1) ∧ # ar - m2 &lt; # ar - m0)</SEQ></SND></PAIR></LE><LE><PAIR><FST>54</FST><SND><SEQ>¬ (m2 &lt; # ar1 ∧ ¬ bv0), 
bv0
⊃ (ar1[m1] = ar1[n2] ∧ ar[m1] ≠ a1 ∧ m1 ≠ n2 ∧ m1 &lt; # ar1 ∧ n2 &lt; # ar1)
; (∀ m1. m1 &lt; m2 → (∀ n. m1 &lt; n ∧ n &lt; # ar1 → ar1[m1] ≠ ar1[n] ∨ ar[m1] = a1)), 
m2 ≤ # ar1, ar1 = ar, a1 = a, ∃ m, n. ar1[m] = ar1[n] ∧ ar[m] ≠ a1 ∧ m ≠ n ∧ m &lt; # ar1 ∧ n &lt; # ar1, 
ar[m1] ≠ ar[n2] ∨ ar[m1] = a ∨ m1 = n2 ∨ ¬ m1 &lt; # ar ∨ ¬ n2 &lt; # ar
⊦ 
</SEQ></SND></PAIR></LE></LIST></NEWGOALS><RULEARGS>[invariant-arg: # ar - m2
, (  (bv0
     ⊃ (  ar1[m1] = ar1[n2] ∧ ar[m1] ≠ a1 ∧ m1 ≠ n2 ∧ m1 &lt; # ar1
        ∧ n2 &lt; # ar1)
     ; (∀ m1. 
           m1 &lt; m2
         → (∀ n. m1 &lt; n ∧ n &lt; # ar1 → ar1[m1] ≠ ar1[n] ∨ ar[m1] = a1))
     )
   ∧ m2 ≤ # ar1 ∧ ar1 = ar ∧ a1 = a
   ∧ (∃ m, n. 
       ar1[m] = ar1[n] ∧ ar[m] ≠ a1 ∧ m ≠ n ∧ m &lt; # ar1 ∧ n &lt; # ar1))
, pos: right 1
]</RULEARGS><EXTRAS>[[CONCRETESIMPRULES : ()], 
 [EXTRAFMAS : ((  (bv0
                  ⊃ (  ar1[m1] = ar1[n2] ∧ ar[m1] ≠ a1 ∧ m1 ≠ n2
                     ∧ m1 &lt; # ar1 ∧ n2 &lt; # ar1)
                  ; (∀ m1. 
                        m1 &lt; m2
                      → (∀ n. 
                            m1 &lt; n ∧ n &lt; # ar1
                          → ar1[m1] ≠ ar1[n] ∨ ar[m1] = a1))
                  )
                ∧ m2 ≤ # ar1 ∧ ar1 = ar ∧ a1 = a
                ∧ (∃ m, n. 
                      ar1[m] = ar1[n] ∧ ar[m] ≠ a1 ∧ m ≠ n ∧ m &lt; # ar1
                    ∧ n &lt; # ar1)), 
               # ar - m2 = # ar - m2)]]</EXTRAS></PROOFNODE>