<?xml version="1.0" encoding="UTF-8"?>
<?xml-stylesheet type="text/xsl" href="../../../../proofnode.xsl"?>
<PROOFNODE proofname="challenge3b" previous="59"><NUM>58</NUM><TYPE>step</TYPE><INFO>Heuristic symbolic execution applied rule vardecls right</INFO><SEQ>∃ m, n. ar[m] = ar[n] ∧ m ≠ n ∧ m &lt; # ar ∧ n &lt; # ar ∧ ar[m] ≠ a
⊦ 
⦉let m1 = 0, bv = false
 in { 
       n := n0, m := m0, a0 := a, ar0 := ar ; 
       while m1 &lt; # ar0 ∧ ¬ bv
       do { 
             let n1 = m1 + 1 in while n1 &lt; # ar0 ∧ ¬ bv do if ar0[m1] = ar0[n1] ∧ ar0[m1] ≠ a0
                                                           then m := m1, n := n1, bv := true
                                                           else n1 := n1 + 1 ; 
             m1 := m1 + 1
          }
    }⦊ (ar[m] = ar[n] ∧ ar[m] ≠ a ∧ m ≠ n ∧ m &lt; # ar ∧ n &lt; # ar)</SEQ><NEWGOALS><LIST><LE><PAIR><FST>57</FST><SND><SEQ>∃ m, n. ar[m] = ar[n] ∧ m ≠ n ∧ m &lt; # ar ∧ n &lt; # ar ∧ ar[m] ≠ a, bv0 ↔ false, m2 = 0
⊦ 
⦉n := n0, m := m0, a0 := a, ar0 := ar⦊ 
    ⦉while m2 &lt; # ar0 ∧ ¬ bv0
     do { 
           let n1 = m2 + 1 in while n1 &lt; # ar0 ∧ ¬ bv0 do if ar0[m2] = ar0[n1] ∧ ar0[m2] ≠ a0
                                                          then m := m2, n := n1, bv0 := true
                                                          else n1 := n1 + 1 ; 
           m2 := m2 + 1
        }⦊ (ar[m] = ar[n] ∧ ar[m] ≠ a ∧ m ≠ n ∧ m &lt; # ar ∧ n &lt; # ar)</SEQ></SND></PAIR></LE></LIST></NEWGOALS><RULEARGS>[emptyarg]</RULEARGS><EXTRAS>[[CONCRETESIMPRULES : ()]]</EXTRAS></PROOFNODE>