<?xml version="1.0" encoding="UTF-8"?>
<?xml-stylesheet type="text/xsl" href="../../../../proofnode.xsl"?>
<PROOFNODE proofname="challenge3b"><NUM>59</NUM><TYPE>step</TYPE><INFO>User applied rule call right</INFO><SEQ>∃ m, n. ar[m] = ar[n] ∧ m ≠ n ∧ m &lt; # ar ∧ n &lt; # ar ∧ ar[m] ≠ a
⊦ 
⦉FINDDUPSND#(ar, a; m0, n0)⦊ (ar[m0] = ar[n0] ∧ ar[m0] ≠ a ∧ m0 ≠ n0 ∧ m0 &lt; # ar ∧ n0 &lt; # ar)</SEQ><NEWGOALS><LIST><LE><PAIR><FST>1</FST><SND><SEQ> ⊦ </SEQ></SND></PAIR></LE><LE><PAIR><FST>58</FST><SND><SEQ>∃ m, n. ar[m] = ar[n] ∧ m ≠ n ∧ m &lt; # ar ∧ n &lt; # ar ∧ ar[m] ≠ a
⊦ 
⦉let m1 = 0, bv = false
 in { 
       n := n0, m := m0, a0 := a, ar0 := ar ; 
       while m1 &lt; # ar0 ∧ ¬ bv
       do { 
             let n1 = m1 + 1 in while n1 &lt; # ar0 ∧ ¬ bv do if ar0[m1] = ar0[n1] ∧ ar0[m1] ≠ a0
                                                           then m := m1, n := n1, bv := true
                                                           else n1 := n1 + 1 ; 
             m1 := m1 + 1
          }
    }⦊ (ar[m] = ar[n] ∧ ar[m] ≠ a ∧ m ≠ n ∧ m &lt; # ar ∧ n &lt; # ar)</SEQ></SND></PAIR></LE></LIST></NEWGOALS><RULEARGS>[fmapos-arg: pos: right 1]</RULEARGS><EXTRAS>[[CONCRETESIMPRULES : ()]]</EXTRAS></PROOFNODE>