<?xml version="1.0" encoding="UTF-8"?>
<?xml-stylesheet type="text/xsl" href="../../../../proofnode.xsl"?>
<PROOFNODE proofname="challenge3b" previous="8"><NUM>7</NUM><TYPE>step</TYPE><INFO>Heuristic simplifier applied rule simplifier</INFO><SEQ>ar[m] = ar[n0], ar[m1] = ar[n], m1 ≤ m0, n0 &lt; # ar, m &lt; # ar, m0 &lt; # ar, n &lt; # ar, m1 &lt; n, m1 &lt; # ar, m1 + 1 &lt; # ar, 
m1 &lt; m0 → (∀ n. m1 &lt; n ∧ n &lt; # ar → ar[m1] ≠ ar[n] ∨ ar[m1] = a), ∀ m1. m1 &lt; m0 → (∀ n. m1 &lt; n ∧ n &lt; # ar → ar[m1] ≠ ar[n] ∨ ar[m1] = a), 
∀ n0. m0 &lt; n0 ∧ n0 &lt; # ar → ar[n0] ≠ ar[m0] ∨ ar[n0] = a
⊦ 
m1 = m0, ar[n] = a, m = n0, ar[n0] = a</SEQ><NEWGOALS><LIST><LE><PAIR><FST>6</FST><SND><SEQ>ar[m1] = ar[n], ar[m] = ar[n0], m1 &lt; m0, m1 + 1 &lt; # ar, m1 &lt; # ar, m1 &lt; n, n &lt; # ar, m0 &lt; # ar, m &lt; # ar, n0 &lt; # ar, 
∀ n. m1 &lt; n ∧ n &lt; # ar → ar[m1] ≠ ar[n] ∨ ar[m1] = a, ∀ n0. m0 &lt; n0 ∧ n0 &lt; # ar → ar[n0] ≠ ar[m0] ∨ ar[n0] = a, 
∀ m1. m1 &lt; m0 → (∀ n. m1 &lt; n ∧ n &lt; # ar → ar[m1] ≠ ar[n] ∨ ar[m1] = a)
⊦ 
ar[n0] = a, m = n0, ar[n] = a, m1 = m0</SEQ></SND></PAIR></LE></LIST></NEWGOALS><RULEARGS>[emptyarg]</RULEARGS><EXTRAS>[[CONCRETESIMPRULES : ([CSIMPSEQ :  ⊦ m &lt; n → n ≠ 0], 
                       [CSIMPFORWARD :  ⊦ m &lt; n → n ≠ 0], 
                       [CSIMPSEQ :  ⊦ m ≠ n → (m ≤ n ↔ m &lt; n)])]]</EXTRAS></PROOFNODE>